HarvestYear,ID2,Longitude,Latitude,SampleID,Crop,Comments,QCCoverage,QCFlags,CropExists,GrainMoisture,GrainProtein,GrainStarch,GrainGluten,GrainOil,GrainTestWeight,GrainCarbon,GrainNitrogen,GrainSulfur,ResidueCarbon,ResidueNitrogen,ResidueSulfur,GrainYieldWet,GrainYieldAirDry,ResidueMassWetPerArea,ResidueMassAirDryPerArea
1999,1,-117.087514,46.778729,1999_1,SW,,100,0,1,,,,,,,44.06,2.387,0.1919,44.1,0.44,0.06,229.0846457,220.8366142,339.6653543,320.7688117
1999,2,-117.0870646,46.77869163,1999_2,SW,,100,0,1,,,,,,,45.26,2.602,0.2053,43.3,0.45,0.07,251.9192913,242.7362205,414.9606299,391.4944303
1999,3,-117.086678,46.778791,1999_3,SW,,100,0,1,,,,,,,44.52,2.489,0.19,43.38,0.41,0.08,266.7814961,255.3444882,384.7440945,366.3658719
1999,4,-117.08626,46.778761,1999_4,SW,,100,0,1,,,,,,,44.64,2.432,0.18,43.41,0.29,0.06,300.1968504,289.1781496,430.019685,408.8904194
1999,5,-117.085842,46.778666,1999_5,SW,,100,0,1,,,,,,,44.27,2.599,0.1874,40.93,0.43,0.07,353.3956693,341.5206693,493.011811,466.3200888
1999,6,-117.0854188,46.77877321,1999_6,SW,,100,0,1,,,,,,,42.84,2.33,0.1761,40.46,0.38,0.06,266.5846457,256.9931102,378.0511811,358.0367068
1999,7,-117.085006,46.778632,1999_7,SW,,100,0,1,,,,,,,42.3,2.525,0.1825,40.15,0.46,0.08,315.0590551,303.6220472,371.8503937,352.922696
1999,8,-117.084588,46.778721,1999_8,SW,,100,0,1,,,,,,,41.98,2.177,0.1713,44.1,0.32,0.06,190.4035433,183.4891732,321.7027559,306.7321003
1999,9,-117.08417,46.778674,1999_9,SW,,100,0,1,,,,,,,41.32,2.357,0.1807,43.37,0.36,0.08,244.488189,235.6496063,493.8976378,467.372523
1999,10,-117.083752,46.778737,1999_10,SW,,100,0,1,,,,,,,42.07,2.424,0.1853,43.74,0.5,0.08,230.3149606,221.8848425,369.7834646,349.8208611
1999,11,-117.083334,46.778658,1999_11,SW,,100,0,1,,,,,,,41.72,2.406,0.1831,43.21,0.69,0.11,250.0492126,240.8169291,366.3385827,341.8834036
1999,12,-117.0829398,46.77873108,1999_12,SW,,100,0,1,,,,,,,42.84,2.526,0.1856,44.32,0.4,0.07,250.0492126,239.9212598,382.9232283,357.3609301
1999,13,-117.082498,46.778764,1999_13,SW,,100,0,1,,,,,,,43.61,2.559,0.1895,42.32,0.43,0.08,260.9251969,252.0816929,368.8976378,348.1730514
1999,14,-117.0816322,46.77868863,1999_14,SW,,100,0,1,,,,,,,42.47,2.064,0.1558,42.04,0.31,0.06,265.9448819,256.2795276,422.9822835,399.4013896
1999,15,-117.081244,46.778707,1999_15,SW,,100,0,1,,,,,,,43.57,2.233,0.1599,43.11,0.33,0.06,265.6988189,255.8070866,439.4685039,409.7949896
1999,16,-117.080408,46.778826,1999_16,SW,,100,0,1,,,,,,,42.15,2.234,0.1706,43.92,0.44,0.08,345.8169291,332.7854331,510.1870079,472.4107526
1999,17,-117.07999,46.778797,1999_17,SW,,100,0,1,,,,,,,42.21,2.37,0.1672,42.95,0.45,0.09,398.5728346,381.4173228,617.8641732,590.6265415
1999,18,-117.0888801,46.77895174,1999_18,SW,,100,0,1,,,,,,,41.54,2.802,0.1964,43.38,0.53,0.12,286.7125984,275.9055118,411.8110236,380.9141623
1999,19,-117.0884663,46.77882662,1999_19,SW,,100,0,1,,,,,,,42.76,2.472,0.1893,43.24,0.49,0.1,208.5629921,201.3927165,337.4015748,322.580317
1999,20,-117.088064,46.778867,1999_20,SW,,100,0,1,,,,,,,42.22,2.465,0.1808,44.23,0.43,0.08,201.4271654,194.2027559,162.2047244,154.6659741
1999,21,-117.087646,46.778842,1999_21,SW,,100,0,1,,,,,,,42.16,2.226,0.1666,42.51,0.3,0.07,276.5748031,265.4478346,302.8051181,286.5028953
1999,22,-117.087228,46.779015,1999_22,SW,,100,0,1,,,,,,,43.03,2.31,0.169,44.2,0.32,0.05,168.3562992,162.4606299,261.515748,252.215757
1999,23,-117.086831,46.77900278,1999_23,SW,,100,0,1,,,,,,,43.26,2.338,0.1771,43.35,0.48,0.07,215.3051181,207.0570866,362.3523622,326.1901809
1999,24,-117.086392,46.779077,1999_24,SW,,100,0,1,,,,,,,43.09,2.604,0.1934,43.57,0.52,0.08,241.0925197,231.8307087,368.6515748,333.6729073
1999,25,-117.085974,46.779047,1999_25,SW,,100,0,1,,,,,,,40.87,2.104,0.1582,43.56,0.47,0.08,328.6417323,316.7519685,500.6397638,457.7404201
1999,26,-117.085556,46.778952,1999_26,SW,,100,0,1,,,,,,,41.43,2.513,0.179,43.68,0.4,0.08,348.8188976,336.003937,476.9192913,435.1017334
1999,27,-117.085117,46.77906282,1999_27,SW,,100,0,1,,,,,,,41.24,2.443,0.1813,44.15,0.4,0.08,340.7480315,328.4350394,470.1279528,432.2602338
1999,28,-117.08472,46.778918,1999_28,SW,,100,0,1,,,,,,,41.84,2.582,0.1789,44.07,0.43,0.07,291.6338583,280.9055118,442.4212598,408.3888552
1999,29,-117.084302,46.779007,1999_29,SW,,100,0,1,,,,,,,41.58,2.381,0.1731,43.8,0.46,0.07,289.3208661,278.1791339,442.1259843,408.1162932
1999,30,-117.083884,46.77896,1999_30,SW,,100,0,1,,,,,,,41.25,2.558,0.1805,44.57,0.5,0.07,282.726378,272.0521654,403.1988189,374.3989033
1999,31,-117.083466,46.779023,1999_31,SW,,100,0,1,,,,,,,42.24,2.563,0.1796,44.58,0.43,0.08,303.2480315,292.1653543,434.6456693,402.6044821
1999,32,-117.083048,46.778944,1999_32,SW,,100,0,1,,,,,,,41.45,2.329,0.1709,44.55,0.33,0.07,255.019685,246.0482283,334.7440945,311.2532808
1999,33,-117.08263,46.779013,1999_33,SW,,100,0,1,,,,,,,41.73,2.94,0.203,43.51,0.56,0.08,155.5610236,150.1427165,291.9291339,271.4369852
1999,34,-117.082212,46.77905,1999_34,SW,,100,0,1,,,,,,,41.68,2.201,0.1637,43.32,0.31,0.06,272.5885827,263.0954724,391.6830709,366.4131953
1999,35,-117.081794,46.778852,1999_35,SW,,100,0,1,,,,,,,41.63,2.318,0.177,44.28,0.35,0.07,192.0275591,184.6062992,396.6043307,368.8291089
1999,36,-117.0814058,46.77900737,1999_36,SW,,100,0,1,,,,,,,,,,,,,,,,
1999,37,-117.080958,46.778993,1999_37,SW,,100,0,0,,,,,,,,,,,,,,,,
1999,38,-117.08054,46.778849,1999_38,SW,,100,0,1,,,,,,,41.22,2.1,0.1706,42.84,0.33,0.09,337.992126,325.2608268,446.5059055,414.2236841
1999,39,-117.080122,46.779112,1999_39,SW,,100,0,0,,,,,,,,,,,,,,,,
1999,40,-117.079704,46.779083,1999_40,SW,,100,0,0,,,,,,,,,,,,,,,,
1999,41,-117.079286,46.779047,1999_41,SW,,100,0,1,,,,,,,41.01,2.359,0.1755,43.27,0.49,0.1,347.5393701,337.6082677,557.726378,515.4286028
1999,42,-117.0887062,46.77911338,1999_42,SW,,100,0,1,,,,,,,41.13,2.432,0.1752,43.27,0.42,0.09,358.7598425,347.7805118,474.6555118,450.976552
1999,43,-117.088318,46.779153,1999_43,SW,,100,0,1,,,,,,,41.41,2.383,0.1741,43.39,0.34,0.07,363.976378,351.4419291,478.9370079,425.1695513
1999,44,-117.0879,46.779128,1999_44,SW,,100,0,1,,,,,,,41.43,2.341,0.1765,43.75,0.41,0.08,236.4665354,227.8297244,345.3740157,328.3765511
1999,45,-117.0874635,46.77928833,1999_45,SW,,100,0,1,,,,,,,42.86,2.775,0.1937,43.77,0.44,0.07,190.3543307,182.9822835,307.7755906,299.5160761
1999,46,-117.087064,46.779278,1999_46,SW,,100,0,1,,,,,,,40.84,2.215,0.165,43.43,0.32,0.07,227.7559055,218.9074803,318.7992126,313.6034164
1999,47,-117.086646,46.779363,1999_47,SW,,100,0,1,,,,,,,41.68,2.503,0.1827,44.18,0.38,0.08,264.3700787,255.1673228,355.0688976,340.8829299
1999,48,-117.086228,46.779333,1999_48,SW,,100,0,1,,,,,,,42.01,2.282,0.1693,44.24,0.29,0.06,335.8759843,324.6948819,438.238189,421.7008988
1999,49,-117.08581,46.779238,1999_49,SW,,100,0,1,,,,,,,41.81,2.43,0.1786,46.56,0.44,0.1,390.9940945,377.992126,595.2755906,567.8357938
1999,50,-117.0853355,46.77932123,1999_50,SW,,100,0,1,,,,,,,41.55,2.562,0.1905,41.16,0.34,0.08,393.9468504,381.1466535,528.4940945,489.5892356
1999,51,-117.0849635,46.77919681,1999_51,SW,,100,0,1,,,,,,,41.34,2.39,0.1723,43.53,0.37,0.07,293.1102362,283.4891732,428.7893701,411.1493011
1999,52,-117.084556,46.779293,1999_52,SW,,100,0,1,,,,,,,41.83,2.468,0.1739,44.11,0.39,0.07,373.4744094,360.6299213,585.6791339,541.4494233
1999,53,-117.084138,46.779246,1999_53,SW,,100,0,1,,,,,,,49.12,2.233,0.2218,43.4,0.37,0.07,335.246063,323.2627953,500.0393701,472.3833121
1999,54,-117.08372,46.779309,1999_54,SW,,100,0,1,,,,,,,49.33,2.017,0.21,44.11,0.39,0.06,266.4862205,257.1653543,411.3188976,369.4403358
1999,55,-117.083302,46.77923,1999_55,SW,,100,0,1,,,,,,,49.32,2.219,0.2268,44.05,0.42,0.07,243.6023622,235.3198819,370.5708661,359.7376453
1999,56,-117.0829019,46.77931128,1999_56,SW,,100,0,1,,,,,,,45.89,2.178,0.2226,46.89,0.47,0.07,338.6318898,326.8602362,467.8149606,443.7851211
1999,57,-117.082466,46.779336,1999_57,SW,,100,0,1,,,,,,,43.58,2.438,0.2409,43.89,0.5,0.07,237.1555118,228.7942913,367.3228346,360.1903524
1999,58,-117.082048,46.779138,1999_58,SW,,100,0,1,,,,,,,43.54,2.311,0.2156,43.42,0.32,0.06,301.5255906,291.2647638,409.8425197,407.089259
1999,59,-117.0816002,46.77925244,1999_59,SW,,100,0,1,,,,,,,43.33,2.028,0.2038,42.79,0.36,0.06,167.765748,161.8257874,332.726378,325.6998582
1999,60,-117.081212,46.779279,1999_60,SW,,100,0,1,,,,,,,,,,,,,,,,
1999,61,-117.080794,46.779135,1999_61,SW,,100,0,0,,,,,,,,,,,,,,,,
1999,62,-117.0803999,46.77941847,1999_62,SW,,100,0,1,,,,,,,36.82,2.322,0.157,43.91,0.48,0.08,221.1122047,213.7401575,422.8838583,414.0635692
1999,63,-117.079958,46.779369,1999_63,SW,,100,0,1,,,,,,,43.92,2.497,0.1852,43.46,0.39,0.08,322.2933071,311.1614173,458.9566929,451.3914727
1999,64,-117.07954,46.779333,1999_64,SW,,100,0,1,,,,,,,42.38,2.659,0.1884,43.49,0.4,0.09,288.8287402,279.3208661,445.1771654,441.1979281
1999,65,-117.079122,46.779254,1999_65,SW,,100,0,1,,,,,,,41.98,2.353,0.1714,43.68,0.32,0.07,322.1948819,311.0433071,422.8346457,409.5271594
1999,66,-117.0787339,46.77928646,1999_66,SW,,100,0,1,,,,,,,42.11,2.538,0.1845,43.65,0.39,0.06,305.2165354,295.0246063,463.0905512,445.1959514
1999,67,-117.078286,46.779271,1999_67,SW,,100,0,1,,,,,,,41.88,2.569,0.1844,44.04,0.45,0.08,367.519685,355,528.9862205,510.073387
1999,68,-117.088231,46.779439,1999_68,SW,,100,0,1,,,,,,,41.7,2.456,0.1816,44.3,0.4,0.1,313.3366142,302.6919291,395.8661417,369.0925863
1999,69,-117.087813,46.779414,1999_69,SW,,100,0,1,,,,,,,42.9,2.351,0.1714,44.92,0.32,0.07,249.9507874,241.5994094,327.5098425,311.6259933
1999,70,-117.087395,46.779587,1999_70,SW,,100,0,1,,,,,,,42.72,2.183,0.1572,44.59,0.24,0.06,268.8484252,260.1181102,409.2519685,388.3450991
1999,71,-117.086977,46.779564,1999_71,SW,,100,0,1,,,,,,,42.65,2.551,0.1846,43.8,0.45,0.08,196.7027559,190.265748,252.0669291,247.9242362
1999,72,-117.086559,46.779649,1999_72,SW,,100,0,1,,,,,,,42.79,2.398,0.1863,42.89,0.35,0.09,260.7775591,251.9488189,341.6830709,322.982059
1999,73,-117.0861725,46.77963697,1999_73,SW,,100,0,1,,,,,,,42.16,2.526,0.176,43.34,0.37,0.09,298.5728346,288.6466535,342.5688976,321.7700717
1999,74,-117.0856916,46.77950963,1999_74,SW,,100,0,1,,,,,,,42.33,2.477,0.1814,43.01,0.34,0.09,380.8070866,368.8139764,479.4783465,456.5986743
1999,75,-117.085305,46.779642,1999_75,SW,,100,0,1,,,,,,,42.16,2.241,0.1669,43.29,0.35,0.06,306.496063,295.5610236,456.7913386,417.8667634
1999,76,-117.084887,46.77949,1999_76,SW,,100,0,1,,,,,,,42.18,2.272,0.1731,43.4,0.35,0.06,330.4133858,318.2185039,402.9035433,373.8007545
1999,77,-117.084469,46.779579,1999_77,SW,,100,0,1,,,,,,,42.01,2.238,0.1685,43.89,0.33,0.07,248.0314961,238.9665354,360.7775591,345.0230805
1999,78,-117.084051,46.779532,1999_78,SW,,100,0,1,,,,,,,42.13,2.177,0.1706,44.68,0.25,0.05,332.6771654,320.9744094,515.5511811,488.4836868
1999,79,-117.083633,46.779595,1999_79,SW,,100,0,1,,,,,,,42.19,2.235,0.1747,44.58,0.32,0.06,231.25,222.2145669,351.7224409,334.1947446
1999,80,-117.083215,46.779516,1999_80,SW,,100,0,1,,,,,,,41.88,2.2,0.1652,43.7,0.32,0.07,316.4370079,305.4232283,447.8346457,412.3554256
1999,81,-117.082797,46.779585,1999_81,SW,,100,0,1,,,,,,,42.68,2.264,0.1652,43.88,0.37,0.06,311.4173228,299.8080709,428.1003937,404.5275107
1999,82,-117.082379,46.779622,1999_82,SW,,100,0,1,,,,,,,42.09,2.246,0.1708,43.56,0.3,0.06,211.6633858,203.8681102,316.1909449,288.3258922
1999,83,-117.081961,46.779424,1999_83,SW,,100,0,1,,,,,,,42.38,2.369,0.1806,43.25,0.37,0.07,217.519685,209.7588583,311.8602362,297.5795076
1999,84,-117.081543,46.779563,1999_84,SW,,100,0,1,,,,,,,41.72,2.419,0.1815,43.87,0.42,0.07,216.8799213,209.0452756,332.6771654,315.4101845
1999,85,-117.081125,46.779565,1999_85,SW,,100,0,1,,,,,,,41.88,2.579,0.1946,43.58,0.47,0.08,265.6988189,256.7814961,411.7125984,394.2987725
1999,86,-117.080707,46.779421,1999_86,SW,,100,0,1,,,,,,,42.44,2.266,0.171,43.61,0.35,0.07,268.1594488,259.242126,454.8720472,434.297697
1999,87,-117.080289,46.779684,1999_87,SW,,100,0,1,,,,,,,42.22,2.392,0.176,43.69,0.34,0.06,241.6338583,233.2824803,331.6929134,326.9421034
1999,88,-117.079871,46.779655,1999_88,SW,,100,0,1,,,,,,,42.03,2.382,0.1785,43.89,0.32,0.06,230.8562992,222.8690945,354.4291339,348.5290056
1999,89,-117.079447,46.77960671,1999_89,SW,,100,0,1,,,,,,,41.62,2.432,0.1876,43.89,0.31,0.07,232.6771654,224.5816929,383.8090551,368.4251362
1999,90,-117.079035,46.77954,1999_90,SW,,100,0,1,,,,,,,42.44,2.514,0.2058,43.47,0.39,0.08,248.0314961,239.3307087,392.6181102,371.7341682
1999,91,-117.078617,46.779552,1999_91,SW,,100,0,1,,,,,,,41.78,2.729,0.2003,43.18,0.44,0.1,329.5275591,317.898622,475,459.6323529
1999,92,-117.078199,46.779557,1999_92,SW,,100,0,1,,,,,,,42.09,2.477,0.1903,42.42,0.4,0.13,370.8661417,358.8336614,468.6515748,439.9787991
1999,93,-117.077781,46.779494,1999_93,SW,,100,0,1,,,,,,,41.73,2.424,0.1854,43.25,0.3,0.06,300.4429134,290.6348425,435.0393701,426.3995695
1999,94,-117.077363,46.779658,1999_94,SW,,100,0,1,,,,,,,41.87,2.362,0.1861,43.83,0.45,0.08,200.8858268,194.0649606,380.3149606,367.0268475
1999,95,-117.088073,46.77971682,1999_95,SW,,100,0,1,,,,,,,43.12,3.065,0.2334,42.81,0.51,0.12,299.4586614,290.0147638,416.6830709,408.8211261
1999,96,-117.087663,46.7797,1999_96,SW,,100,0,1,,,,,,,42.4,2.196,0.1763,44.44,0.32,0.07,348.8681102,337.0423228,460.1870079,441.5747932
1999,97,-117.087245,46.779873,1999_97,SW,,100,0,1,,,,,,,42.09,2.436,0.1908,44.02,0.35,0.09,275.6397638,266.648622,367.4212598,358.8870252
1999,98,-117.086827,46.77985,1999_98,SW,,100,0,1,,,,,,,42.64,2.394,0.1806,43.7,0.3,0.07,282.3818898,272.2440945,385.4330709,376.4422386
1999,99,-117.086409,46.779935,1999_99,SW,,100,0,1,,,,,,,42.45,2.63,0.1886,43.14,0.37,0.07,266.6338583,256.9291339,335.9251969,324.1583255
1999,100,-117.085991,46.779905,1999_100,SW,,100,0,1,,,,,,,43.01,2.673,0.2009,43.36,0.47,0.08,288.3858268,278.3120079,411.3188976,404.9839531
1999,101,-117.085573,46.77981,1999_101,SW,,100,0,1,,,,,,,42.57,2.514,0.1843,43.92,0.31,0.07,248.9173228,240.0295276,352.8543307,333.8493072
1999,102,-117.085155,46.779928,1999_102,SW,,100,0,1,,,,,,,42.11,2.384,0.1837,43.85,0.32,0.07,196.0629921,189.5324803,327.9035433,320.9268722
1999,103,-117.084737,46.779776,1999_103,SW,,100,0,1,,,,,,,42.19,2.363,0.1816,43.75,0.33,0.06,249.3602362,240.6988189,379.4291339,362.2402301
1999,104,-117.0843452,46.77988297,1999_104,SW,,100,0,1,,,,,,,42.69,3.006,0.2197,43.27,0.47,0.11,323.3267717,312.4458661,509.3503937,477.9413252
1999,105,-117.083901,46.779818,1999_105,SW,,100,0,1,,,,,,,,,,,,,,,,
1999,106,-117.083483,46.779881,1999_106,SW,,100,0,1,,,,,,,42.26,3.143,0.2326,42.37,0.52,0.1,282.9232283,272.4753937,412.6476378,395.2383304
1999,107,-117.083065,46.779802,1999_107,SW,,100,0,1,,,,,,,,,,,,,,,,
1999,108,-117.082647,46.779871,1999_108,SW,,100,0,1,,,,,,,42.98,2.438,0.1916,43.33,0.33,0.06,294.980315,285.1377953,492.0275591,479.1056232
1999,109,-117.0821935,46.77987977,1999_109,SW,,100,0,1,,,,,,,42.72,2.304,0.1726,43.83,0.44,0.06,354.8228346,341.6683071,525,474.9919549
1999,110,-117.0817533,46.77967045,1999_110,SW,,100,0,1,,,,,,,42.16,2.582,0.1965,43.33,0.48,0.06,204.0354331,197.0177165,359.2027559,349.8231868
1999,111,-117.081393,46.779849,1999_111,SW,,100,0,1,,,,,,,42.31,2.727,0.2156,43.53,0.47,0.07,200.8858268,193.4153543,330.9055118,324.7634141
1999,112,-117.080975,46.779851,1999_112,SW,,100,0,1,,,,,,,42.23,2.401,0.1878,42.77,0.35,0.07,268.7992126,259.9311024,372.4409449,362.0198479
1999,113,-117.0805391,46.77969063,1999_113,SW,,100,0,1,,,,,,,42.09,2.349,0.1805,43.1,0.41,0.06,240.0098425,231.5059055,326.476378,317.1750566
1999,114,-117.080139,46.77997,1999_114,SW,,100,0,1,,,,,,,42.69,2.586,0.2037,43.39,0.37,0.07,173.6712598,167.386811,261.8602362,251.6767826
1999,115,-117.0797031,46.77992463,1999_115,SW,,100,0,1,,,,,,,41.31,2.685,0.2008,43.63,0.52,0.08,261.7125984,251.8602362,457.8740157,449.8552064
1999,116,-117.079303,46.779905,1999_116,SW,,100,0,1,,,,,,,42.43,2.584,0.2006,44.12,0.36,0.06,236.515748,227.9527559,399.9507874,388.7633528
1999,117,-117.078885,46.779826,1999_117,SW,,100,0,1,,,,,,,41.96,2.331,0.178,43.45,0.32,0.06,290.0590551,280.1870079,407.7755906,402.7361394
1999,118,-117.078467,46.779838,1999_118,SW,,100,0,1,,,,,,,43.15,2.686,0.2018,43.58,0.47,0.06,221.1614173,212.9084646,373.9665354,370.1544403
1999,119,-117.0780192,46.77982663,1999_119,SW,,100,0,1,,,,,,,43.24,2.257,0.2214,43.57,0.3,0.05,281.3976378,270.9990157,451.5255906,431.5212922
1999,120,-117.077631,46.77978,1999_120,SW,,100,0,1,,,,,,,44.79,2.476,0.2436,41.65,0.48,0.07,271.2106299,262.273622,485.2362205,457.6575106
1999,121,-117.077213,46.779944,1999_121,SW,,100,0,1,,,,,,,44.13,2.791,0.2927,42.92,0.48,0.07,132.0866142,126.9242126,236.9094488,227.0560721
1999,122,-117.087699,46.779986,1999_122,SW,,100,0,1,,,,,,,43.64,2.534,0.2332,43.75,0.7,0.11,374.6555118,362.5246063,513.8287402,509.0415159
1999,123,-117.087281,46.780159,1999_123,SW,,100,0,1,,,,,,,43.02,2.444,0.2185,42.26,0.51,0.07,357.9724409,345.1919291,472.3917323,449.9396538
1999,124,-117.086863,46.780136,1999_124,SW,,100,0,1,,,,,,,43.29,2.699,0.2595,45.85,0.49,0.07,260.5314961,256.9537402,414.0748031,410.6337383
1999,125,-117.086445,46.780221,1999_125,SW,,100,0,1,,,,,,,42.13,2.231,0.2117,43.54,0.67,0.1,278.2480315,267.6377953,368.75,342.6125479
1999,126,-117.0860113,46.78018382,1999_126,SW,,100,0,1,,,,,,,42.49,2.377,0.2344,44.6,0.46,0.08,214.1240157,206.3287402,281.1515748,274.9176153
1999,127,-117.0855933,46.78008882,1999_127,SW,,100,0,1,,,,,,,43.57,2.327,0.2169,41.95,0.49,0.07,217.7165354,203.75,414.9114173,398.0997716
1999,128,-117.085191,46.780214,1999_128,SW,,100,0,1,,,,,,,44.19,2.558,0.2267,41.33,0.43,0.06,280.6594488,270.6643701,433.0708661,427.86211
1999,129,-117.084773,46.780062,1999_129,SW,,100,0,1,,,,,,,43.42,2.061,0.1929,42.79,0.33,0.06,244.242126,235.0344488,377.5590551,363.208842
1999,130,-117.084355,46.780151,1999_130,SW,,100,0,1,,,,,,,,,,,,,,,,
1999,131,-117.083937,46.780104,1999_131,SW,,100,0,1,,,,,,,43.25,2.333,0.245,44.25,0.37,0.07,130.9055118,126.0137795,234.0059055,228.421039
1999,132,-117.083519,46.780167,1999_132,SW,,100,0,1,,,,,,,43.22,2.037,0.1935,42.44,0.28,0.06,260.3346457,252.0226378,424.3110236,418.5770909
1999,133,-117.083101,46.780088,1999_133,SW,,100,0,1,,,,,,,43.26,2.02,0.1871,43.74,0.29,0.06,297.2440945,287.1702756,446.2598425,435.8562388
1999,134,-117.082683,46.780157,1999_134,SW,,100,0,1,,,,,,,43.75,2.409,0.2301,43.13,0.41,0.07,247.8838583,239.4438976,403.8877953,395.3549545
1999,135,-117.082265,46.780194,1999_135,SW,,100,0,1,,,,,,,42.84,2.216,0.2117,43.45,0.41,0.06,267.7165354,258.1889764,430.0688976,427.4336715
1999,136,-117.081847,46.779996,1999_136,SW,,100,0,1,,,,,,,42.41,2.199,0.2145,43.03,0.38,0.07,309.9901575,299.8375984,579.1830709,573.944229
1999,137,-117.0814529,46.78014727,1999_137,SW,,100,0,1,,,,,,,41.48,2.196,0.2058,43.77,0.43,0.06,293.7992126,283.4005906,503.6909449,477.8257342
1999,138,-117.081011,46.780137,1999_138,SW,,100,0,1,,,,,,,40.89,1.866,0.1803,43.7,0.32,0.05,174.9507874,167.9773622,278.3956693,267.3918879
1999,139,-117.080593,46.779993,1999_139,SW,,100,0,1,,,,,,,40.51,2.195,0.2202,43.37,0.33,0.07,197.6870079,190.3838583,290.1574803,280.6013956
1999,140,-117.080175,46.780256,1999_140,SW,,100,0,1,,,,,,,41.35,2.253,0.2242,43.95,0.39,0.08,187.7952756,180.1279528,296.0137795,281.785322
1999,141,-117.079757,46.780227,1999_141,SW,,100,0,1,,,,,,,41.24,2.221,0.234,43.59,0.34,0.08,193.5531496,185.7185039,453.0511811,426.4011116
1999,142,-117.079339,46.780191,1999_142,SW,,100,0,1,,,,,,,40.45,2.44,0.2268,43.2,0.42,0.08,220.3248031,211.9586614,368.4547244,331.0878538
1999,143,-117.0789031,46.78010382,1999_143,SW,,100,0,1,,,,,,,40.12,2.429,0.231,43.31,0.45,0.08,217.273622,209.5472441,443.2086614,419.5515542
1999,144,-117.078503,46.780124,1999_144,SW,,100,0,1,,,,,,,41.49,2.328,0.2299,44.3,0.38,0.07,204.8228346,196.6240157,387.4507874,371.7252373
1999,145,-117.078085,46.780129,1999_145,SW,,100,0,1,,,,,,,41.41,2.464,0.2368,43.73,0.43,0.08,193.8484252,185.4232283,360.3838583,348.1904195
1999,146,-117.077667,46.780066,1999_146,SW,,100,0,1,,,,,,,40.81,2.39,0.2317,43.02,0.54,0.1,202.1161417,195.113189,340.5511811,333.7173781
1999,147,-117.077249,46.78023,1999_147,SW,,100,0,1,,,,,,,40.41,2.69,0.2681,42.65,0.64,0.16,170.4724409,163.7007874,276.4271654,263.7960471
1999,148,-117.076831,46.780004,1999_148,SW,,100,0,1,,,,,,,39.82,2.055,0.1967,43.06,0.3,0.09,268.75,257.8740157,378.2480315,363.8305056
1999,149,-117.087103,46.780422,1999_149,SW,,100,0,1,,,,,,,41.85,2.625,0.2347,,,,,453.4645669,,
1999,150,-117.086685,46.780507,1999_150,SW,,100,0,1,,,,,,,40.53,1.877,0.1848,,,,,340.4429134,,
1999,151,-117.0862251,46.78045544,1999_151,SW,,100,0,1,,,,,,,39.12,1.996,0.1853,,,,,255.113189,,
1999,152,-117.0858333,46.78037122,1999_152,SW,,100,0,1,,,,,,,40.74,2.458,0.2145,,,,,228.9812992,,
1999,153,-117.085431,46.7805,1999_153,SW,,100,0,1,,,,,,,40.68,2.347,0.2039,,,,,130.9793307,,
1999,154,-117.085013,46.780348,1999_154,SW,,100,0,1,,,,,,,40.11,2.405,0.2246,,,,,177.6377953,,
1999,155,-117.084595,46.780437,1999_155,SW,,100,0,1,,,,,,,39.72,2.021,0.196,,,,,223.8385827,,
1999,156,-117.084177,46.78039,1999_156,SW,,100,0,1,,,,,,,40.87,2.096,0.2007,,,,,286.7765748,,
1999,157,-117.083759,46.780453,1999_157,SW,,100,0,1,,,,,,,40.59,2.06,0.199,,,,,194.734252,,
1999,158,-117.083341,46.780374,1999_158,SW,,100,0,1,,,,,,,40.91,2.307,0.2247,,,,,175.7529528,,
1999,159,-117.082923,46.780443,1999_159,SW,,100,0,1,,,,,,,41.03,2.152,0.2099,,,,,204.1929134,,
1999,160,-117.082505,46.78048,1999_160,SW,,100,0,1,,,,,,,41.73,2.688,0.2272,,,,,195.1427165,,
1999,161,-117.082087,46.780282,1999_161,SW,,100,0,1,,,,,,,40.7,2.248,0.1751,,,,,137.2194882,,
1999,162,-117.0816451,46.78040873,1999_162,SW,,100,0,1,,,,,,,40.71,2.244,0.179,,,,,114.5472441,,
1999,163,-117.081251,46.780423,1999_163,SW,,100,0,1,,,,,,,40.7,2.325,0.1825,,,,,118.9566929,,
1999,164,-117.080833,46.780279,1999_164,SW,,100,0,1,,,,,,,39.29,2.705,0.2189,,,,,150.5462598,,
1999,165,-117.080415,46.780542,1999_165,SW,,100,0,1,,,,,,,39.29,2.343,0.1833,,,,,172.8198819,,
1999,166,-117.079997,46.780513,1999_166,SW,,100,0,1,,,,,,,39.87,2.527,0.2,,,,,195.757874,,
1999,167,-117.079579,46.780477,1999_167,SW,,100,0,1,,,,,,,40.29,2.84,0.2211,,,,,201.7913386,,
1999,168,-117.079161,46.780398,1999_168,SW,,100,0,1,,,,,,,40.24,2.807,0.2267,,,,,175.4872047,,
1999,169,-117.078743,46.78041,1999_169,SW,,100,0,1,,,,,,,40.18,2.739,0.2266,,,,,120.7332677,,
1999,170,-117.078325,46.780415,1999_170,SW,,100,0,1,,,,,,,40.34,2.445,0.2024,,,,,103.1742126,,
1999,171,-117.077907,46.780352,1999_171,SW,,100,0,1,,,,,,,40.66,2.662,0.2264,,,,,168.7992126,,
1999,172,-117.077489,46.780516,1999_172,SW,,100,0,1,,,,,,,40.28,2.387,0.1993,,,,,191.1072835,,
1999,173,-117.077071,46.78029,1999_173,SW,,100,0,1,,,,,,,40.41,2.304,0.2111,,,,,178.2923228,,
1999,174,-117.076653,46.780414,1999_174,SW,,100,0,1,,,,,,,40.12,2.229,0.1997,,,,,281.5354331,,
1999,175,-117.086879,46.780708,1999_175,SW,,100,0,1,,,,,,,40.42,3.023,0.2259,,,,,406.4517717,,
1999,176,-117.0864768,46.78080097,1999_176,SW,,100,0,1,,,,,,,41.02,2.97,0.2315,,,,,350.4675197,,
1999,177,-117.086043,46.780763,1999_177,SW,,100,0,1,,,,,,,41.61,2.584,0.2125,,,,,265.9645669,,
1999,178,-117.085625,46.780668,1999_178,SW,,100,0,1,,,,,,,41.36,2.354,0.1929,,,,,282.9773622,,
1999,179,-117.085207,46.780786,1999_179,SW,,100,0,1,,,,,,,41.45,2.601,0.2176,,,,,263.2874016,,
1999,180,-117.084789,46.780634,1999_180,SW,,100,0,1,,,,,,,41.07,2.178,0.1958,,,,,267.2785433,,
1999,181,-117.084371,46.780723,1999_181,SW,,100,0,1,,,,,,,41.44,2.558,0.2074,,,,,312.3277559,,
1999,182,-117.0839212,46.78065692,1999_182,SW,,100,0,1,,,,,,,41.46,2.575,0.2242,,,,,229.4438976,,
1999,183,-117.083535,46.780739,1999_183,SW,,100,0,1,,,,,,,41.83,2.541,0.209,,,,,354.2519685,,
1999,184,-117.083117,46.78066,1999_184,SW,,100,0,1,,,,,,,41.37,2.672,0.2175,,,,,188.8041339,,
1999,185,-117.082699,46.780729,1999_185,SW,,100,0,1,,,,,,,41.99,2.851,0.2311,,,,,272.6377953,,
1999,186,-117.082281,46.780766,1999_186,SW,,100,0,1,,,,,,,41.55,2.751,0.2341,,,,,276.5403543,,
1999,187,-117.081863,46.780568,1999_187,SW,,100,0,1,,,,,,,41.9,2.717,0.239,,,,,122.7362205,,
1999,188,-117.081445,46.780707,1999_188,SW,,100,0,1,,,,,,,41.53,2.518,0.2274,,,,,129.8917323,,
1999,189,-117.081027,46.780709,1999_189,SW,,100,0,1,,,,,,,40.41,2.626,0.2126,,,,,288.3612205,,
1999,190,-117.080609,46.780565,1999_190,SW,,100,0,1,,,,,,,41.85,2.504,0.208,,,,,218.7942913,,
1999,191,-117.080191,46.780828,1999_191,SW,,100,0,1,,,,,,,41.18,2.478,0.2125,,,,,226.1072835,,
1999,192,-117.079773,46.780799,1999_192,SW,,100,0,1,,,,,,,41.55,2.564,0.2132,,,,,204.8917323,,
1999,193,-117.079355,46.780763,1999_193,SW,,100,0,1,,,,,,,41.8,2.743,0.2292,,,,,258.9074803,,
1999,194,-117.0789131,46.78066353,1999_194,SW,,100,0,1,,,,,,,42.15,2.399,0.2031,,,,,190.4576772,,
1999,195,-117.078519,46.780696,1999_195,SW,,100,0,1,,,,,,,42.22,2.595,0.221,,,,,164.6801181,,
1999,196,-117.078101,46.780701,1999_196,SW,,100,0,1,,,,,,,41.99,2.378,0.1957,,,,,240.6200787,,
1999,197,-117.077683,46.780638,1999_197,SW,,100,0,1,,,,,,,41.59,2.624,0.2216,,,,,134.7440945,,
1999,198,-117.077265,46.780802,1999_198,SW,,100,0,1,,,,,,,41.68,2.403,0.2131,,,,,249.507874,,
1999,199,-117.076847,46.780576,1999_199,SW,,100,0,1,,,,,,,42.13,2.409,0.2225,,,,,208.7795276,,
1999,200,-117.0866262,46.7810531,1999_200,SW,,100,0,1,,,,,,,42.39,2.563,0.2224,,,,,340.5068898,,
1999,201,-117.086242,46.781049,1999_201,SW,,100,0,1,,,,,,,42.15,2.908,0.2482,,,,,217.3523622,,
1999,202,-117.085824,46.780954,1999_202,SW,,100,0,1,,,,,,,42.3,3.004,0.2442,,,,,216.5994094,,
1999,203,-117.085406,46.781072,1999_203,SW,,100,0,1,,,,,,,42.6,2.704,0.2398,,,,,192.7903543,,
1999,204,-117.084988,46.78092,1999_204,SW,,100,0,1,,,,,,,42.43,3.284,0.2647,,,,,348.0610236,,
1999,205,-117.08457,46.781009,1999_205,SW,,100,0,1,,,,,,,41.69,2.27,0.2115,,,,,323.2234252,,
1999,206,-117.084152,46.780962,1999_206,SW,,100,0,1,,,,,,,42.28,2.376,0.2102,,,,,243.9862205,,
1999,207,-117.083755,46.78103938,1999_207,SW,,100,0,1,,,,,,,42.27,2.769,0.2273,,,,,284.5029528,,
1999,208,-117.083316,46.780946,1999_208,SW,,100,0,1,,,,,,,42.59,2.754,0.239,,,,,188.1496063,,
1999,209,-117.082898,46.781015,1999_209,SW,,100,0,1,,,,,,,42.45,2.976,0.2433,,,,,201.8897638,,
1999,210,-117.08248,46.781052,1999_210,SW,,100,0,1,,,,,,,38.37,2.692,0.2048,,,,,333.1889764,,
1999,211,-117.082062,46.780854,1999_211,SW,,100,0,1,,,,,,,37.92,2.368,0.1889,,,,,216.6141732,,
1999,212,-117.081644,46.780993,1999_212,SW,,100,0,1,,,,,,,39.2,2.482,0.1895,,,,,352.5393701,,
1999,213,-117.081226,46.780995,1999_213,SW,,100,0,0,,,,,,,,,,,,,,,,
1999,214,-117.080808,46.780851,1999_214,SW,,100,0,1,,,,,,,39.05,2.129,0.1755,,,,,260.1771654,,
1999,215,-117.0804377,46.78111806,1999_215,SW,,100,0,1,,,,,,,40.39,2.312,0.1962,,,,,230.6594488,,
1999,216,-117.079972,46.781085,1999_216,SW,,100,0,1,,,,,,,40.76,2.856,0.2237,,,,,245.8366142,,
1999,217,-117.079554,46.781049,1999_217,SW,,100,0,1,,,,,,,40.84,2.596,0.2143,,,,,265.3690945,,
1999,218,-117.079136,46.78097,1999_218,SW,,100,0,1,,,,,,,40.93,2.674,0.2211,,,,,314.2814961,,
1999,219,-117.078718,46.780982,1999_219,SW,,100,0,1,,,,,,,39.92,2.364,0.1938,,,,,352.2391732,,
1999,220,-117.0783,46.780987,1999_220,SW,,100,0,1,,,,,,,40.1,2.447,0.2111,,,,,351.894685,,
1999,221,-117.077882,46.780924,1999_221,SW,,100,0,1,,,,,,,40.07,2.273,0.1928,,,,,314.6555118,,
1999,222,-117.077464,46.781088,1999_222,SW,,100,0,1,,,,,,,41.13,2.42,0.2111,,,,,309.5570866,,
1999,223,-117.077046,46.780862,1999_223,SW,,100,0,1,,,,,,,40.61,2.445,0.2217,,,,,219.4242126,,
1999,224,-117.076628,46.780986,1999_224,SW,,100,0,1,,,,,,,41.23,2.431,0.2241,,,,,146.117126,,
1999,225,-117.086295,46.781365,1999_225,SW,,100,0,1,,,,,,,41.38,2.492,0.227,,,,,274.3897638,,
1999,226,-117.0858613,46.78132062,1999_226,SW,,100,0,1,,,,,,,41.41,2.617,0.2209,,,,,312.9773622,,
1999,227,-117.0854328,46.78122203,1999_227,SW,,100,0,1,,,,,,,41.76,2.737,0.232,,,,,187.0226378,,
1999,228,-117.085041,46.781358,1999_228,SW,,100,0,1,,,,,,,41.69,2.604,0.2149,,,,,65.71850394,,
1999,229,-117.084623,46.781206,1999_229,SW,,100,0,1,,,,,,,41.9,2.725,0.2392,,,,,199.2224409,,
1999,230,-117.084205,46.781295,1999_230,SW,,100,0,1,,,,,,,41.56,2.637,0.2251,,,,,196.3188976,,
1999,231,-117.083787,46.781248,1999_231,SW,,100,0,1,,,,,,,41.95,2.706,0.2318,,,,,166.6338583,,
1999,232,-117.0832823,46.78127044,1999_232,SW,,100,0,1,,,,,,,42.31,2.709,0.2302,,,,,151.9635827,,
1999,233,-117.082951,46.781232,1999_233,SW,,100,0,1,,,,,,,41.64,2.426,0.2195,,,,,175.5905512,,
1999,234,-117.082533,46.781301,1999_234,SW,,100,0,1,,,,,,,42.16,2.868,0.2308,,,,,203.3562992,,
1999,235,-117.082115,46.781338,1999_235,SW,,100,0,1,,,,,,,41.66,2.486,0.2055,,,,,154.6702756,,
1999,236,-117.081697,46.78114,1999_236,SW,,100,0,1,,,,,,,42.34,2.926,0.2368,,,,,199.5324803,,
1999,237,-117.0812437,46.78126348,1999_237,SW,,100,0,1,,,,,,,41.89,2.651,0.2315,,,,,151.0383858,,
1999,238,-117.080861,46.781281,1999_238,SW,,100,0,1,,,,,,,41.43,2.645,0.2218,,,,,255.4429134,,
1999,239,-117.080455,46.78115338,1999_239,SW,,100,0,1,,,,,,,41.94,2.667,0.2255,,,,,160.7824803,,
1999,240,-117.0801105,46.78144636,1999_240,SW,,100,0,1,,,,,,,41.63,2.695,0.2274,,,,,101.003937,,
1999,241,-117.079607,46.781371,1999_241,SW,,100,0,1,,,,,,,42,3.14,0.2569,,,,,331.1122047,,
1999,242,-117.079189,46.781335,1999_242,SW,,100,0,1,,,,,,,41.77,3.003,0.2434,,,,,327.9872047,,
1999,243,-117.078771,46.781256,1999_243,SW,,100,0,1,,,,,,,41.86,2.652,0.2203,,,,,354.3602362,,
1999,244,-117.0783888,46.78129255,1999_244,SW,,100,0,1,,,,,,,41.58,2.583,0.214,,,,,292.5738189,,
1999,245,-117.077935,46.781273,1999_245,SW,,100,0,1,,,,,,,41.91,2.386,0.2069,,,,,328.0659449,,
1999,246,-117.077517,46.78121,1999_246,SW,,100,0,1,,,,,,,42.39,2.698,0.2319,,,,,324.5423228,,
1999,247,-117.077099,46.781374,1999_247,SW,,100,0,1,,,,,,,42.15,2.736,0.232,,,,,334.8375984,,
1999,248,-117.0766989,46.78116437,1999_248,SW,,100,0,1,,,,,,,41.66,2.329,0.2077,,,,,303.0364173,,
1999,249,-117.085864,46.781526,1999_249,SW,,100,0,1,,,,,,,41.96,2.362,0.2132,,,,,395.2116142,,
1999,250,-117.085446,46.781644,1999_250,SW,,100,0,1,,,,,,,42.24,2.695,0.2286,,,,,263.8238189,,
1999,251,-117.085028,46.781492,1999_251,SW,,100,0,1,,,,,,,41.8,2.396,0.2062,,,,,154.6456693,,
1999,252,-117.0845785,46.78155584,1999_252,SW,,100,0,1,,,,,,,42.78,2.91,0.2415,,,,,158.9714567,,
1999,253,-117.084192,46.781534,1999_253,SW,,100,0,1,,,,,,,42.28,2.652,0.2389,,,,,230.6397638,,
1999,254,-117.083774,46.781597,1999_254,SW,,100,0,1,,,,,,,42.06,2.536,0.2173,,,,,288.1151575,,
1999,255,-117.083356,46.781518,1999_255,SW,,100,0,1,,,,,,,41.74,2.512,0.2153,,,,,244.3257874,,
1999,256,-117.082938,46.781587,1999_256,SW,,100,0,1,,,,,,,42.29,2.921,0.2188,,,,,155.2854331,,
1999,257,-117.08252,46.781624,1999_257,SW,,100,0,1,,,,,,,42.27,3.025,0.2572,,,,,199.8080709,,
1999,258,-117.082102,46.781426,1999_258,SW,,100,0,1,,,,,,,42.08,2.872,0.2387,,,,,180.1919291,,
1999,259,-117.081684,46.781565,1999_259,SW,,100,0,1,,,,,,,42.27,2.693,0.2268,,,,,179.2765748,,
1999,260,-117.081266,46.781567,1999_260,SW,,100,0,1,,,,,,,42.66,2.482,0.1838,,,,,178.4645669,,
1999,261,-117.080848,46.781423,1999_261,SW,,100,0,1,,,,,,,42.28,2.401,0.1706,,,,,239.5866142,,
1999,262,-117.08043,46.781686,1999_262,SW,,100,0,1,,,,,,,42.62,2.469,0.1802,,,,,237.3425197,,
1999,263,-117.080012,46.781657,1999_263,SW,,100,0,1,,,,,,,42.52,2.531,0.1928,,,,,253.4645669,,
1999,264,-117.079594,46.781621,1999_264,SW,,100,0,1,,,,,,,42.32,2.644,0.1912,,,,,267.5885827,,
1999,265,-117.0791581,46.78153382,1999_265,SW,,100,0,1,,,,,,,42.75,2.185,0.167,,,,,417.8494094,,
1999,266,-117.078758,46.781554,1999_266,SW,,100,0,1,,,,,,,42.66,2.724,0.1965,,,,,313.238189,,
1999,267,-117.07834,46.781559,1999_267,SW,,100,0,1,,,,,,,42.48,2.947,0.2174,,,,,346.5108268,,
1999,268,-117.077922,46.781496,1999_268,SW,,100,0,1,,,,,,,42.14,2.578,0.2016,,,,,449.4488189,,
1999,269,-117.077504,46.78166,1999_269,SW,,100,0,0,,,,,,,,,,,,,,,,
1999,270,-117.077086,46.781434,1999_270,SW,,100,0,1,,,,,,,42.49,2.607,0.2015,,,,,339.1929134,,
1999,271,-117.076668,46.781558,1999_271,SW,,100,0,1,,,,,,,41.72,2.405,0.1855,,,,,227.7755906,,
1999,272,-117.08559,46.781812,1999_272,SW,,100,0,1,,,,,,,42.38,2.393,0.1981,,,,,459.6555118,,
1999,273,-117.085172,46.78193,1999_273,SW,,100,0,1,,,,,,,41.84,2.466,0.1992,,,,,425.7283465,,
1999,274,-117.084754,46.781778,1999_274,SW,,100,0,1,,,,,,,42.77,2.812,0.2237,,,,,333.1692913,,
1999,275,-117.084357,46.78187778,1999_275,SW,,100,0,1,,,,,,,42.68,2.718,0.1989,,,,,297.8543307,,
1999,276,-117.083918,46.78182,1999_276,SW,,100,0,1,,,,,,,42.66,2.702,0.202,,,,,158.4498031,,
1999,277,-117.0835,46.781883,1999_277,SW,,100,0,1,,,,,,,42.63,2.212,0.1764,,,,,129.0649606,,
1999,278,-117.083082,46.781804,1999_278,SW,,100,0,1,,,,,,,42.75,2.567,0.1991,,,,,230.5167323,,
1999,279,-117.0826501,46.78185937,1999_279,SW,,100,0,1,,,,,,,42.02,2.492,0.1961,,,,,267.121063,,
1999,280,-117.082246,46.78191,1999_280,SW,,100,0,1,,,,,,,42.11,2.43,0.192,,,,,267.121063,,
1999,281,-117.0818123,46.78170481,1999_281,SW,,100,0,1,,,,,,,42.48,2.489,0.1961,,,,,204.1683071,,
1999,282,-117.08141,46.781851,1999_282,SW,,100,0,1,,,,,,,42.23,2.574,0.2037,,,,,266.1860236,,
1999,283,-117.080992,46.781853,1999_283,SW,,100,0,1,,,,,,,42.33,2.32,0.1931,,,,,215.1722441,,
1999,284,-117.080574,46.781709,1999_284,SW,,100,0,1,,,,,,,42.43,2.541,0.2091,,,,,201.4124016,,
1999,285,-117.080156,46.781972,1999_285,SW,,100,0,1,,,,,,,42.64,2.519,0.2053,,,,,301.6141732,,
1999,286,-117.079738,46.781943,1999_286,SW,,100,0,1,,,,,,,42.57,2.317,0.1866,,,,,396.1811024,,
1999,287,-117.07932,46.781907,1999_287,SW,,100,0,1,,,,,,,42.69,2.483,0.1965,,,,,344.3061024,,
1999,288,-117.0788662,46.78180208,1999_288,SW,,100,0,1,,,,,,,42.17,2.366,0.1862,,,,,385.8267717,,
1999,289,-117.078484,46.78184,1999_289,SW,,100,0,1,,,,,,,42.27,2.376,0.1901,,,,,426.5649606,,
1999,290,-117.078066,46.781845,1999_290,SW,,100,0,1,,,,,,,42.28,2.343,0.1867,,,,,277.3277559,,
1999,291,-117.077648,46.781782,1999_291,SW,,100,0,1,,,,,,,41.16,2.504,0.2021,,,,,154.8228346,,
1999,292,-117.07723,46.781946,1999_292,SW,,100,0,1,,,,,,,41.95,2.84,0.2467,,,,,,,
1999,293,-117.076812,46.78172,1999_293,SW,,100,0,1,,,,,,,42.1,2.324,0.2048,,,,,276.023622,,
1999,297,-117.085536,46.782098,1999_297,SW,,100,0,1,,,,,,,43.18,3.396,0.2843,,,,,179.2125984,,
1999,298,-117.085118,46.782216,1999_298,SW,,100,0,1,,,,,,,,,,,,,,,,
1999,299,-117.0847,46.782064,1999_299,SW,,100,0,1,,,,,,,42.7,2.463,0.2001,,,,,340.2805118,,
1999,300,-117.084282,46.782153,1999_300,SW,,100,0,1,,,,,,,42.65,2.615,0.2074,,,,,263.8090551,,
1999,301,-117.083864,46.782106,1999_301,SW,,100,0,1,,,,,,,42.11,2.543,0.2074,,,,,313.125,,
1999,302,-117.0834303,46.78215462,1999_302,SW,,100,0,1,,,,,,,41.95,2.729,0.2172,,,,,349.7883858,,
1999,303,-117.0830123,46.78207922,1999_303,SW,,100,0,1,,,,,,,42.4,2.573,0.2085,,,,,289.6456693,,
1999,304,-117.08261,46.782159,1999_304,SW,,100,0,1,,,,,,,41.97,1.99,0.176,,,,,215.5708661,,
1999,305,-117.082192,46.782196,1999_305,SW,,100,0,1,,,,,,,42.1,2.396,0.2028,,,,,267.4015748,,
1999,306,-117.081774,46.781998,1999_306,SW,,100,0,1,,,,,,,42.01,2.445,0.2024,,,,,232.0374016,,
1999,307,-117.081356,46.782137,1999_307,SW,,100,0,1,,,,,,,42.68,2.381,0.1975,,,,,305.019685,,
1999,308,-117.080938,46.782139,1999_308,SW,,100,0,1,,,,,,,42.73,2.515,0.203,,,,,314.1732283,,
1999,309,-117.080499,46.78197702,1999_309,SW,,100,0,1,,,,,,,42.1,2.489,0.1985,,,,,263.7450787,,
1999,310,-117.080102,46.782258,1999_310,SW,,100,0,1,,,,,,,42.44,2.435,0.2009,,,,,394.8425197,,
1999,311,-117.079684,46.782229,1999_311,SW,,100,0,1,,,,,,,42.71,2.396,0.1988,,,,,451.3730315,,
1999,312,-117.0793018,46.78221346,1999_312,SW,,100,0,1,,,,,,,42.05,2.699,0.2148,,,,,401.8454724,,
1999,313,-117.078848,46.782114,1999_313,SW,,100,0,1,,,,,,,42.24,2.494,0.2018,,,,,294.0305118,,
1999,314,-117.07843,46.782126,1999_314,SW,,100,0,1,,,,,,,42.36,2.373,0.1737,,,,,229.5964567,,
1999,315,-117.0780418,46.78214737,1999_315,SW,,100,0,0,,,,,,,,,,,,,,,,
1999,316,-117.077594,46.782068,1999_316,SW,,100,0,0,,,,,,,,,,,,,,,,
1999,323,-117.0851352,46.78249247,1999_323,SW,,100,0,1,,,,,,,42.16,2.683,0.1827,,,,,193.0954724,,
1999,324,-117.084751,46.78235,1999_324,SW,,100,0,1,,,,,,,42.5,2.192,0.1651,,,,,235.0393701,,
1999,325,-117.084333,46.782439,1999_325,SW,,100,0,1,,,,,,,42.3,2.542,0.1747,,,,,300.4773622,,
1999,326,-117.083915,46.782392,1999_326,SW,,100,0,1,,,,,,,42.5,2.229,0.1578,,,,,255.4527559,,
1999,327,-117.083497,46.782455,1999_327,SW,,100,0,1,,,,,,,41.97,2.62,0.1801,,,,,267.7559055,,
1999,328,-117.083079,46.782376,1999_328,SW,,100,0,1,,,,,,,42.09,2.116,0.1383,,,,,295.8366142,,
1999,329,-117.0826453,46.78243781,1999_329,SW,,100,0,1,,,,,,,42.19,2.22,0.1516,,,,,309.7490157,,
1999,330,-117.082243,46.782482,1999_330,SW,,100,0,1,,,,,,,42.61,2.307,0.157,,,,,354.7883858,,
1999,331,-117.081825,46.782284,1999_331,SW,,100,0,1,,,,,,,41.83,2.21,0.1486,,,,,215.2411417,,
1999,332,-117.081407,46.782423,1999_332,SW,,100,0,1,,,,,,,41.6,2.071,0.1444,,,,,286.5748031,,
1999,333,-117.080989,46.782425,1999_333,SW,,100,0,1,,,,,,,42.6,2.289,0.1554,,,,,343.2332677,,
1999,334,-117.080571,46.782281,1999_334,SW,,100,0,1,,,,,,,41.82,2.185,0.1486,,,,,313.7057087,,
1999,335,-117.080153,46.782544,1999_335,SW,,100,0,1,,,,,,,41.8,2.345,0.1607,,,,,357.1850394,,
1999,336,-117.079735,46.782515,1999_336,SW,,100,0,1,,,,,,,42.56,2.343,0.161,,,,,370.511811,,
1999,337,-117.079317,46.782479,1999_337,SW,,100,0,1,,,,,,,42.61,2.437,0.1642,,,,,374.8572835,,
1999,338,-117.0788911,46.78239455,1999_338,SW,,100,0,1,,,,,,,42.02,2.077,0.1467,,,,,402.480315,,
1999,348,-117.084617,46.782636,1999_348,SW,,100,0,1,,,,,,,42.36,2.536,0.1707,,,,,364.9655512,,
1999,349,-117.084199,46.782725,1999_349,SW,,100,0,1,,,,,,,,,,,,,,,,
1999,350,-117.083781,46.782678,1999_350,SW,,100,0,1,,,,,,,42.37,2.442,0.1697,,,,,297.0029528,,
1999,351,-117.083363,46.782741,1999_351,SW,,100,0,1,,,,,,,42.12,2.231,0.1594,,,,,107.3425197,,
1999,352,-117.0829188,46.78264763,1999_352,SW,,100,0,1,,,,,,,42.49,2.267,0.1587,,,,,297.6033465,,
1999,353,-117.082527,46.782731,1999_353,SW,,100,0,1,,,,,,,42.42,2.306,0.1604,,,,,297.7854331,,
1999,354,-117.082109,46.782768,1999_354,SW,,100,0,1,,,,,,,41.79,2.305,0.1605,,,,,286.1811024,,
1999,355,-117.081691,46.78257,1999_355,SW,,100,0,1,,,,,,,42.63,2.307,0.1615,,,,,346.7273622,,
1999,356,-117.081273,46.782709,1999_356,SW,,100,0,1,,,,,,,42.5,2.313,0.1606,,,,,284.5570866,,
1999,357,-117.080855,46.782711,1999_357,SW,,100,0,1,,,,,,,41.6,2.151,0.1505,,,,,255.5019685,,
1999,358,-117.0804141,46.78255608,1999_358,SW,,100,0,1,,,,,,,42.33,2.319,0.1666,,,,,314.8375984,,
1999,359,-117.080019,46.78283,1999_359,SW,,100,0,1,,,,,,,42.62,2.386,0.1744,,,,,330.7627953,,
1999,360,-117.079601,46.782801,1999_360,SW,,100,0,1,,,,,,,42.13,2.225,0.1629,,,,,322.9478346,,
1999,371,-117.0842298,46.78296597,1999_371,SW,,100,0,1,,,,,,,42.19,2.499,0.1938,,,,,188.2824803,,
1999,372,-117.083798,46.782964,1999_372,SW,,100,0,1,,,,,,,41.94,2.045,0.1504,,,,,301.0334646,,
1999,373,-117.08338,46.783027,1999_373,SW,,100,0,1,,,,,,,42.1,2.527,0.1788,,,,,310.226378,,
1999,374,-117.082962,46.782948,1999_374,SW,,100,0,1,,,,,,,42.69,2.405,0.1693,,,,,353.4005906,,
1999,375,-117.0825283,46.78300622,1999_375,SW,,100,0,1,,,,,,,42.52,2.627,0.1846,,,,,281.5846457,,
1999,376,-117.082126,46.783054,1999_376,SW,,100,0,1,,,,,,,42.44,2.378,0.1703,,,,,232.5246063,,
1999,377,-117.0816503,46.78282132,1999_377,SW,,100,0,1,,,,,,,42.12,2.384,0.1713,,,,,282.8494094,,
1999,378,-117.08129,46.782995,1999_378,SW,,100,0,1,,,,,,,42.23,2.323,0.162,,,,,302.8001969,,
1999,379,-117.080872,46.782997,1999_379,SW,,100,0,1,,,,,,,42.07,2.27,0.1667,,,,,327.5492126,,
1999,380,-117.080454,46.782853,1999_380,SW,,100,0,1,,,,,,,42.47,2.415,0.1725,,,,,374.6456693,,
1999,381,-117.080036,46.783116,1999_381,SW,,100,0,1,,,,,,,42.44,2.272,0.1649,,,,,340,,
1999,394,-117.0839099,46.78312585,1999_394,SW,,100,0,1,,,,,,,,,,,,,,,,
1999,395,-117.083498,46.783313,1999_395,SW,,100,0,1,,,,,,,41.95,2.203,0.1709,,,,,159.355315,,
1999,396,-117.08308,46.783234,1999_396,SW,,100,0,1,,,,,,,41.86,2.286,0.1653,,,,,156.8996063,,
1999,397,-117.082662,46.783303,1999_397,SW,,100,0,1,,,,,,,42.64,2.318,0.1704,,,,,219.0994094,,
1999,398,-117.0822755,46.78335797,1999_398,SW,,100,0,1,,,,,,,42.11,2.206,0.1618,,,,,257.1161417,,
1999,399,-117.081826,46.783142,1999_399,SW,,100,0,1,,,,,,,42.27,2.302,0.1743,,,,,361.6929134,,
1999,400,-117.081408,46.783281,1999_400,SW,,100,0,1,,,,,,,42.38,2.302,0.1656,,,,,239.4143701,,
1999,401,-117.08099,46.783283,1999_401,SW,,100,0,1,,,,,,,42.14,2.127,0.1586,,,,,304.0255906,,
1999,402,-117.080572,46.783139,1999_402,SW,,100,0,1,,,,,,,41.91,2.364,0.1718,,,,,320.5462598,,
1999,419,-117.0832106,46.7834571,1999_419,SW,,100,0,1,,,,,,,42.28,2.485,0.173,,,,,299.0206693,,
1999,420,-117.0827709,46.78351532,1999_420,SW,,100,0,1,,,,,,,41.83,2.36,0.1731,,,,,217.1653543,,
1999,421,-117.0823668,46.78355231,1999_421,SW,,100,0,1,,,,,,,42.51,2.66,0.1892,,,,,274.2470472,,
1999,422,-117.081933,46.783428,1999_422,SW,,100,0,1,,,,,,,41.97,2.286,0.178,,,,,308.4940945,,
1999,423,-117.0814836,46.78355263,1999_423,SW,,100,0,0,,,,,,,,,,,,,,,,
1999,424,-117.081097,46.783569,1999_424,SW,,100,0,0,,,,,,,,,,,,,,,,
1999,425,-117.080679,46.783425,1999_425,SW,,100,0,0,,,,,,,,,,,,,,,,
2000,1,-117.087514,46.778729,2000_1,SB,,100,0,1,,,,,,,41.7,1.591,0.09804,,,,,446.9488189,,
2000,2,-117.0870646,46.77869163,2000_2,SB,,100,0,1,,,,,,,42.29,1.591,0.1101,,,,,335.7775591,,
2000,3,-117.086678,46.778791,2000_3,SB,,100,0,1,,,,,,,42.44,1.664,0.1072,,,,,548.8681102,,
2000,4,-117.08626,46.778761,2000_4,SB,,100,0,1,,,,,,,42.03,1.655,0.1042,,,,,519.8818898,,
2000,5,-117.085842,46.778666,2000_5,SB,,100,0,1,,,,,,,42.07,1.825,0.1144,,,,,588.9271654,,
2000,6,-117.0854188,46.77877321,2000_6,SB,,100,0,1,,,,,,,42.37,1.857,0.12,,,,,462.253937,,
2000,7,-117.085006,46.778632,2000_7,SB,,100,0,1,,,,,,,42.51,1.829,0.1182,,,,,529.6259843,,
2000,8,-117.084588,46.778721,2000_8,SB,,100,0,1,,,,,,,41.98,1.702,0.1206,,,,,348.523622,,
2000,9,-117.08417,46.778674,2000_9,SB,,100,0,1,,,,,,,41.9,1.604,0.1093,,,,,497.0472441,,
2000,10,-117.083752,46.778737,2000_10,SB,,100,0,1,,,,,,,42.17,1.658,0.1208,44.13,0.4146,0.1125,506.628937,483.4251969,592.1899606,564.0097295
2000,11,-117.083334,46.778658,2000_11,SB,,100,0,1,,,,,,,42.36,1.831,0.1205,45,0.5533,0.1275,541.5649606,528.3562992,649.8720472,619.1085219
2000,12,-117.0829398,46.77873108,2000_12,SB,,100,0,1,,,,,,,41.77,1.614,0.1173,43.75,0.5152,0.1345,460.0836614,437.7559055,544.886811,519.4071187
2000,13,-117.082498,46.778764,2000_13,SB,,100,0,1,,,,,,,42.01,1.806,0.1312,46.08,0.3988,0.11,299.4980315,286.3287402,406.9980315,387.9282404
2000,14,-117.0816322,46.77868863,2000_14,SB,,100,0,1,,,,,,,41.76,1.12,0.1037,44.8,0.366,0.1052,390.8956693,380.6200787,569.9311024,543.568243
2000,15,-117.081244,46.778707,2000_15,SB,,100,0,1,,,,,,,41.77,1.23,0.1048,44,0.416,0.1603,345.5954724,337.1653543,427.0423228,405.916694
2000,16,-117.080408,46.778826,2000_16,SB,,100,0,1,,,,,,,42.22,1.544,0.1188,,,,,322.3917323,,
2000,17,-117.07999,46.778797,2000_17,SB,,100,0,1,,,,,,,42.13,1.363,0.1096,,,,,501.8700787,,
2000,18,-117.0888801,46.77895174,2000_18,SB,,100,0,1,,,,,,,41.84,1.912,0.1355,,,,,511.6141732,,
2000,19,-117.0884663,46.77882662,2000_19,SB,,100,0,1,,,,,,,41.9,1.535,0.1169,,,,,515.8956693,,
2000,20,-117.088064,46.778867,2000_20,SB,,100,0,1,,,,,,,43.6,1.786,0.1376,,,,,396.9980315,,
2000,21,-117.087646,46.778842,2000_21,SB,,100,0,1,,,,,,,42.52,1.626,0.1226,,,,,470.2755906,,
2000,22,-117.087228,46.779015,2000_22,SB,,100,0,1,,,,,,,42.07,1.728,0.1313,,,,,482.9232283,,
2000,23,-117.086831,46.77900278,2000_23,SB,,100,0,1,,,,,,,42.23,1.757,0.1375,,,,,416.3877953,,
2000,24,-117.086392,46.779077,2000_24,SB,,100,0,1,,,,,,,42.37,1.877,0.1365,,,,,542.7165354,,
2000,25,-117.085974,46.779047,2000_25,SB,,100,0,1,,,,,,,42.04,1.418,0.1156,,,,,549.6062992,,
2000,26,-117.085556,46.778952,2000_26,SB,,100,0,1,,,,,,,42.37,1.727,0.1237,,,,,542.6673228,,
2000,27,-117.085117,46.77906282,2000_27,SB,,100,0,1,,,,,,,42.28,1.762,0.1316,,,,,617.519685,,
2000,28,-117.08472,46.778918,2000_28,SB,,100,0,1,,,,,,,42.75,1.999,0.149,,,,,542.4704724,,
2000,29,-117.084302,46.779007,2000_29,SB,,100,0,1,,,,,,,41.74,1.658,0.1269,,,,,501.5748031,,
2000,30,-117.083884,46.77896,2000_30,SB,,100,0,1,,,,,,,42.55,1.703,0.1317,,,,,531.1023622,,
2000,31,-117.083466,46.779023,2000_31,SB,,100,0,1,,,,,,,42.03,1.694,0.1295,45.35,0.3662,0.1271,607.8543307,577.0767717,654.9901575,623.8792617
2000,32,-117.083048,46.778944,2000_32,SB,,100,0,1,,,,,,,42.99,1.887,0.1474,43.48,0.6419,0.1531,558.9517717,530.8169291,700.1033465,664.9040002
2000,33,-117.08263,46.779013,2000_33,SB,,100,0,1,,,,,,,42.03,1.671,0.1349,45.79,0.32,0.105,392.6574803,375.7480315,457.3917323,436.5151556
2000,34,-117.082212,46.77905,2000_34,SB,,100,0,1,,,,,,,42.3,1.937,0.1467,44.93,0.7519,0.1761,505.5757874,483.0314961,515.1919291,491.3851055
2000,35,-117.081794,46.778852,2000_35,SB,,100,0,1,,,,,,,42.43,1.471,0.1227,45.71,0.2972,0.07899,456.0137795,435.5413386,562.5393701,538.5550999
2000,36,-117.0814058,46.77900737,2000_36,SB,,100,0,1,,,,,,,42.12,1.44,0.1224,44.26,0.3067,0.08,630.1082677,596.3188976,732.7362205,700.7110063
2000,37,-117.080958,46.778993,2000_37,SB,,100,0,0,,,,,,,,,,,,,,,,
2000,38,-117.08054,46.778849,2000_38,SB,,100,0,1,,,,,,,42.39,1.644,0.1379,44.84,0.294,0.09629,491.9980315,473.6811024,612.2834646,583.6982345
2000,39,-117.080122,46.779112,2000_39,SB,,100,0,0,,,,,,,,,,,,,,,,
2000,40,-117.079704,46.779083,2000_40,SB,,100,0,0,,,,,,,,,,,,,,,,
2000,41,-117.079286,46.779047,2000_41,SB,,100,0,1,,,,,,,42.34,1.549,0.1277,,,,,580.9055118,,
2000,42,-117.0887062,46.77911338,2000_42,SB,,100,0,1,,,,,,,41.55,1.66,0.1235,,,,,646.8503937,,
2000,43,-117.088318,46.779153,2000_43,SB,,100,0,1,,,,,,,43.79,1.872,0.1456,,,,,596.7027559,,
2000,44,-117.0879,46.779128,2000_44,SB,,100,0,1,,,,,,,41.97,1.606,0.1402,,,,,431.003937,,
2000,45,-117.0874635,46.77928833,2000_45,SB,,100,0,1,,,,,,,42.4,2.104,0.1779,,,,,414.7145669,,
2000,46,-117.087064,46.779278,2000_46,SB,,100,0,1,,,,,,,42.47,1.765,0.1446,,,,,377.1161417,,
2000,47,-117.086646,46.779363,2000_47,SB,,100,0,1,,,,,,,42.49,1.938,0.1508,,,,,600.6889764,,
2000,48,-117.086228,46.779333,2000_48,SB,,100,0,1,,,,,,,43.73,1.772,0.1218,,,,,648.4744094,,
2000,49,-117.08581,46.779238,2000_49,SB,,100,0,1,,,,,,,43.89,1.915,0.1295,,,,,590.2066929,,
2000,50,-117.0853355,46.77932123,2000_50,SB,,100,0,1,,,,,,,43.79,1.65,0.1303,,,,,527.8051181,,
2000,51,-117.0849635,46.77919681,2000_51,SB,,100,0,1,,,,,,,43.65,1.633,0.1168,,,,,624.4586614,,
2000,52,-117.084556,46.779293,2000_52,SB,,100,0,1,,,,,,,43.27,1.906,0.1342,,,,,504.0846457,,
2000,53,-117.084138,46.779246,2000_53,SB,,100,0,1,,,,,,,43.6,1.68,0.119,,,,,503.3464567,,
2000,54,-117.08372,46.779309,2000_54,SB,,100,0,1,,,,,,,43.79,1.665,0.1145,43.52,0.4727,0.1115,625.4576772,590.6102362,790.4872047,753.0515922
2000,55,-117.083302,46.77923,2000_55,SB,,100,0,1,,,,,,,43.69,1.868,0.1279,42.71,0.7489,0.1204,503.4940945,476.1909449,659.3503937,631.3716579
2000,56,-117.0829019,46.77931128,2000_56,SB,,100,0,1,,,,,,,43.9,1.698,0.1251,45.26,0.4141,0.1189,558.6417323,527.519685,834.3208661,797.9637512
2000,57,-117.082466,46.779336,2000_57,SB,,100,0,1,,,,,,,43.76,1.868,0.1258,44.82,0.8745,0.1437,520.2017717,494.6456693,725.3690945,693.3808334
2000,58,-117.082048,46.779138,2000_58,SB,,100,0,1,,,,,,,43.67,1.66,0.1195,44.92,0.3949,0.09152,514.2913386,487.0177165,610.8562992,583.4205268
2000,59,-117.0816002,46.77925244,2000_59,SB,,100,0,1,,,,,,,43.12,1.66,0.1221,42.22,0.6431,0.1335,441.7322835,419.4980315,573.5728346,548.6057961
2000,60,-117.081212,46.779279,2000_60,SB,,100,0,1,,,,,,,43.4,1.704,0.123,42.52,0.4383,0.06926,665.5856299,628.7007874,807.3474409,772.8719265
2000,61,-117.080794,46.779135,2000_61,SB,,100,0,0,,,,,,,,,,,,,,,,
2000,62,-117.0803999,46.77941847,2000_62,SB,,100,0,1,,,,,,,43.51,1.581,0.1202,,,,,526.1318898,,
2000,63,-117.079958,46.779369,2000_63,SB,,100,0,1,,,,,,,43.05,1.534,0.1152,,,,,585.1870079,,
2000,64,-117.07954,46.779333,2000_64,SB,,100,0,1,,,,,,,,,,,,,,477.7559055,,
2000,65,-117.079122,46.779254,2000_65,SB,,100,0,1,,,,,,,43.49,1.564,0.12,,,,,371.2598425,,
2000,66,-117.0787339,46.77928646,2000_66,SB,,100,0,1,,,,,,,43.19,1.633,0.1201,,,,,501.9685039,,
2000,67,-117.078286,46.779271,2000_67,SB,,100,0,1,,,,,,,43.68,1.775,0.1381,,,,,560.2854331,,
2000,68,-117.088231,46.779439,2000_68,SB,,100,0,1,,,,,,,43.1,1.683,0.1269,,,,,517.1259843,,
2000,69,-117.087813,46.779414,2000_69,SB,,100,0,1,,,,,,,43.06,1.668,0.128,,,,,456.5944882,,
2000,70,-117.087395,46.779587,2000_70,SB,,100,0,1,,,,,,,43.67,1.844,0.1355,,,,,399.3602362,,
2000,71,-117.086977,46.779564,2000_71,SB,,100,0,1,,,,,,,43.66,1.7,0.1227,,,,,537.8937008,,
2000,72,-117.086559,46.779649,2000_72,SB,,100,0,1,,,,,,,43.95,1.991,0.1379,,,,,547.0472441,,
2000,73,-117.0861725,46.77963697,2000_73,SB,,100,0,1,,,,,,,43.54,1.865,0.1311,,,,,534.2519685,,
2000,74,-117.0856916,46.77950963,2000_74,SB,,100,0,1,,,,,,,43.88,1.644,0.1279,,,,,597.9822835,,
2000,75,-117.085305,46.779642,2000_75,SB,,100,0,1,,,,,,,42.92,1.47,0.1121,,,,,389.3208661,,
2000,76,-117.084887,46.77949,2000_76,SB,,100,0,1,,,,,,,43.84,2.004,0.1441,,,,,526.230315,,
2000,77,-117.084469,46.779579,2000_77,SB,,100,0,1,,,,,,,43.25,1.652,0.1209,,,,,481.988189,,
2000,78,-117.084051,46.779532,2000_78,SB,,100,0,1,,,,,,,43.36,1.538,0.1196,,,,,408.0708661,,
2000,79,-117.083633,46.779595,2000_79,SB,,100,0,1,,,,,,,43.63,1.474,0.1181,43.78,0.3641,0.09435,375.9399606,359.4094488,597.6820866,569.8114207
2000,80,-117.083215,46.779516,2000_80,SB,,100,0,1,,,,,,,43.75,1.639,0.1223,42.81,0.3817,0.07659,521.7913386,497.8937008,774.1732283,740.8098964
2000,81,-117.082797,46.779585,2000_81,SB,,100,0,1,,,,,,,43.66,1.538,0.1147,42.24,0.4438,0.09526,476.875,455.3248031,747.7805118,712.2556475
2000,82,-117.082379,46.779622,2000_82,SB,,100,0,1,,,,,,,43.44,1.626,0.1238,44.34,0.5889,0.1819,427.9872047,407.7362205,644.0108268,614.7560664
2000,83,-117.081961,46.779424,2000_83,SB,,100,0,1,,,,,,,43.74,1.849,0.1419,43.94,0.5663,0.1361,444.5767717,423.1397638,515.6102362,492.9529497
2000,84,-117.081543,46.779563,2000_84,SB,,100,0,1,,,,,,,43.38,1.451,0.1099,,,,523.7549213,500.4035433,603.2135827,575.0464243
2000,85,-117.081125,46.779565,2000_85,SB,,100,0,1,,,,,,,43.22,1.605,0.1208,45.23,0.3302,0.08136,505.9202756,483.6712598,682.859252,651.7096646
2000,86,-117.080707,46.779421,2000_86,SB,,100,0,1,,,,,,,43.63,1.756,0.1362,45.07,0.376,0.08362,500.0393701,476.6830709,666.4468504,639.7957981
2000,87,-117.080289,46.779684,2000_87,SB,,100,0,1,,,,,,,43.66,1.712,0.1324,,,,,471.4566929,,
2000,88,-117.079871,46.779655,2000_88,SB,,100,0,1,,,,,,,43.96,1.758,0.1356,,,,,490.5019685,,
2000,89,-117.079447,46.77960671,2000_89,SB,,100,0,1,,,,,,,43.53,1.669,0.1258,,,,,559.7933071,,
2000,90,-117.079035,46.77954,2000_90,SB,,100,0,1,,,,,,,43.33,1.503,0.1193,,,,,491.3385827,,
2000,91,-117.078617,46.779552,2000_91,SB,,100,0,1,,,,,,,43.48,1.445,0.1133,,,,,535.5314961,,
2000,92,-117.078199,46.779557,2000_92,SB,,100,0,1,,,,,,,43.6,1.611,0.1263,,,,,518.75,,
2000,93,-117.077781,46.779494,2000_93,SB,,100,0,1,,,,,,,43.47,1.693,0.1248,,,,,556.1023622,,
2000,94,-117.077363,46.779658,2000_94,SB,,100,0,1,,,,,,,43.05,1.62,0.1239,,,,,545.5708661,,
2000,95,-117.088073,46.77971682,2000_95,SB,,100,0,1,,,,,,,43.87,1.803,0.1344,,,,,527.1653543,,
2000,96,-117.087663,46.7797,2000_96,SB,,100,0,1,,,,,,,43.94,1.505,0.1219,,,,,535.4330709,,
2000,97,-117.087245,46.779873,2000_97,SB,,100,0,1,,,,,,,44.43,2.175,0.1545,,,,,416.8799213,,
2000,98,-117.086827,46.77985,2000_98,SB,,100,0,1,,,,,,,44.96,1.604,0.1295,,,,,483.8582677,,
2000,99,-117.086409,46.779935,2000_99,SB,,100,0,1,,,,,,,44.3,1.733,0.1265,,,,,564.9114173,,
2000,100,-117.085991,46.779905,2000_100,SB,,100,0,1,,,,,,,44.05,2.135,0.1547,,,,,603.4448819,,
2000,101,-117.085573,46.77981,2000_101,SB,,100,0,1,,,,,,,44.32,1.69,0.1318,,,,,463.0905512,,
2000,102,-117.085155,46.779928,2000_102,SB,,100,0,1,,,,,,,44.37,1.556,0.1239,,,,,500.6889764,,
2000,103,-117.084737,46.779776,2000_103,SB,,100,0,1,,,,,,,44.67,1.582,0.1252,,,,,450.3937008,,
2000,104,-117.0843452,46.77988297,2000_104,SB,,100,0,1,,,,,,,44.84,1.672,0.1337,,,,,399.753937,,
2000,105,-117.083901,46.779818,2000_105,SB,,100,0,1,,,,,,,44.69,1.423,0.1235,,,,,425.3444882,,
2000,106,-117.083483,46.779881,2000_106,SB,,100,0,1,,,,,,,44.83,1.719,0.1383,44.66,0.6625,0.1492,379.4340551,363.7893701,336.0187008,322.8597449
2000,107,-117.083065,46.779802,2000_107,SB,,100,0,1,,,,,,,44.01,1.255,0.1137,43.65,0.3053,0.1036,406.7519685,391.988189,504.9606299,483.6500845
2000,108,-117.082647,46.779871,2000_108,SB,,100,0,1,,,,,,,44.45,1.645,0.1364,44.91,0.2541,0.06946,463.2923228,446.761811,650.7332677,623.2803296
2000,109,-117.0821935,46.77987977,2000_109,SB,,100,0,1,,,,,,,43.62,1.496,0.1155,44.52,0.3107,0.08399,563.976378,545.4330709,776.1811024,742.1023239
2000,110,-117.0817533,46.77967045,2000_110,SB,,100,0,1,,,,,,,44.82,1.885,0.1421,45.7,0.3918,0.08116,479.1683071,460.738189,653.0167323,625.7201216
2000,111,-117.081393,46.779849,2000_111,SB,,100,0,1,,,,,,,45.13,1.811,0.1434,45.3,0.3849,0.1089,428.3267717,413.4448819,504.2519685,482.895167
2000,112,-117.080975,46.779851,2000_112,SB,,100,0,1,,,,,,,44.17,1.628,0.1286,43.88,0.3935,0.1101,467.9084646,449.9114173,719.7391732,689.5255124
2000,113,-117.0805391,46.77969063,2000_113,SB,,100,0,1,,,,,,,43.89,1.662,0.1273,45.32,0.3306,0.1097,460.9596457,442.3818898,570.9793307,546.9060211
2000,114,-117.080139,46.77997,2000_114,SB,,100,0,1,,,,,,,,,,,,,,,,
2000,115,-117.0797031,46.77992463,2000_115,SB,,100,0,1,,,,,,,45.45,1.749,0.1424,,,,,383.2185039,,
2000,116,-117.079303,46.779905,2000_116,SB,,100,0,1,,,,,,,44.7,1.802,0.1465,,,,,518.011811,,
2000,117,-117.078885,46.779826,2000_117,SB,,100,0,1,,,,,,,43.87,1.722,0.1331,,,,,510.9251969,,
2000,118,-117.078467,46.779838,2000_118,SB,,100,0,1,,,,,,,44.5,1.619,0.1281,,,,,530.8562992,,
2000,119,-117.0780192,46.77982663,2000_119,SB,,100,0,1,,,,,,,44.29,1.773,0.1389,,,,,496.3090551,,
2000,120,-117.077631,46.77978,2000_120,SB,,100,0,1,,,,,,,43.95,1.721,0.1383,,,,,546.3582677,,
2000,121,-117.077213,46.779944,2000_121,SB,,100,0,1,,,,,,,45.3,2.615,0.1916,,,,,312.5,,
2000,122,-117.087699,46.779986,2000_122,SB,,100,0,0,,,,,,,,,,,,,,,,
2000,123,-117.087281,46.780159,2000_123,SB,,100,5.3,1,,,,,,,44.12,1.884,0.1429,,,,,700.492126,,
2000,124,-117.086863,46.780136,2000_124,SB,,100,0,1,,,,,,,44.8,1.74,0.1412,,,,,505.9547244,,
2000,125,-117.086445,46.780221,2000_125,SB,,100,0,1,,,,,,,44.58,1.716,0.1374,,,,,488.5334646,,
2000,126,-117.0860113,46.78018382,2000_126,SB,,100,0,1,,,,,,,44.27,1.832,0.1415,,,,,521.7519685,,
2000,127,-117.0855933,46.78008882,2000_127,SB,,100,0,1,,,,,,,45,1.935,0.1376,,,,,543.4055118,,
2000,128,-117.085191,46.780214,2000_128,SB,,100,0,1,,,,,,,44.45,1.474,0.1221,,,,,533.5137795,,
2000,129,-117.084773,46.780062,2000_129,SB,,100,0,1,,,,,,,44.98,1.711,0.1316,,,,,523.0314961,,
2000,130,-117.084355,46.780151,2000_130,SB,,100,0,1,,,,,,,45.05,1.426,0.1293,,,,,434.3996063,,
2000,131,-117.083937,46.780104,2000_131,SB,,100,0,1,,,,,,,43.98,1.352,0.1171,,,,,392.7165354,,
2000,132,-117.083519,46.780167,2000_132,SB,,100,0,1,,,,,,,44.53,1.519,0.1251,45.15,0.2641,0.0763,470,455.7185039,692.4507874,664.2201361
2000,133,-117.083101,46.780088,2000_133,SB,,100,0,1,,,,,,,44.3,1.426,0.1221,45.17,0.3951,0.1046,559.9360236,531.7519685,734.7982283,703.5730964
2000,134,-117.082683,46.780157,2000_134,SB,,100,0,1,,,,,,,44.87,1.705,0.1318,43.92,0.4105,0.09105,573.7942913,545.4330709,681.2253937,652.7312243
2000,135,-117.082265,46.780194,2000_135,SB,,100,0,1,,,,,,,44.28,1.441,0.1193,44.62,0.3824,0.1058,456.9685039,433.9665354,643.8681102,615.7214357
2000,136,-117.081847,46.779996,2000_136,SB,,100,0,1,,,,,,,44.82,1.618,0.1316,44.99,0.3685,0.09074,457.9183071,442.4311024,663.4399606,634.4164045
2000,137,-117.0814529,46.78014727,2000_137,SB,,100,0,1,,,,,,,44.44,1.433,0.1206,44.66,0.2907,0.06624,561.5206693,539.2322835,686.5600394,657.1522678
2000,138,-117.081011,46.780137,2000_138,SB,,100,0,1,,,,,,,44.67,1.827,0.1388,43.95,0.4796,0.1037,421.2942913,406.6535433,457.9872047,436.9515033
2000,139,-117.080593,46.779993,2000_139,SB,,100,0,1,,,,,,,44.9,1.871,0.1449,44.7,0.6171,0.1722,422.9625984,410.246063,495.0492126,473.7193771
2000,140,-117.080175,46.780256,2000_140,SB,,100,0,1,,,,,,,45.06,1.864,0.1488,,,,,381.742126,,
2000,141,-117.079757,46.780227,2000_141,SB,,100,0,1,,,,,,,44.99,1.907,0.1511,,,,,388.484252,,
2000,142,-117.079339,46.780191,2000_142,SB,,100,0,1,,,,,,,45.14,1.648,0.1373,,,,,464.8622047,,
2000,143,-117.0789031,46.78010382,2000_143,SB,,100,0,1,,,,,,,45.05,1.727,0.1405,,,,,326.0334646,,
2000,144,-117.078503,46.780124,2000_144,SB,,100,0,1,,,,,,,44.9,1.799,0.1431,,,,,439.9606299,,
2000,145,-117.078085,46.780129,2000_145,SB,,100,0,1,,,,,,,45.37,1.982,0.1571,,,,,399.9507874,,
2000,146,-117.077667,46.780066,2000_146,SB,,100,0,1,,,,,,,44.37,2.46,0.174,,,,,383.6614173,,
2000,147,-117.077249,46.78023,2000_147,SB,,100,0,1,,,,,,,45.6,2.405,0.1745,,,,,325.6889764,,
2000,148,-117.076831,46.780004,2000_148,SB,,100,0,1,,,,,,,44.94,1.537,0.1351,,,,,520.4724409,,
2000,149,-117.087103,46.780422,2000_149,SB,,100,0,1,,,,,,,45.17,2.045,0.1563,,,,,603.8877953,,
2000,150,-117.086685,46.780507,2000_150,SB,,100,0,1,,,,,,,45.14,1.571,0.1281,,,,,560.3346457,,
2000,151,-117.0862251,46.78045544,2000_151,SB,,100,0,1,,,,,,,44.78,1.868,0.1413,,,,,453.8877953,,
2000,152,-117.0858333,46.78037122,2000_152,SB,,100,0,1,,,,,,,44.88,1.839,0.1319,,,,,538.730315,,
2000,153,-117.085431,46.7805,2000_153,SB,,100,0,1,,,,,,,45.1,1.864,0.1348,,,,,578.5925197,,
2000,154,-117.085013,46.780348,2000_154,SB,,100,0,1,,,,,,,44.58,1.676,0.135,,,,,574.015748,,
2000,155,-117.084595,46.780437,2000_155,SB,,100,0,1,,,,,,,44.42,1.879,0.1482,,,,,424.2125984,,
2000,156,-117.084177,46.78039,2000_156,SB,,100,0,1,,,,,,,44.96,1.821,0.1485,,,,,479.9212598,,
2000,157,-117.083759,46.780453,2000_157,SB,,100,0,1,,,,,,,44.58,1.482,0.1298,45.32,0.2735,0.1083,456.9242126,445.9251969,553.8041339,530.6658749
2000,158,-117.083341,46.780374,2000_158,SB,,100,0,1,,,,,,,44.27,1.674,0.1386,45.49,0.5405,0.164,394.0797244,383.7204724,479.2470472,457.7171524
2000,159,-117.082923,46.780443,2000_159,SB,,100,0,1,,,,,,,44.37,1.587,0.1299,44.49,0.4282,0.112,459.8622047,446.4665354,568.6318898,542.884016
2000,160,-117.082505,46.78048,2000_160,SB,,100,0,1,,,,,,,45.23,1.575,0.1299,44.41,0.3857,0.1361,473.5088583,451.5354331,566.2549213,538.5555044
2000,161,-117.082087,46.780282,2000_161,SB,,100,0,1,,,,,,,44.65,1.415,0.1236,42.8,0.3955,0.1389,506.6781496,486.7224409,689.0895669,657.6956544
2000,162,-117.0816451,46.78040873,2000_162,SB,,100,0,1,,,,,,,44.9,1.52,0.1318,43.82,0.334,0.07525,369.9458661,359.753937,603.4301181,577.1974054
2000,163,-117.081251,46.780423,2000_163,SB,,100,0,1,,,,,,,44.8,1.635,0.1284,44.84,0.4565,0.1166,483.8090551,470.4822835,621.6043307,594.7464965
2000,164,-117.080833,46.780279,2000_164,SB,,100,0,1,,,,,,,45.21,1.791,0.1453,45.09,0.5451,0.1373,396.4566929,381.2106299,399.9015748,381.9334886
2000,165,-117.080415,46.780542,2000_165,SB,,100,0,1,,,,,,,45.25,1.805,0.1423,,,,,466.9783465,,
2000,166,-117.079997,46.780513,2000_166,SB,,100,0,1,,,,,,,45.18,1.88,0.1432,,,,,536.4173228,,
2000,167,-117.079579,46.780477,2000_167,SB,,100,0,1,,,,,,,44.98,1.96,0.1543,,,,,418.7007874,,
2000,168,-117.079161,46.780398,2000_168,SB,,100,0,1,,,,,,,45.25,1.631,0.1393,,,,,417.519685,,
2000,169,-117.078743,46.78041,2000_169,SB,,100,0,1,,,,,,,45.62,2.37,0.1759,,,,,444.8818898,,
2000,170,-117.078325,46.780415,2000_170,SB,,100,0,1,,,,,,,,,,,,,,418.011811,,
2000,171,-117.077907,46.780352,2000_171,SB,,100,0,1,,,,,,,45.2,1.796,0.1471,,,,,426.5255906,,
2000,172,-117.077489,46.780516,2000_172,SB,,100,0,1,,,,,,,44.56,1.62,0.1352,,,,,450.4429134,,
2000,173,-117.077071,46.78029,2000_173,SB,,100,0,1,,,,,,,45.17,1.998,0.1634,,,,,415.4035433,,
2000,174,-117.076653,46.780414,2000_174,SB,,100,0,1,,,,,,,44.61,1.546,0.1305,,,,,452.6574803,,
2000,175,-117.086879,46.780708,2000_175,SB,,100,0,1,,,,,,,45.53,2.255,0.1731,,,,,558.6614173,,
2000,176,-117.0864768,46.78080097,2000_176,SB,,100,0,1,,,,,,,44.74,1.995,0.1513,,,,,489.4192913,,
2000,177,-117.086043,46.780763,2000_177,SB,,100,0,1,,,,,,,44.79,1.628,0.1299,,,,,378.9862205,,
2000,178,-117.085625,46.780668,2000_178,SB,,100,0,1,,,,,,,45.11,1.474,0.1258,,,,,425.5905512,,
2000,179,-117.085207,46.780786,2000_179,SB,,100,0,1,,,,,,,44.68,1.566,0.1361,,,,,510.6299213,,
2000,180,-117.084789,46.780634,2000_180,SB,,100,0,1,,,,,,,44.69,1.592,0.1374,,,,,449.753937,,
2000,181,-117.084371,46.780723,2000_181,SB,,100,0,1,,,,,,,45.06,1.521,0.1234,,,,,460.2362205,,
2000,182,-117.0839212,46.78065692,2000_182,SB,,100,0,1,,,,,,,44.52,1.533,0.1278,,,,,450.4429134,,
2000,183,-117.083535,46.780739,2000_183,SB,,100,0,1,,,,,,,44.81,1.697,0.1273,45.86,0.2861,0.0694,509.9606299,496.0728346,758.4448819,727.6611818
2000,184,-117.083117,46.78066,2000_184,SB,,100,0,1,,,,,,,44.73,1.497,0.1268,44.84,0.3198,0.08304,409.5964567,398.8287402,551.230315,528.3479066
2000,185,-117.082699,46.780729,2000_185,SB,,100,0,1,,,,,,,45.3,1.702,0.1363,44.14,0.3516,0.08538,441.4419291,430.8169291,686.8061024,658.524632
2000,186,-117.082281,46.780766,2000_186,SB,,100,0,1,,,,,,,44.79,1.656,0.1314,44.81,0.4037,0.1118,433.4251969,422.992126,674.8917323,647.6008913
2000,187,-117.081863,46.780568,2000_187,SB,,100,0,1,,,,,,,45.04,1.458,0.1256,45.09,0.3422,0.1076,383.8877953,375.5019685,481.8110236,462.3874301
2000,188,-117.081445,46.780707,2000_188,SB,,100,0,1,,,,,,,44.91,1.471,0.1213,44.45,0.3876,0.1207,366.0629921,358.769685,502.0964567,481.6706997
2000,189,-117.081027,46.780709,2000_189,SB,,100,0,1,,,,,,,45.78,1.842,0.1434,45.25,0.5376,0.1326,501.9340551,487.3129921,600.0836614,575.554643
2000,190,-117.080609,46.780565,2000_190,SB,,100,0,1,,,,,,,45.66,1.663,0.1283,43.74,0.5139,0.1203,490.9005906,476.1417323,705.4084646,673.8756519
2000,191,-117.080191,46.780828,2000_191,SB,,100,0,1,,,,,,,45.41,1.766,0.1331,,,,,489.3700787,,
2000,192,-117.079773,46.780799,2000_192,SB,,100,0,1,,,,,,,44.61,2.005,0.1462,,,,,444.734252,,
2000,193,-117.079355,46.780763,2000_193,SB,,100,0,1,,,,,,,45.05,1.755,0.1278,,,,,485.3838583,,
2000,194,-117.0789131,46.78066353,2000_194,SB,,100,0,1,,,,,,,44.81,1.773,0.1382,,,,,495.7185039,,
2000,195,-117.078519,46.780696,2000_195,SB,,100,0,1,,,,,,,44.78,1.551,0.1248,,,,,494.8326772,,
2000,196,-117.078101,46.780701,2000_196,SB,,100,0,1,,,,,,,44.78,1.579,0.128,,,,,462.3031496,,
2000,197,-117.077683,46.780638,2000_197,SB,,100,0,1,,,,,,,44.63,1.947,0.1518,,,,,485.0393701,,
2000,198,-117.077265,46.780802,2000_198,SB,,100,0,1,,,,,,,44.98,1.825,0.1473,,,,,489.6653543,,
2000,199,-117.076847,46.780576,2000_199,SB,,100,0,1,,,,,,,44.76,1.793,0.1458,,,,,482.7755906,,
2000,200,-117.0866262,46.7810531,2000_200,SB,,100,0,1,,,,,,,45.13,1.656,0.1326,,,,,519.6850394,,
2000,201,-117.086242,46.781049,2000_201,SB,,100,0,1,,,,,,,44.7,1.719,0.1376,,,,,488.238189,,
2000,202,-117.085824,46.780954,2000_202,SB,,100,0,1,,,,,,,44.29,1.812,0.1394,,,,,457.6771654,,
2000,203,-117.085406,46.781072,2000_203,SB,,100,0,1,,,,,,,45.14,1.82,0.1499,,,,,436.269685,,
2000,204,-117.084988,46.78092,2000_204,SB,,100,0,1,,,,,,,44.8,1.697,0.1439,,,,,427.5590551,,
2000,205,-117.08457,46.781009,2000_205,SB,,100,0,1,,,,,,,44.9,1.564,0.1318,,,,,473.2775591,,
2000,206,-117.084152,46.780962,2000_206,SB,,100,0,1,,,,,,,45.07,1.714,0.1324,,,,,325.1476378,,
2000,207,-117.083755,46.78103938,2000_207,SB,,100,0,1,,,,,,,44.49,1.823,0.1385,43.79,0.4677,0.1125,561.8356299,544.9409449,673.7942913,644.1494003
2000,208,-117.083316,46.780946,2000_208,SB,,100,0,1,,,,,,,45.34,1.934,0.1478,43.83,0.5147,0.1067,400.4478346,391.4468504,515.2017717,492.4028067
2000,209,-117.082898,46.781015,2000_209,SB,,100,0,1,,,,,,,45.74,2.284,0.1689,46.4,0.4818,0.1347,392.1604331,383.7204724,481.2155512,458.9413144
2000,210,-117.08248,46.781052,2000_210,SB,,100,0,1,,,,,,,45.27,2.085,0.1542,43.03,0.5974,0.1574,441.5108268,431.1614173,719.4143701,689.2594441
2000,211,-117.082062,46.780854,2000_211,SB,,100,0,1,,,,,,,44.82,1.574,0.1186,43.4,0.5647,0.1091,451.7667323,440.4625984,777.4655512,746.1428398
2000,212,-117.081644,46.780993,2000_212,SB,,100,0,1,,,,,,,44.5,1.513,0.1283,44.64,0.3738,0.1209,525.5068898,509.2125984,743.7352362,711.2295604
2000,213,-117.081226,46.780995,2000_213,SB,,100,0,0,,,,,,,,,,,,,,,,
2000,214,-117.080808,46.780851,2000_214,SB,,100,0,1,,,,,,,45.13,1.555,0.1301,45.04,0.4841,0.1327,297.5393701,289.5275591,454.3307087,434.4754925
2000,215,-117.0804377,46.78111806,2000_215,SB,,100,0,1,,,,,,,45.35,1.913,0.1467,,,,,422.3425197,,
2000,216,-117.079972,46.781085,2000_216,SB,,100,0,1,,,,,,,45.76,2.234,0.164,,,,,415.9448819,,
2000,217,-117.079554,46.781049,2000_217,SB,,100,0,1,,,,,,,44.87,1.906,0.1459,,,,,499.9015748,,
2000,218,-117.079136,46.78097,2000_218,SB,,100,0,1,,,,,,,44.66,1.539,0.1262,,,,,563.730315,,
2000,219,-117.078718,46.780982,2000_219,SB,,100,0,1,,,,,,,44.98,1.546,0.1229,,,,,579.4291339,,
2000,220,-117.0783,46.780987,2000_220,SB,,100,0,1,,,,,,,44.56,1.747,0.1386,,,,,562.5984252,,
2000,221,-117.077882,46.780924,2000_221,SB,,100,0,1,,,,,,,44.62,1.53,0.1298,,,,,540.6003937,,
2000,222,-117.077464,46.781088,2000_222,SB,,100,0,1,,,,,,,44.66,1.51,0.1303,,,,,470.6200787,,
2000,223,-117.077046,46.780862,2000_223,SB,,100,0,1,,,,,,,45.2,1.7,0.1442,,,,,546.4074803,,
2000,224,-117.076628,46.780986,2000_224,SB,,100,0,1,,,,,,,45.02,1.485,0.1304,,,,,285.1377953,,
2000,225,-117.086295,46.781365,2000_225,SB,,100,0,1,,,,,,,45.19,1.638,0.1384,,,,,360.9251969,,
2000,226,-117.0858613,46.78132062,2000_226,SB,,100,0,1,,,,,,,44.23,1.479,0.1239,,,,,645.5216535,,
2000,227,-117.0854328,46.78122203,2000_227,SB,,100,0,1,,,,,,,45.32,1.931,0.1521,,,,,426.476378,,
2000,228,-117.085041,46.781358,2000_228,SB,,100,0,1,,,,,,,45.58,1.976,0.1639,,,,,332.0866142,,
2000,229,-117.084623,46.781206,2000_229,SB,,100,0,1,,,,,,,44.91,1.614,0.1254,,,,,562.5,,
2000,230,-117.084205,46.781295,2000_230,SB,,100,0,1,,,,,,,45.25,1.806,0.1461,,,,,424.1633858,,
2000,231,-117.083787,46.781248,2000_231,SB,,100,0,1,,,,,,,45.05,1.604,0.1335,43.24,0.5382,0.1337,422.9183071,409.4094488,514.5324803,491.178454
2000,232,-117.0832823,46.78127044,2000_232,SB,,100,0,1,,,,,,,45.03,1.614,0.1286,44.45,0.4,0.09991,345.6889764,335.2952756,496.4862205,475.1798816
2000,233,-117.082951,46.781232,2000_233,SB,,100,0,1,,,,,,,44.92,1.475,0.1263,45.12,0.3987,0.07827,372.7952756,363.3464567,556.9291339,531.7758131
2000,234,-117.082533,46.781301,2000_234,SB,,100,0,1,,,,,,,44.05,1.697,0.1159,42.32,0.3574,0.09228,452.101378,440.2165354,736.0383858,701.576552
2000,235,-117.082115,46.781338,2000_235,SB,,100,0,1,,,,,,,44.34,1.893,0.134,44.29,0.4862,0.1249,460.3100394,450.2559055,648.2037402,623.139097
2000,236,-117.081697,46.78114,2000_236,SB,,100,0,1,,,,,,,44.13,1.946,0.1399,44.65,0.5095,0.1357,453.5826772,442.0866142,567.0374016,546.2899805
2000,237,-117.0812437,46.78126348,2000_237,SB,,100,0,1,,,,,,,45.11,2.367,0.1692,43.92,0.85,0.177,420.2706693,412.1653543,527.746063,503.1687693
2000,238,-117.080861,46.781281,2000_238,SB,,100,0,1,,,,,,,44.11,1.765,0.1314,44.3,0.4989,0.1268,531.4419291,519.1535433,720.378937,686.0120483
2000,239,-117.080455,46.78115338,2000_239,SB,,100,0,1,,,,,,,44.36,1.924,0.1466,44.23,0.5533,0.1529,352.859252,344.2519685,612.7411417,588.2674208
2000,240,-117.0801105,46.78144636,2000_240,SB,,100,0,1,,,,,,,44.51,1.911,0.1393,,,,,607.726378,,
2000,241,-117.079607,46.781371,2000_241,SB,,100,0,1,,,,,,,,,,,,,,,,
2000,242,-117.079189,46.781335,2000_242,SB,,100,0,1,,,,,,,44.05,1.641,0.131,,,,,472.8346457,,
2000,243,-117.078771,46.781256,2000_243,SB,,100,0,1,,,,,,,44.02,1.554,0.1299,,,,,671.7519685,,
2000,244,-117.0783888,46.78129255,2000_244,SB,,100,0,1,,,,,,,43.89,1.539,0.1262,,,,,525.1476378,,
2000,245,-117.077935,46.781273,2000_245,SB,,100,0,1,,,,,,,44.27,1.496,0.1249,,,,,329.5767717,,
2000,246,-117.077517,46.78121,2000_246,SB,,100,0,1,,,,,,,44.33,1.659,0.1334,,,,,480.757874,,
2000,247,-117.077099,46.781374,2000_247,SB,,100,0,1,,,,,,,44.55,1.779,0.1445,,,,,529.5767717,,
2000,248,-117.0766989,46.78116437,2000_248,SB,,100,0,1,,,,,,,44.58,1.762,0.1486,,,,,396.7027559,,
2000,249,-117.085864,46.781526,2000_249,SB,,100,0,1,,,,,,,44.31,1.694,0.133,,,,,586.2204724,,
2000,250,-117.085446,46.781644,2000_250,SB,,100,0,1,,,,,,,44.07,1.636,0.1299,,,,,440.0098425,,
2000,251,-117.085028,46.781492,2000_251,SB,,100,0,1,,,,,,,44.31,1.594,0.1279,,,,,440.2559055,,
2000,252,-117.0845785,46.78155584,2000_252,SB,,100,0,1,,,,,,,44.33,1.607,0.1312,,,,,391.6830709,,
2000,253,-117.084192,46.781534,2000_253,SB,,100,0,1,,,,,,,44.47,2.113,0.1579,43.97,0.8008,0.1737,386.9045276,377.9625984,559.4045276,537.4221656
2000,254,-117.083774,46.781597,2000_254,SB,,100,0,1,,,,,,,44.31,1.698,0.1285,44.62,0.4472,0.09856,353.4990157,346.9094488,565.9399606,543.7149372
2000,255,-117.083356,46.781518,2000_255,SB,,100,0,1,,,,,,,43.75,1.659,0.1282,45.46,0.4194,0.1009,490.5314961,474.8622047,632.3523622,608.4507038
2000,256,-117.082938,46.781587,2000_256,SB,,100,0,1,,,,,,,44.68,1.925,0.1522,43.46,0.4484,0.1012,409.4635827,401.0433071,576.9537402,553.5348274
2000,257,-117.08252,46.781624,2000_257,SB,,100,0,1,,,,,,,44.51,2.064,0.1552,43.75,0.6727,0.1577,515.7529528,497.3523622,721.3533465,692.7300344
2000,258,-117.082102,46.781426,2000_258,SB,,100,0,1,,,,,,,44.14,1.674,0.1266,44.57,0.449,0.1102,344.5964567,336.0826772,569.8720472,547.8827033
2000,259,-117.081684,46.781565,2000_259,SB,,100,0,1,,,,,,,44.86,2.088,0.1565,44.13,0.7371,0.1484,570.9744094,556.5059055,665,638.9314585
2000,260,-117.081266,46.781567,2000_260,SB,,100,0,1,,,,,,,44.71,1.601,0.1324,,,,350.3001969,340.757874,465.2509843,447.5216649
2000,261,-117.080848,46.781423,2000_261,SB,,100,0,1,,,,,,,44.11,1.791,0.1371,43.53,0.5651,0.1222,557.441437,543.3169291,702.6471457,675.7729592
2000,262,-117.08043,46.781686,2000_262,SB,,100,0,1,,,,,,,44.6,1.858,0.15,,,,,519.6850394,,
2000,263,-117.080012,46.781657,2000_263,SB,,100,0,1,,,,,,,44.58,1.57,0.1252,,,,,523.9665354,,
2000,264,-117.079594,46.781621,2000_264,SB,,100,0,1,,,,,,,43.98,1.805,0.1431,,,,,599.8523622,,
2000,265,-117.0791581,46.78153382,2000_265,SB,,100,0,1,,,,,,,44.21,1.594,0.1289,,,,,550.0984252,,
2000,266,-117.078758,46.781554,2000_266,SB,,100,0,1,,,,,,,43.78,1.521,0.125,,,,,452.6574803,,
2000,267,-117.07834,46.781559,2000_267,SB,,100,0,1,,,,,,,44.63,1.849,0.1516,,,,,584.0059055,,
2000,268,-117.077922,46.781496,2000_268,SB,,100,0,1,,,,,,,43.99,1.426,0.1209,,,,,534.4980315,,
2000,269,-117.077504,46.78166,2000_269,SB,,100,0,1,,,,,,,48.36,1.409,0.128,,,,,572.7362205,,
2000,270,-117.077086,46.781434,2000_270,SB,,100,0,1,,,,,,,44.54,1.835,0.1491,,,,,512.1555118,,
2000,271,-117.076668,46.781558,2000_271,SB,,100,0,1,,,,,,,44.32,1.744,0.1426,,,,,456.496063,,
2000,272,-117.08559,46.781812,2000_272,SB,,100,0,1,,,,,,,44.12,1.5,0.1333,,,,,640.8956693,,
2000,273,-117.085172,46.78193,2000_273,SB,,100,0,1,,,,,,,44.07,1.837,0.1441,,,,,474.6062992,,
2000,274,-117.084754,46.781778,2000_274,SB,,100,0,1,,,,,,,43.87,1.712,0.1349,,,,,428.2972441,,
2000,275,-117.084357,46.78187778,2000_275,SB,,100,0,1,,,,,,,44.51,1.879,0.1413,,,,,596.9980315,,
2000,276,-117.083918,46.78182,2000_276,SB,,100,0,1,,,,,,,44.28,1.778,0.1329,,,,,462.5492126,,
2000,277,-117.0835,46.781883,2000_277,SB,,100,0,1,,,,,,,44.5,1.67,0.1303,44.14,0.5065,0.1017,378.4153543,367.0374016,517.253937,497.7884572
2000,278,-117.083082,46.781804,2000_278,SB,,100,0,1,,,,,,,44.65,1.654,0.124,43.4,0.4756,0.09163,490.2805118,478.9468504,625.4183071,601.6695058
2000,279,-117.0826501,46.78185937,2000_279,SB,,100,0,1,,,,,,,44.47,1.925,0.1429,45.71,0.5068,0.1161,558.9419291,540.5610236,785.644685,756.3003242
2000,280,-117.082246,46.78191,2000_280,SB,,100,0,1,,,,,,,44.4,1.524,0.1226,43.63,0.4344,0.09457,446.5255906,431.7027559,553.6220472,531.6332937
2000,281,-117.0818123,46.78170481,2000_281,SB,,100,0,1,,,,,,,44.38,1.818,0.1397,45.56,0.4669,0.1034,490.0147638,478.0610236,576.9635827,553.7181393
2000,282,-117.08141,46.781851,2000_282,SB,,100,0,1,,,,,,,44.76,1.856,0.1412,44.44,0.5988,0.1283,570.0541339,550.6003937,703.9124016,676.9681113
2000,283,-117.080992,46.781853,2000_283,SB,,100,0,1,,,,,,,44.49,1.961,0.1497,45.18,0.5723,0.1183,541.5895669,529.242126,1034.640748,993.7687838
2000,284,-117.080574,46.781709,2000_284,SB,,100,0,1,,,,,,,44.42,1.954,0.1489,45.33,0.5519,0.1246,371.4079724,363.8877953,613.7298228,588.9094686
2000,285,-117.080156,46.781972,2000_285,SB,,100,0,1,,,,,,,44.94,1.742,0.1348,,,,,584.6948819,,
2000,286,-117.079738,46.781943,2000_286,SB,,100,0,1,,,,,,,44.66,1.692,0.1391,,,,,556.5452756,,
2000,287,-117.07932,46.781907,2000_287,SB,,100,0,1,,,,,,,44.6,1.702,0.1341,,,,,473.2283465,,
2000,288,-117.0788662,46.78180208,2000_288,SB,,100,0,1,,,,,,,43.98,1.564,0.1229,,,,,559.3011811,,
2000,289,-117.078484,46.78184,2000_289,SB,,100,0,1,,,,,,,44.31,1.498,0.1245,,,,,542.9133858,,
2000,290,-117.078066,46.781845,2000_290,SB,,100,0,1,,,,,,,43.69,1.528,0.1295,,,,,527.7559055,,
2000,291,-117.077648,46.781782,2000_291,SB,,100,0,1,,,,,,,44.06,1.782,0.1439,,,,,371.4566929,,
2000,292,-117.07723,46.781946,2000_292,SB,,100,0,0,,,,,,,,,,,,,,,,
2000,293,-117.076812,46.78172,2000_293,SB,,100,0,1,,,,,,,44.61,1.911,0.1475,,,,,408.2185039,,
2000,297,-117.085536,46.782098,2000_297,SB,,100,0,1,,,,,,,44.79,2.083,0.1561,,,,,426.0334646,,
2000,298,-117.085118,46.782216,2000_298,SB,,100,0,1,,,,,,,44.1,1.37,0.1202,,,,,527.3622047,,
2000,299,-117.0847,46.782064,2000_299,SB,,100,0,1,,,,,,,44.62,2,0.156,,,,,560.4822835,,
2000,300,-117.084282,46.782153,2000_300,SB,,100,0,1,,,,,,,44.74,1.734,0.1373,,,,,506.25,,
2000,301,-117.083864,46.782106,2000_301,SB,,100,0,1,,,,,,,44.68,1.779,0.1357,,,,,526.9685039,,
2000,302,-117.0834303,46.78215462,2000_302,SB,,100,0,1,,,,,,,44.48,1.839,0.145,45.37,0.4168,0.09671,565.9399606,544.6948819,797.3474409,764.8988397
2000,303,-117.0830123,46.78207922,2000_303,SB,,100,0,1,,,,,,,44.75,1.727,0.1348,44.13,0.3452,0.07838,500.1181102,486.9685039,620.3051181,594.6349649
2000,304,-117.08261,46.782159,2000_304,SB,,100,0,1,,,,,,,44.15,1.492,0.1218,43.91,0.4697,0.08739,428.6466535,417.3818898,630.9498031,604.7075301
2000,305,-117.082192,46.782196,2000_305,SB,,100,0,1,,,,,,,44.88,1.754,0.1438,43.51,0.543,0.1092,552.0570866,538.5925197,689.0354331,660.808935
2000,306,-117.081774,46.781998,2000_306,SB,,100,0,1,,,,,,,44.16,1.714,0.1338,43.65,0.5236,0.1051,502.3572835,485.8366142,740.4084646,710.7385864
2000,307,-117.081356,46.782137,2000_307,SB,,100,0,1,,,,,,,44.1,1.648,0.1282,46.09,0.3031,0.07746,668.7647638,650.5511811,844.4734252,810.4096359
2000,308,-117.080938,46.782139,2000_308,SB,,100,0,1,,,,,,,44.7,2.096,0.1553,45.41,0.5463,0.1294,638.4645669,625.9448819,873.5433071,839.390239
2000,309,-117.080499,46.78197702,2000_309,SB,,100,0,1,,,,,,,43.89,1.646,0.1356,44.88,0.4801,0.09971,477.9872047,461.5255906,574.621063,550.247676
2000,310,-117.080102,46.782258,2000_310,SB,,100,0,1,,,,,,,44.21,1.396,0.1204,,,,,605.8562992,,
2000,311,-117.079684,46.782229,2000_311,SB,,100,0,1,,,,,,,,,,,,,,578.1003937,,
2000,312,-117.0793018,46.78221346,2000_312,SB,,100,0,1,,,,,,,44.25,1.352,0.1164,,,,,556.4468504,,
2000,313,-117.078848,46.782114,2000_313,SB,,100,0,1,,,,,,,43.94,1.465,0.1217,,,,,496.0137795,,
2000,314,-117.07843,46.782126,2000_314,SB,,100,0,1,,,,,,,44.46,1.533,0.129,,,,,457.3326772,,
2000,315,-117.0780418,46.78214737,2000_315,SB,,100,0,0,,,,,,,,,,,,,,,,
2000,316,-117.077594,46.782068,2000_316,SB,,100,0,0,,,,,,,,,,,,,,,,
2000,323,-117.0851352,46.78249247,2000_323,SB,,100,0,1,,,,,,,44.75,2.059,0.1563,,,,,567.6181102,,
2000,324,-117.084751,46.78235,2000_324,SB,,100,0,1,,,,,,,44.69,1.732,0.1395,,,,,471.0629921,,
2000,325,-117.084333,46.782439,2000_325,SB,,100,0,1,,,,,,,44.84,1.695,0.1403,,,,,531.6929134,,
2000,326,-117.083915,46.782392,2000_326,SB,,100,0,1,,,,,,,44.2,1.78,0.143,,,,,484.1043307,,
2000,327,-117.083497,46.782455,2000_327,SB,,100,0,1,,,,,,,44.14,1.339,0.1172,46.13,0.2651,0.06535,558.2972441,542.0374016,763.8484252,734.6597851
2000,328,-117.083079,46.782376,2000_328,SB,,100,0,1,,,,,,,44.59,1.655,0.1299,42.98,0.5481,0.1133,527.3326772,507.5393701,656.4271654,628.2301566
2000,329,-117.0826453,46.78243781,2000_329,SB,,100,0,1,,,,,,,45.12,2.062,0.1625,44.52,0.3747,0.1003,616.6978346,594.6948819,887.632874,846.3860281
2000,330,-117.082243,46.782482,2000_330,SB,,100,0,1,,,,,,,44.12,1.74,0.1419,45.08,0.5184,0.09991,558.9419291,543.3661417,737.613189,704.6794858
2000,331,-117.081825,46.782284,2000_331,SB,,100,0,1,,,,,,,44.55,1.779,0.1439,45.19,0.3753,0.08262,493.2923228,481.2598425,696.9635827,665.4675386
2000,332,-117.081407,46.782423,2000_332,SB,,100,0,1,,,,,,,44.67,1.558,0.1263,44.9,0.2894,0.0743,549.1978346,531.6535433,699.4242126,667.9028793
2000,333,-117.080989,46.782425,2000_333,SB,,100,0,1,,,,,,,44.87,1.757,0.1376,45.39,0.3806,0.1052,548.2135827,528.6515748,694.3061024,662.6333534
2000,334,-117.080571,46.782281,2000_334,SB,,100,0,1,,,,,,,44.19,1.662,0.1342,44.34,0.4003,0.09908,539.6456693,521.5649606,724.6751969,690.2527412
2000,335,-117.080153,46.782544,2000_335,SB,,100,0,1,,,,,,,44.74,1.734,0.1422,,,,,605.1673228,,
2000,336,-117.079735,46.782515,2000_336,SB,,100,0,1,,,,,,,43.79,1.491,0.1276,,,,,618.8484252,,
2000,337,-117.079317,46.782479,2000_337,SB,,100,0,1,,,,,,,43.89,1.571,0.1364,,,,,513.1889764,,
2000,338,-117.0788911,46.78239455,2000_338,SB,,100,0,1,,,,,,,44.61,0.9685,0.1145,,,,,509.6948819,,
2000,348,-117.084617,46.782636,2000_348,SB,,100,0,1,,,,,,,44.94,1.468,0.1318,,,,,514.4192913,,
2000,349,-117.084199,46.782725,2000_349,SB,,100,0,1,,,,,,,44.67,1.165,0.1109,,,,,596.4566929,,
2000,350,-117.083781,46.782678,2000_350,SB,,100,0,1,,,,,,,44.89,1.251,0.1242,41.49,0.4228,0.09639,464.4242126,451.3385827,659.4438976,627.2971503
2000,351,-117.083363,46.782741,2000_351,SB,,100,0,1,,,,,,,45.03,1.411,0.13,46.54,0.3582,0.07417,428.371063,416.2992126,633.9812992,605.2201034
2000,352,-117.0829188,46.78264763,2000_352,SB,,100,0,1,,,,,,,44.53,1.486,0.131,43.63,0.5335,0.1069,525.851378,511.0334646,623.2627953,595.5963516
2000,353,-117.082527,46.782731,2000_353,SB,,100,0,1,,,,,,,45.02,1.402,0.1343,44.68,0.4677,0.1218,555.8070866,541.5452756,959.7440945,916.6486536
2000,354,-117.082109,46.782768,2000_354,SB,,100,0,1,,,,,,,45.22,1.783,0.1546,43.8,0.4583,0.1059,501.0580709,487.4114173,887.2293307,846.0651829
2000,355,-117.081691,46.78257,2000_355,SB,,100,0,1,,,,,,,44.96,1.309,0.1299,44.17,0.4418,0.1158,603.1102362,580.4724409,782.7165354,746.2471928
2000,356,-117.081273,46.782709,2000_356,SB,,100,0,1,,,,,,,44.85,1.391,0.1343,45.82,0.3422,0.08973,496.1023622,481.6535433,756.1614173,722.7295562
2000,357,-117.080855,46.782711,2000_357,SB,,100,0,1,,,,,,,45.11,1.476,0.1353,43.19,0.5998,0.1233,427.7608268,415.1673228,641.8257874,608.2329618
2000,358,-117.0804141,46.78255608,2000_358,SB,,100,0,1,,,,,,,44.84,1.206,0.1232,43.62,0.3106,0.06115,455.0442913,441.7913386,715.5265748,682.4278837
2000,359,-117.080019,46.78283,2000_359,SB,,100,0,1,,,,,,,44.41,1.372,0.1328,,,,,471.6043307,,
2000,360,-117.079601,46.782801,2000_360,SB,,100,0,1,,,,,,,44.69,1.047,0.1205,,,,,496.1614173,,
2000,371,-117.0842298,46.78296597,2000_371,SB,,100,0,1,,,,,,,44.78,1.967,0.1742,,,,,452.8051181,,
2000,372,-117.083798,46.782964,2000_372,SB,,100,0,1,,,,,,,44.63,1.23,0.1283,45.8,0.2738,0.0856,505.1082677,493.2677165,612.1653543,584.1232076
2000,373,-117.08338,46.783027,2000_373,SB,,100,0,1,,,,,,,45.05,1.61,0.1505,43.11,0.474,0.1503,539.8818898,524.6653543,788.4645669,751.1562576
2000,374,-117.082962,46.782948,2000_374,SB,,100,0,1,,,,,,,44.44,1.311,0.1267,44.15,0.4977,0.09673,468.1594488,458.0807087,628.6417323,599.1082281
2000,375,-117.0825283,46.78300622,2000_375,SB,,100,0,1,,,,,,,44.69,1.182,0.1192,44.28,0.42,0.09733,470.4429134,458.6712598,606.2795276,577.4341258
2000,376,-117.082126,46.783054,2000_376,SB,,100,0,1,,,,,,,44.38,1.261,0.1266,45.02,0.3459,0.07428,463.4251969,451.6830709,658.1299213,628.214464
2000,377,-117.0816503,46.78282132,2000_377,SB,,100,0,1,,,,,,,44.49,1.301,0.1241,44.36,0.451,0.09647,386.6437008,375.7480315,722.4114173,688.7661652
2000,378,-117.08129,46.782995,2000_378,SB,,100,0,1,,,,,,,45.14,1.631,0.1505,45.2,0.3313,0.09343,453.769685,441.8405512,759.5669291,725.1963096
2000,379,-117.080872,46.782997,2000_379,SB,,100,0,1,,,,,,,44.85,1.224,0.1256,45.47,0.3654,0.07611,422.5639764,410.7874016,601.3041339,573.8632319
2000,380,-117.080454,46.782853,2000_380,SB,,100,0,1,,,,,,,44.69,1.341,0.1329,44.83,0.3964,0.08748,535.2066929,520.6299213,792.4015748,755.8920501
2000,381,-117.080036,46.783116,2000_381,SB,,100,0,1,,,,,,,44.6,0.9372,0.1196,,,,,426.5255906,,
2000,394,-117.0839099,46.78312585,2000_394,SB,,100,0,1,,,,,,,45.46,1.901,0.1656,,,,,512.6476378,,
2000,395,-117.083498,46.783313,2000_395,SB,,100,0,1,,,,,,,45.07,1.329,0.1418,44.43,0.5817,0.2165,508.7795276,496.3681102,831.230315,793.1782705
2000,396,-117.08308,46.783234,2000_396,SB,,100,0,1,,,,,,,44.21,1.721,0.1375,45.1,0.4468,0.1107,372.0669291,364.773622,555.492126,529.3311335
2000,397,-117.082662,46.783303,2000_397,SB,,100,0,1,,,,,,,44.81,1.233,0.1273,44.93,0.3604,0.113,340.757874,331.8011811,608.996063,581.3931487
2000,398,-117.0822755,46.78335797,2000_398,SB,,100,0,1,,,,,,,44.8,1.195,0.1282,45.04,0.3324,0.08666,444.3405512,433.0807087,583.0216535,556.3162639
2000,399,-117.081826,46.783142,2000_399,SB,,100,0,1,,,,,,,44.53,1.157,0.1265,43.79,0.2707,0.09118,407.4950787,396.9094488,614.4537402,586.1612576
2000,400,-117.081408,46.783281,2000_400,SB,,100,0,1,,,,,,,44.58,1.19,0.1203,45.29,0.288,0.08638,308.6663386,300.4527559,595.6643701,568.5281004
2000,401,-117.08099,46.783283,2000_401,SB,,100,0,1,,,,,,,44.94,1.17,0.1276,43.58,0.4801,0.1084,347.9035433,338.1003937,553.0314961,525.7738679
2000,402,-117.080572,46.783139,2000_402,SB,,100,0,1,,,,,,,45.13,1.656,0.1542,45.24,0.4635,0.1259,476.7519685,464.8228346,646.8700787,616.6405119
2000,419,-117.0832106,46.7834571,2000_419,SB,,100,0,1,,,,,,,44.38,1.172,0.1231,44.16,0.4155,0.1171,370.738189,364.1830709,688.5629921,655.65814
2000,420,-117.0827709,46.78351532,2000_420,SB,,100,0,1,,,,,,,45.02,1.482,0.1433,44.25,0.3886,0.09816,484.9507874,477.4704724,611.3582677,581.9904803
2000,421,-117.0823668,46.78355231,2000_421,SB,,100,0,1,,,,,,,45.41,1.986,0.1767,44.92,0.6683,0.1884,591.8799213,576.8799213,768.75,733.6672677
2000,422,-117.081933,46.783428,2000_422,SB,,100,0,1,,,,,,,44.93,1.627,0.1303,44.21,0.3461,0.1002,444.0895669,432.8346457,680.4183071,645.0471525
2000,423,-117.0814836,46.78355263,2000_423,SB,,100,0,0,,,,,,,,,,,,,,,,
2000,424,-117.081097,46.783569,2000_424,SB,,100,0,0,,,,,,,,,,,,,,,,
2000,425,-117.080679,46.783425,2000_425,SB,,100,0,0,,,,,,,,,,,,,,,,
2001,1,-117.087514,46.778729,2001_1,SC,,100,0,1,,,,,,,,,,45.26,0.3807,0.2317,,,,
2001,2,-117.0870646,46.77869163,2001_2,SP,,100,0,1,,,,,,,44.257,3.1934,,,,,115.385,108.195,,
2001,3,-117.086678,46.778791,2001_3,SP,,100,0,1,,,,,,,44.399,3.1909,,,,,164.635,154.195,,
2001,4,-117.08626,46.778761,2001_4,,,100,0,0,,,,,,,,,,,,,,,,
2001,5,-117.085842,46.778666,2001_5,,,100,0,0,,,,,,,,,,,,,,,,
2001,6,-117.0854188,46.77877321,2001_6,,,100,0,0,,,,,,,,,,,,,,,,
2001,7,-117.085006,46.778632,2001_7,SW,,100,0,1,,,,,,,43.87,2.095,0.1357,42.63,0.3908,0.1255,517.9478346,503.4891732,625.0935039,590.3785197
2001,8,-117.084588,46.778721,2001_8,SW,,100,0,1,,,,,,,45.76,2.678,0.1995,43,0.4232,0.1798,461.8454724,449.8966535,498.125,470.9456178
2001,9,-117.08417,46.778674,2001_9,SW,,100,0,1,,,,,,,44.89,2.093,0.1726,44.35,0.2373,0.1163,468.7352362,456.6387795,551.3730315,526.6802105
2001,10,-117.083752,46.778737,2001_10,SW,,100,0,1,,,,,,,44.94,2.165,0.1802,43.59,0.3402,0.1408,403.7746063,392.367126,525.0442913,500.0209292
2001,11,-117.083334,46.778658,2001_11,SW,,100,0,1,,,,,,,44.79,2.465,0.1964,44.72,0.4088,0.1403,430.3494094,418.3021654,628.6860236,597.1276353
2001,12,-117.0829398,46.77873108,2001_12,SW,,100,0,1,,,,,,,44.48,2.182,0.1792,43.89,0.3078,0.1548,399.3454724,388.1348425,389.2667323,372.6137747
2001,13,-117.082498,46.778764,2001_13,WW,,100,0,1,,,,,,,44.59,3.457,0.26,,,,293.390748,286.4124016,,
2001,14,-117.0816322,46.77868863,2001_14,WW,,100,0,1,,,,,,,43.3,1.986,0.1668,,,,524.0501969,510.5265748,,
2001,15,-117.081244,46.778707,2001_15,WW,,100,0,1,,,,,,,43.67,1.649,0.1441,,,,448.2135827,437.4458661,,
2001,16,-117.080408,46.778826,2001_16,WW,,100,0,1,,,,,,,43,1.869,0.1653,,,,510.7135827,502.8494094,,
2001,17,-117.07999,46.778797,2001_17,WW,,100,0,1,,,,,,,43.27,2.114,0.1827,42.22,0.729,0.1769,728.2332677,703.9320866,877.3769685,575.057027
2001,18,-117.0888801,46.77895174,2001_18,WB,,100,0,1,,,,,,,44.21,2.451,0.2386,,,,403.8730315,379.0797244,,
2001,19,-117.0884663,46.77882662,2001_19,WP,,100,0,1,,,,,,,43.279,3.4177,0.2822,,,,130.085,118.845,,
2001,20,-117.088064,46.778867,2001_20,WP,,100,0,1,,,,,,,43.727,3.291,0.2657,,,,97.785,89.895,,
2001,21,-117.087646,46.778842,2001_21,SC,,100,0,1,,,,,,,,,,,,,,,,
2001,22,-117.087228,46.779015,2001_22,SC,,100,0,1,,,,,,,62.526,3.2153,,,,,247.4901575,235.2362205,,
2001,23,-117.086831,46.77900278,2001_23,SC,,100,0,1,,,,,,,63.117,3.2877,,45.79,0.3223,0.2082,235.7775591,224.4094488,653.1496063,552.7731716
2001,24,-117.086392,46.779077,2001_24,SP,,100,0,1,,,,,,,43.046,3.0563,,44.67,0.4696,0.2327,116.885,109.995,166.295,162.3888608
2001,25,-117.085974,46.779047,2001_25,,,100,0,0,,,,,,,,,,,,,,,,
2001,26,-117.085556,46.778952,2001_26,,,100,0,0,,,,,,,,,,,,,,,,
2001,27,-117.085117,46.77906282,2001_27,SW,,100,0,1,,,,,,,44.77,2.47,0.1942,43.66,0.723,0.1808,405.2509843,393.2529528,533.6564961,509.7570966
2001,28,-117.08472,46.778918,2001_28,,,100,0,0,,,,,,,,,,,,,,,,
2001,29,-117.084302,46.779007,2001_29,SW,,100,0,1,,,,,,,45.04,2.32,0.1872,43.56,0.3701,0.1242,435.7627953,422.9773622,547.2883858,518.4241232
2001,30,-117.083884,46.77896,2001_30,SW,,100,0,1,,,,,,,44.82,2.279,0.187,43.92,0.3516,0.1504,428.3809055,415.9891732,524.6505906,498.8120894
2001,31,-117.083466,46.779023,2001_31,SW,,100,0,1,,,,,,,44.73,2.173,0.1764,43.97,0.2857,0.1251,473.1643701,459.5915354,525.2903543,497.8749698
2001,32,-117.083048,46.778944,2001_32,SW,,100,0,1,,,,,,,44.56,2.045,0.1643,43.96,0.2764,0.1131,434.2864173,421.8454724,513.9222441,489.2388814
2001,33,-117.08263,46.779013,2001_33,SW,,100,0,1,,,,,,,44.57,2.837,0.2134,43.43,0.4473,0.1315,289.109252,280.9498031,380.0639764,364.493159
2001,34,-117.082212,46.77905,2001_34,,,100,0,0,,,,,,,,,,,,,,,,
2001,35,-117.081794,46.778852,2001_35,WW,,100,0,1,,,,,,,43.6,2.206,0.1831,,,,577.0521654,566.7765748,,
2001,36,-117.0814058,46.77900737,2001_36,WW,,100,0,1,,,,,,,43.32,1.802,0.1522,,,,612.0915354,596.3041339,,
2001,37,-117.080958,46.778993,2001_37,WW,,100,0,1,,,,,,,44.1,3.054,0.23,,,,353.2824803,344.8769685,,
2001,38,-117.08054,46.778849,2001_38,WW,,100,0,1,,,,,,,43.44,1.858,0.1619,,,,503.3316929,490.6938976,,
2001,39,-117.080122,46.779112,2001_39,WW,,100,0,1,,,,,,,43.97,2.46,0.2005,,,,453.1840551,441.382874,,
2001,40,-117.079704,46.779083,2001_40,WW,,100,0,1,,,,,,,44.02,2.504,0.223,,,,416.3730315,400.9793307,,
2001,41,-117.079286,46.779047,2001_41,WW,,100,0,1,,,,,,,43.61,1.935,0.1664,,,,626.117126,611.1663386,,
2001,42,-117.0887062,46.77911338,2001_42,WB,,100,0,1,,,,,,,43.51,2.225,0.2189,,,,653.3809055,638.0856299,,
2001,43,-117.088318,46.779153,2001_43,WB,,100,0,1,,,,,,,43.87,1.978,0.2056,,,,655.0049213,630.7529528,,
2001,44,-117.0879,46.779128,2001_44,WP,,100,0,1,,,,,,,44.556,3.8728,0.3236,,,,111.185,101.995,,
2001,45,-117.0874635,46.77928833,2001_45,SC,,100,0,1,,,,,,,,,,,,,,,,
2001,46,-117.087064,46.779278,2001_46,SC,,100,0,1,,,,,,,,,,,,,,,,
2001,47,-117.086646,46.779363,2001_47,SC,,100,0,1,,,,,,,62.481,3.6131,,,,,327.2637795,312.5,,
2001,48,-117.086228,46.779333,2001_48,SP,,100,0,1,,,,,,,44.284,3.2282,,,,,213.735,195.545,,
2001,49,-117.08581,46.779238,2001_49,,,100,0,0,,,,,,,,,,,,,,,,
2001,50,-117.0853355,46.77932123,2001_50,SW,,100,0,1,,,,,,,44.57,1.897,0.1585,43.23,0.2551,0.1173,483.4498031,470.0246063,559.886811,526.526857
2001,51,-117.0849635,46.77919681,2001_51,SW,,100,0,1,,,,,,,44.95,2.328,0.1682,42.85,0.4263,0.1328,530.7431102,515.398622,671.3533465,636.9184016
2001,52,-117.084556,46.779293,2001_52,SW,,100,0,1,,,,,,,44.94,2.164,0.1822,44.07,0.3728,0.1468,430.5462598,417.9576772,488.1348425,462.3464914
2001,53,-117.084138,46.779246,2001_53,SW,,100,0,1,,,,,,,44.88,2.126,0.1813,44.06,0.4679,0.1574,419.7687008,406.3435039,590.6938976,551.5403099
2001,54,-117.08372,46.779309,2001_54,SW,,100,0,1,,,,,,,44.35,1.981,0.1654,42.48,0.4598,0.1567,433.2529528,420.0738189,463.4301181,434.5331889
2001,55,-117.083302,46.77923,2001_55,SW,,100,0,1,,,,,,,44.13,1.951,0.1618,43.72,0.3095,0.1211,415.4379921,403.6860236,492.8100394,463.8003801
2001,56,-117.0829019,46.77931128,2001_56,SW,,100,0,1,,,,,,,44.67,1.924,0.1588,42.74,0.3735,0.1294,463.1742126,450.3395669,541.4320866,513.4001654
2001,57,-117.082466,46.779336,2001_57,SW,,100,0,1,,,,,,,44.86,2.26,0.1767,43.69,0.2957,0.1211,373.9025591,362.7411417,360.5265748,342.3964561
2001,58,-117.082048,46.779138,2001_58,,,100,0,0,,,,,,,,,,,,,,,,
2001,59,-117.0816002,46.77925244,2001_59,WW,,100,0,1,,,,,,,43.49,1.897,0.1664,,,,418.0462598,411.0187008,,
2001,60,-117.081212,46.779279,2001_60,WW,,100,0,1,,,,,,,43.37,1.87,0.1577,,,,559.5324803,550.3395669,,
2001,61,-117.080794,46.779135,2001_61,WW,,100,0,1,,,,,,,43.77,1.973,0.1798,,,,574.5915354,561.0187008,,
2001,62,-117.0803999,46.77941847,2001_62,WW,,100,0,1,,,,,,,43.63,1.935,0.1723,,,,538.371063,527.4064961,,
2001,63,-117.079958,46.779369,2001_63,WW,,100,0,1,,,,,,,43.58,1.969,0.1691,,,,525.871063,513.2824803,,
2001,64,-117.07954,46.779333,2001_64,WW,,100,0,1,,,,,,,43.57,1.73,0.1529,,,,545.0147638,537.4458661,,
2001,65,-117.079122,46.779254,2001_65,WW,,100,0,1,,,,,,,43.68,1.804,0.1552,,,,668.1938976,643.5974409,,
2001,66,-117.0787339,46.77928646,2001_66,WW,,100,0,1,,,,,,,43.35,2.013,0.1736,,,,649.2962598,636.1663386,,
2001,67,-117.078286,46.779271,2001_67,WW,,100,0,1,,,,,,,43.32,1.883,0.1608,,,,486.3041339,476.8159449,,
2001,68,-117.088231,46.779439,2001_68,WB,,100,0,1,,,,,,,44.14,2.165,0.2177,,,,554.4143701,518.4498031,,
2001,69,-117.087813,46.779414,2001_69,WP,,100,0,1,,,,,,,44.625,3.7164,0.2488,,,,144.935,135.595,,
2001,70,-117.087395,46.779587,2001_70,WP,,100,0,1,,,,,,,43.72,3.274,0.2376,,,,43.535,39.945,,
2001,71,-117.086977,46.779564,2001_71,SC,,100,0,1,,,,,,,,,,,,,,,,
2001,72,-117.086559,46.779649,2001_72,SC,,100,0,1,,,,,,,62.592,3.729,,,,,287.992126,273.6220472,,
2001,73,-117.0861725,46.77963697,2001_73,SC,,100,0,1,,,,,,,61.56,3.8365,,,,,312.4507874,299.7047244,,
2001,74,-117.0856916,46.77950963,2001_74,SB,,100,0,1,,,,,,,43.36,1.633,0.1632,,,,282.7116142,262.6919291,,
2001,75,-117.085305,46.779642,2001_75,SB,,100,0,1,,,,,,,43.37,1.566,0.1535,,,,591.1761811,549.5521654,,
2001,76,-117.084887,46.77949,2001_76,SW,,100,0,1,,,,,,,44.97,1.909,0.1555,44.73,0.2202,0.09085,490.8316929,476.1761811,622.0423228,568.4470519
2001,77,-117.084469,46.779579,2001_77,SW,,100,0,1,,,,,,,44.37,2.085,0.1647,43.63,0.2909,0.1142,507.0718504,492.367126,607.9183071,564.3066072
2001,78,-117.084051,46.779532,2001_78,SW,,100,0,1,,,,,,,45.3,2.122,0.1707,43.06,0.3678,0.1594,570.113189,552.7509843,623.9616142,582.0438765
2001,79,-117.083633,46.779595,2001_79,SW,,100,0,1,,,,,,,44.89,1.949,0.1543,42.87,0.3532,0.126,484.6801181,470.5659449,568.4990157,529.0318062
2001,80,-117.083215,46.779516,2001_80,SW,,100,0,1,,,,,,,44.71,1.877,0.1528,42.88,0.2631,0.1144,430.644685,417.7116142,500.3887795,461.795563
2001,81,-117.082797,46.779585,2001_81,SW,,100,0,1,,,,,,,44.58,1.703,0.1391,43.4,0.2739,0.09871,423.9025591,410.3297244,558.5580709,512.9797897
2001,82,-117.082379,46.779622,2001_82,SW,,100,0,1,,,,,,,44.69,2.082,0.1661,43.15,0.301,0.1094,591.0285433,573.9616142,693.4005906,652.3947904
2001,83,-117.081961,46.779424,2001_83,,,100,0,0,,,,,,,,,,,,,,,,
2001,84,-117.081543,46.779563,2001_84,WW,,100,0,1,,,,,,,43.4,1.859,0.1641,,,,559.8277559,548.1742126,,
2001,85,-117.081125,46.779565,2001_85,WW,,100,0,1,,,,,,,43.65,1.832,0.157,,,,596.5895669,586.117126,,
2001,86,-117.080707,46.779421,2001_86,WW,,100,0,1,,,,,,,44.03,2.834,0.232,,,,383.8927165,375.1427165,,
2001,87,-117.080289,46.779684,2001_87,WW,,100,0,1,,,,,,,43.71,2.14,0.1827,,,,474.7883858,465.4970472,,
2001,88,-117.079871,46.779655,2001_88,WW,,100,0,1,,,,,,,43.65,2.146,0.1877,,,,476.6584646,472.9281496,,
2001,89,-117.079447,46.77960671,2001_89,WW,,100,0,1,,,,,,,43.61,1.916,0.1646,,,,543.390748,537.1505906,,
2001,90,-117.079035,46.77954,2001_90,WW,,100,0,1,,,,,,,43.58,1.821,0.1567,,,,524.5915354,512.8395669,,
2001,91,-117.078617,46.779552,2001_91,WW,,100,0,1,,,,,,,43.78,2.022,0.1761,,,,453.8238189,443.351378,,
2001,92,-117.078199,46.779557,2001_92,WW,,100,0,1,,,,,,,43.29,1.877,0.166,,,,681.0875984,672.5344488,,
2001,93,-117.077781,46.779494,2001_93,WW,,100,0,1,,,,,,,43.66,1.922,0.1673,,,,554.4635827,544.5816929,,
2001,94,-117.077363,46.779658,2001_94,WW,,100,0,1,,,,,,,43.84,1.963,0.1676,,,,531.136811,513.6761811,,
2001,95,-117.088073,46.77971682,2001_95,WB,,100,0,1,,,,,,,44.19,2.179,0.2193,,,,462.140748,434.0994094,,
2001,96,-117.087663,46.7797,2001_96,WB,,100,0,1,,,,,,,43.7,1.842,0.1933,,,,537.2391732,528.0954724,,
2001,97,-117.087245,46.779873,2001_97,WP,,100,5.3,1,,,,,,,43.03,3.927,0.2296,,,,2.75,2.59228014,,
2001,98,-117.086827,46.77985,2001_98,SC,,100,0,1,,,,,,,,,,,,,,,,
2001,99,-117.086409,46.779935,2001_99,SC,,100,0,1,,,,,,,,,,,,,,,,
2001,100,-117.085991,46.779905,2001_100,SC,,100,0,1,,,,,,,61.353,4.229,,,,,299.4094488,285.9251969,,
2001,101,-117.085573,46.77981,2001_101,SP,,100,0,1,,,,,,,44.199,3.2353,,43.96,0.7016,0.1466,336.335,271.745,352.245,310.6533892
2001,102,-117.085155,46.779928,2001_102,SB,,100,0,1,,,,,,,43.21,1.539,0.1614,,,,503.5777559,487.101378,,
2001,103,-117.084737,46.779776,2001_103,SW,,100,0,1,,,,,,,44.77,1.772,0.149,44.15,0.2273,0.08649,460.0738189,446.1564961,632.0324803,596.4684956
2001,104,-117.0843452,46.77988297,2001_104,SW,,100,0,1,,,,,,,44.79,2.137,0.1734,43.41,0.3374,0.1229,566.2746063,550.0442913,699.4537402,661.2827108
2001,105,-117.083901,46.779818,2001_105,SW,,100,0,1,,,,,,,44.51,1.989,0.1647,43.93,0.23,0.1169,447.0324803,433.7057087,525.8316929,496.5757919
2001,106,-117.083483,46.779881,2001_106,SW,,100,0,1,,,,,,,45.12,2.456,0.1873,44.13,0.2984,0.1355,601.4124016,585.132874,676.1269685,637.8998176
2001,107,-117.083065,46.779802,2001_107,SW,,100,0,1,,,,,,,44.65,2.073,0.1702,42.2,0.3813,0.1813,402.101378,391.2352362,466.6781496,438.510409
2001,108,-117.082647,46.779871,2001_108,SW,,100,0,1,,,,,,,44.67,2.042,0.1617,43.73,0.2606,0.09822,548.4104331,532.4753937,697.0423228,648.7141813
2001,109,-117.0821935,46.77987977,2001_109,SW,,100,0,1,,,,,,,44.33,1.705,0.1423,42.87,0.311,0.09376,456.1860236,442.8100394,621.1564961,575.4578444
2001,110,-117.0817533,46.77967045,2001_110,SW,This sample should have been WW but is SW due to driving (pt is on the line),100,0,1,,,,,,,44.64,2.273,0.176,42.32,0.343,0.1412,368.882874,358.4596457,342.0226378,324.8069163
2001,111,-117.081393,46.779849,2001_111,WW,,100,0,1,,,,,,,43.77,1.99,0.1687,,,,456.382874,446.6978346,,
2001,112,-117.080975,46.779851,2001_112,WW,,100,0,1,,,,,,,43.63,1.997,0.1781,,,,473.7057087,415.3001969,,
2001,113,-117.0805391,46.77969063,2001_113,WW,,100,0,1,,,,,,,43.79,1.854,0.1598,,,,557.9084646,546.894685,,
2001,114,-117.080139,46.77997,2001_114,WW,,100,0,1,,,,,,,43.87,2.114,0.182,,,,470.359252,455.113189,,
2001,115,-117.0797031,46.77992463,2001_115,WW,,100,0,1,,,,,,,44.3,1.951,0.1551,,,,486.4517717,477.8001969,,
2001,116,-117.079303,46.779905,2001_116,WW,,100,0,1,,,,,,,44.17,1.863,0.1519,,,,577.101378,565.5954724,,
2001,117,-117.078885,46.779826,2001_117,WW,,100,0,1,,,,,,,44.46,2.158,0.1741,,,,549.0501969,531.8848425,,
2001,118,-117.078467,46.779838,2001_118,WW,,100,0,1,,,,,,,44.31,1.876,0.1589,,,,564.4045276,553.0462598,,
2001,119,-117.0780192,46.77982663,2001_119,WW,,100,0,1,,,,,,,44.51,2.19,0.1792,,,,562.3375984,550.4379921,,
2001,120,-117.077631,46.77978,2001_120,WW,,100,0,1,,,,,,,44.45,1.977,0.1629,,,,533.1545276,524.5521654,,
2001,121,-117.077213,46.779944,2001_121,WW,,100,0,1,,,,,,,44.9,2.753,0.2205,,,,330.644685,322.5836614,,
2001,122,-117.087699,46.779986,2001_122,WB,,100,0,0,,,,,,,,,,,,,,,,
2001,123,-117.087281,46.780159,2001_123,WB,,100,0,1,,,,,,,43.78,2.367,0.2298,,,,593.9812992,562.9872047,,
2001,124,-117.086863,46.780136,2001_124,WP,,100,0,1,,,,,,,44.663,3.5177,,,,,87.085,84.22,,
2001,125,-117.086445,46.780221,2001_125,SC,,100,0,1,,,,,,,,,,,,,,,,
2001,126,-117.0860113,46.78018382,2001_126,SC,,100,0,1,,,,,,,63.372,3.5609,,,,,243.257874,231.7913386,,
2001,127,-117.0855933,46.78008882,2001_127,SP,,100,0,1,,,,,,,41.01,3.1273,,44.24,0.5651,0.2145,258.335,242.395,355.445,342.8552268
2001,128,-117.085191,46.780214,2001_128,SP,,100,0,1,,,,,,,44.286,3.326,,,,,473.235,297.295,,
2001,129,-117.084773,46.780062,2001_129,SB,,100,0,1,,,,,,,43.71,1.802,0.1754,,,,400.9694882,377.7509843,,
2001,130,-117.084355,46.780151,2001_130,SW,,100,0,1,,,,,,,44.31,1.74,0.148,42.52,0.2349,0.1137,379.9064961,369.0403543,458.9517717,425.136949
2001,131,-117.083937,46.780104,2001_131,SW,,100,0,1,,,,,,,44.76,2.267,0.1755,43.66,0.3018,0.137,481.5797244,467.0226378,538.0856299,509.2365255
2001,132,-117.083519,46.780167,2001_132,SW,,100,0,1,,,,,,,44.62,2.265,0.1791,40.86,0.517,0.199,293.390748,271.6978346,425.8809055,373.0767391
2001,133,-117.083101,46.780088,2001_133,SW,,100,0,1,,,,,,,44.51,1.97,0.1608,43.27,0.2722,0.1394,586.9931102,570.0246063,689.3651575,654.1436308
2001,134,-117.082683,46.780157,2001_134,SW,,100,0,1,,,,,,,44.43,1.869,0.1546,42.64,0.4174,0.1365,493.4399606,478.4891732,651.5206693,605.0948116
2001,135,-117.082265,46.780194,2001_135,SW,,100,0,1,,,,,,,44.48,1.92,0.163,43.46,0.3566,0.1074,400.4281496,388.6761811,553.8336614,525.1651489
2001,136,-117.081847,46.779996,2001_136,SW,,100,0,1,,,,,,,44.44,1.635,0.1434,43.56,0.3143,0.1077,471.0482283,457.3277559,676.9635827,629.3914561
2001,137,-117.0814529,46.78014727,2001_137,SW,,100,0,1,,,,,,,44.66,2.15,0.1679,42.66,0.3316,0.1125,426.0679134,414.6604331,513.0856299,485.4418546
2001,138,-117.081011,46.780137,2001_138,WW,,100,0,1,,,,,,,44.82,2.098,0.1761,,,,473.3120079,466.2352362,,
2001,139,-117.080593,46.779993,2001_139,WW,,100,0,1,,,,,,,44.7,2.283,0.1901,,,,447.8198819,439.2667323,,
2001,140,-117.080175,46.780256,2001_140,WW,,100,0,1,,,,,,,44.64,2.329,0.1938,,,,412.2883858,404.7194882,,
2001,141,-117.079757,46.780227,2001_141,WW,,100,0,1,,,,,,,43.74,2.186,0.1965,,,,398.0167323,384.7391732,,
2001,142,-117.079339,46.780191,2001_142,WW,,100,0,1,,,,,,,44.28,3.249,0.2628,,,,399.1978346,385.7234252,,
2001,143,-117.0789031,46.78010382,2001_143,WW,,100,0,1,,,,,,,43.44,1.83,0.1754,,,,551.363189,545.8120079,,
2001,144,-117.078503,46.780124,2001_144,WW,,100,0,1,,,,,,,43.7,2.12,0.1987,,,,474.1978346,465.1525591,,
2001,145,-117.078085,46.780129,2001_145,WW,,100,0,1,,,,,,,43.47,1.964,0.1796,,,,509.7785433,506.7372047,,
2001,146,-117.077667,46.780066,2001_146,WW,,100,0,1,,,,,,,43.81,2.338,0.2061,,,,454.2175197,445.4675197,,
2001,147,-117.077249,46.78023,2001_147,WW,,100,0,1,,,,,,,44.2,2.835,0.2449,,,,309.4832677,302.0620079,,
2001,148,-117.076831,46.780004,2001_148,WW,,100,0,1,,,,,,,43.6,2.024,0.1947,,,,569.3257874,555.4576772,,
2001,149,-117.087103,46.780422,2001_149,WB,,100,0,1,,,,,,,44.16,2.237,0.2252,,,,697.8690945,646.8454724,,
2001,150,-117.086685,46.780507,2001_150,WP,,100,0,1,,,,,,,43.624,3.7965,,,,,146.285,140.625,,
2001,151,-117.0862251,46.78045544,2001_151,SC,,100,0,1,,,,,,,,,,,,,,,,
2001,152,-117.0858333,46.78037122,2001_152,SC,,100,0,1,,,,,,,62.73,3.679,,,,,381.003937,363.6811024,,
2001,153,-117.085431,46.7805,2001_153,SC,,100,0,1,,,,,,,63.526,3.2149,,44.97,0.372,0.3207,263.484252,249.507874,858.9566929,736.2369141
2001,154,-117.085013,46.780348,2001_154,SP,,100,0,1,,,,,,,43.591,3.1175,,,,,325.335,234.695,,
2001,155,-117.084595,46.780437,2001_155,SB,,100,0,1,,,,,,,42.65,1.631,0.1599,,,,468.0462598,453.8336614,,
2001,156,-117.084177,46.78039,2001_156,,,100,0,0,,,,,,,,,,,,,,,,
2001,157,-117.083759,46.780453,2001_157,SW,,100,0,1,,,,,,,44.48,2.059,0.1653,42.69,0.2527,0.118,360.9104331,350.8809055,441.7273622,431.8771874
2001,158,-117.083341,46.780374,2001_158,SW,,100,0,1,,,,,,,44.68,2.105,0.1731,43.27,0.3436,0.1492,380.398622,368.0561024,422.6820866,407.9620178
2001,159,-117.082923,46.780443,2001_159,SW,,100,0,1,,,,,,,44.59,2.039,0.1641,44.33,0.2783,0.1125,394.3257874,384.8375984,408.9025591,399.3947363
2001,160,-117.082505,46.78048,2001_160,SW,,100,0,1,,,,,,,44.72,2.083,0.1637,42.65,0.365,0.1267,480.7923228,467.4655512,526.2253937,508.5480243
2001,161,-117.082087,46.780282,2001_161,SW,,100,0,1,,,,,,,44.46,1.939,0.1572,42.95,0.3612,0.1347,427.1998031,414.0206693,550.0442913,548.6228134
2001,162,-117.0816451,46.78040873,2001_162,SW,,100,0,1,,,,,,,44.52,1.89,0.1605,44.39,0.2295,0.08576,474.5423228,461.855315,591.4320866,578.8095119
2001,163,-117.081251,46.780423,2001_163,SW,,100,0,1,,,,,,,44.44,2.113,0.171,43.8,0.3232,0.1109,482.859252,470.7135827,511.5108268,485.6093018
2001,164,-117.080833,46.780279,2001_164,WW,,100,0,1,,,,,,,43.63,1.935,0.1846,,,,501.855315,493.7450787,,
2001,165,-117.080415,46.780542,2001_165,WW,,100,0,1,,,,,,,43.62,2.03,0.1812,,,,587.632874,577.9970472,,
2001,166,-117.079997,46.780513,2001_166,WW,,100,0,1,,,,,,,43.69,2.234,0.1929,,,,442.8001969,434.5423228,,
2001,167,-117.079579,46.780477,2001_167,WW,,100,0,1,,,,,,,43.6,2.105,0.1855,,,,484.0895669,474.7490157,,
2001,168,-117.079161,46.780398,2001_168,WW,,100,0,1,,,,,,,43.66,1.884,0.1727,,,,479.4143701,474.0108268,,
2001,169,-117.078743,46.78041,2001_169,WW,,100,0,1,,,,,,,44.47,3.499,0.2846,,,,324.5915354,317.367126,,
2001,170,-117.078325,46.780415,2001_170,WW,,100,0,1,,,,,,,43.97,2.486,0.2191,,,,420.2608268,406.3927165,,
2001,171,-117.077907,46.780352,2001_171,WW,,100,0,1,,,,,,,43.45,2.123,0.1908,,,,423.5088583,418.4498031,,
2001,172,-117.077489,46.780516,2001_172,WW,,100,0,1,,,,,,,43.66,2.081,0.1914,,,,406.2844488,392.121063,,
2001,173,-117.077071,46.78029,2001_173,WW,,100,0,1,,,,,,,43.9,2.119,0.2001,,,,500.9202756,483.6564961,,
2001,174,-117.076653,46.780414,2001_174,WW,,100,0,1,,,,,,,43.52,1.775,0.1717,,,,441.3730315,424.109252,,
2001,175,-117.086879,46.780708,2001_175,WB,,100,0,1,,,,,,,44.13,2.231,0.2175,,,,566.1269685,531.8356299,,
2001,176,-117.0864768,46.78080097,2001_176,WP,This sample is on the line of two strips it should be a WB but was planted to WP due to driving,100,0,1,,,,,,,44.29,3.6019,,,,,95.685,89.445,,
2001,177,-117.086043,46.780763,2001_177,,,100,0,0,,,,,,,,,,,,,,,,
2001,178,-117.085625,46.780668,2001_178,SC,,100,0,1,,,,,,,,,,,,,,,,
2001,179,-117.085207,46.780786,2001_179,SC,,100,0,1,,,,,,,61.188,3.9014,,44.45,0.5847,0.5099,282.726378,269.1929134,598.3267717,538.4741602
2001,180,-117.084789,46.780634,2001_180,SP,,100,0,1,,,,,,,43.963,3.0894,,,,,98.835,92.395,,
2001,181,-117.084371,46.780723,2001_181,SB,,100,0,1,,,,,,,43.34,1.833,0.1827,,,,431.4320866,419.3356299,,
2001,182,-117.0839212,46.78065692,2001_182,,,100,0,0,,,,,,,,,,,,,,,,
2001,183,-117.083535,46.780739,2001_183,SW,,100,0,1,,,,,,,44.41,1.994,0.1577,42.19,0.2951,0.09008,428.3316929,415.398622,573.6663386,493.7148498
2001,184,-117.083117,46.78066,2001_184,SW,,100,0,1,,,,,,,44.34,1.878,0.1492,42.7,0.2489,0.1034,489.4045276,476.2253937,565.0049213,509.611616
2001,185,-117.082699,46.780729,2001_185,SW,,100,0,1,,,,,,,44.74,2.27,0.1761,40.12,0.354,0.1395,514.4045276,498.8139764,729.621063,706.2296367
2001,186,-117.082281,46.780766,2001_186,SW,,100,0,1,,,,,,,44.66,1.994,0.1623,41.14,0.4442,0.165,484.2372047,471.1072835,663.2824803,614.6954638
2001,187,-117.081863,46.780568,2001_187,SW,,100,0,1,,,,,,,44.52,2.166,0.1797,43.12,0.2676,0.1122,231.6781496,224.6505906,281.8848425,268.6667426
2001,188,-117.081445,46.780707,2001_188,SW,,100,0,1,,,,,,,44.52,1.849,0.1534,43.93,0.2398,0.0982,421.9832677,409.8375984,492.0718504,460.990532
2001,189,-117.081027,46.780709,2001_189,SW,,100,0,1,,,,,,,44.6,1.964,0.1577,43.89,0.3287,0.1103,413.3218504,449.8474409,547.632874,479.1069346
2001,190,-117.080609,46.780565,2001_190,WW,,100,0,1,,,,,,,43.41,1.878,0.1717,,,,658.7942913,647.4852362,,
2001,191,-117.080191,46.780828,2001_191,WW,,100,0,1,,,,,,,43.41,1.878,0.1947,,,,598.8533465,588.9222441,,
2001,192,-117.079773,46.780799,2001_192,WW,,100,0,1,,,,,,,43.47,2.14,0.2244,,,,434.7293307,426.8651575,,
2001,193,-117.079355,46.780763,2001_193,WW,,100,0,1,,,,,,,43.9,2.571,0.1792,,,,569.0305118,561.0679134,,
2001,194,-117.0789131,46.78066353,2001_194,WW,,100,0,1,,,,,,,43.44,1.917,0.1534,,,,517.898622,511.6584646,,
2001,195,-117.078519,46.780696,2001_195,WW,,100,0,1,,,,,,,43.38,1.707,0.1495,,,,568.882874,556.7372047,,
2001,196,-117.078101,46.780701,2001_196,WW,,100,0,1,,,,,,,43.57,1.664,0.1503,,,,531.136811,510.2312992,,
2001,197,-117.077683,46.780638,2001_197,WW,,100,0,1,,,,,,,43.38,1.588,0.1783,,,,506.4320866,488.0856299,,
2001,198,-117.077265,46.780802,2001_198,WW,,100,0,1,,,,,,,43.59,1.904,0.167,,,,480.6938976,462.0029528,,
2001,199,-117.076847,46.780576,2001_199,WW,,100,0,1,,,,,,,43.64,1.735,0.1718,,,,496.3927165,479.2273622,,
2001,200,-117.0866262,46.7810531,2001_200,WB,,100,0,1,,,,,,,44.17,2.159,0.2125,,,,439.6505906,413.5777559,,
2001,201,-117.086242,46.781049,2001_201,WB,,100,0,1,,,,,,,43.77,1.862,0.1985,,,,398.0167323,387.6919291,,
2001,202,-117.085824,46.780954,2001_202,WP,,100,0,0,,,,,,,,,,,,,,,,
2001,203,-117.085406,46.781072,2001_203,SC,,100,0,1,,,,,,,,,,,,,,,,
2001,204,-117.084988,46.78092,2001_204,SC,,100,0,1,,,,,,,60.035,4.2046,,,,,270.0787402,257.3818898,,
2001,205,-117.08457,46.781009,2001_205,SP,,100,0,1,,,,,,,44.12,3.6548,,,,,251.135,151.945,,
2001,206,-117.084152,46.780962,2001_206,SB,,100,0,1,,,,,,,42.87,1.677,0.1685,,,,561.2057087,545.4675197,,
2001,207,-117.083755,46.78103938,2001_207,SB,,100,0,1,,,,,,,43.46,1.837,0.1721,,,,519.128937,503.7352362,,
2001,208,-117.083316,46.780946,2001_208,SW,,100,0,1,,,,,,,44.61,2.289,0.177,43.26,0.3427,0.1347,385.5167323,374.7490157,450.9793307,434.5373759
2001,209,-117.082898,46.781015,2001_209,SW,,100,0,1,,,,,,,44.7,2.323,0.1809,43.03,0.359,0.1511,426.8061024,415.644685,429.0797244,419.0208638
2001,210,-117.08248,46.781052,2001_210,SW,,100,0,1,,,,,,,44.71,2.39,0.1857,43.35,0.3786,0.1474,522.3277559,510.2805118,688.8238189,676.8616891
2001,211,-117.082062,46.780854,2001_211,SW,,100,0,1,,,,,,,44.54,2.097,0.1647,43.55,0.2948,0.1068,600.8218504,584.7883858,638.0216535,578.2392301
2001,212,-117.081644,46.780993,2001_212,SW,,100,0,1,,,,,,,44.49,2.007,0.1601,42.39,0.2837,0.09428,640.6840551,624.9458661,734.2962598,680.7323184
2001,213,-117.081226,46.780995,2001_213,SW,,100,0,1,,,,,,,44.65,2.069,0.162,43.46,0.2633,0.1332,619.0305118,601.9635827,722.5344488,640.5172454
2001,214,-117.080808,46.780851,2001_214,SW,,100,0,1,,,,,,,44.27,1.981,0.1578,45.33,0.2526,0.0909,557.4655512,543.5974409,561.4616142,526.8356658
2001,215,-117.0804377,46.78111806,2001_215,SW,,100,0,1,,,,,,,44.65,2.632,0.1978,42.73,0.4431,0.1274,328.4301181,317.7608268,359.8375984,337.6289721
2001,216,-117.079972,46.781085,2001_216,WW,,100,0,1,,,,,,,43.76,2.294,0.2107,,,,446.4419291,437.1998031,,
2001,217,-117.079554,46.781049,2001_217,WW,,100,0,1,,,,,,,43.87,1.959,0.1854,,,,409.7293307,400.2411417,,
2001,218,-117.079136,46.78097,2001_218,WW,,100,0,1,,,,,,,43.62,1.77,0.1702,,,,567.8494094,544.1879921,,
2001,219,-117.078718,46.780982,2001_219,WW,,100,0,1,,,,,,,43.45,1.585,0.1563,,,,659.0403543,632.2785433,,
2001,220,-117.0783,46.780987,2001_220,WW,,100,0,1,,,,,,,42.79,1.7,0.1558,,,,613.5187008,600.8316929,762.9084646,649.9652025
2001,221,-117.077882,46.780924,2001_221,WW,,100,0,1,,,,,,,43.41,1.681,0.1579,,,,574.886811,561.5108268,,
2001,222,-117.077464,46.781088,2001_222,WW,,100,0,1,,,,,,,43.41,1.66,0.1562,,,,689.2568898,671.0580709,,
2001,223,-117.077046,46.780862,2001_223,WW,,100,0,1,,,,,,,43.53,1.875,0.1783,,,,469.7687008,459.5423228,,
2001,224,-117.076628,46.780986,2001_224,WW,,100,0,1,,,,,,,43.48,1.718,0.1632,,,,584.0895669,560.9202756,,
2001,225,-117.086295,46.781365,2001_225,WB,,100,0,1,,,,,,,43.67,2.256,0.2255,,,,174.0994094,167.6624016,,
2001,226,-117.0858613,46.78132062,2001_226,WP,,100,0,1,,,,,,,44.869,3.7788,,,,,191.835,179.445,,
2001,227,-117.0854328,46.78122203,2001_227,WP,"This sample should have been WC, it is WP due to driving (pt is on the line)",100,0,1,,,,,,,44.361,3.3243,,,,,119.085,109.995,,
2001,228,-117.085041,46.781358,2001_228,SC,,100,0,1,,,,,,,,,,,,,,,,
2001,229,-117.084623,46.781206,2001_229,SC,,100,0,1,,,,,,,63.07,3.4406,,,,,281.003937,267.7165354,,
2001,230,-117.084205,46.781295,2001_230,SP,,100,0,1,,,,,,,44.13,3.1206,,44.43,0.5325,0.1967,149.785,140.245,181.945,173.1944081
2001,231,-117.083787,46.781248,2001_231,SB,,100,0,1,,,,,,,42.69,1.786,0.1768,,,,379.6112205,370.3198819,,
2001,232,-117.0832823,46.78127044,2001_232,SW,,100,0,1,,,,,,,43.15,1.566,0.1612,,,,414.9950787,391.9242126,,
2001,233,-117.082951,46.781232,2001_233,SW,,100,0,1,,,,,,,44.55,2.242,0.1772,44.31,0.2733,0.08476,428.9222441,417.3179134,487.8395669,482.6329645
2001,234,-117.082533,46.781301,2001_234,SW,,100,0,1,,,,,,,44.38,1.943,0.1592,43.14,0.2853,0.08565,454.2175197,442.4163386,557.9183071,527.2818299
2001,235,-117.082115,46.781338,2001_235,SW,,100,0,1,,,,,,,44.7,2.196,0.1775,43,0.3503,0.1388,513.9124016,501.8651575,603.4891732,570.8288003
2001,236,-117.081697,46.78114,2001_236,SW,,100,0,1,,,,,,,44.52,2.304,0.179,42.95,0.2929,0.1168,449.5915354,438.4301181,470.6151575,453.6907271
2001,237,-117.0812437,46.78126348,2001_237,SW,,100,0,1,,,,,,,44.69,2.47,0.1897,43.14,0.394,0.1595,387.5344488,377.6525591,381.4911417,361.2907424
2001,238,-117.080861,46.781281,2001_238,SW,,100,0,1,,,,,,,44.68,2.221,0.1788,43.04,0.3173,0.1259,446.9340551,436.4616142,515.5462598,489.205711
2001,239,-117.080455,46.78115338,2001_239,SW,,100,0,1,,,,,,,44.58,2.49,0.1975,42.68,0.3784,0.1545,415.4379921,402.3572835,400.1919291,374.3053883
2001,240,-117.0801105,46.78144636,2001_240,SW,,100,0,1,,,,,,,44.76,2.476,0.1998,42.96,0.4396,0.1543,358.7450787,349.1584646,391.628937,367.0088063
2001,241,-117.079607,46.781371,2001_241,WW,,100,0,1,,,,,,,43.75,2.425,0.2088,,,,474.6899606,468.6466535,,
2001,242,-117.079189,46.781335,2001_242,WW,,100,0,1,,,,,,,43.48,1.736,0.1721,,,,552.3966535,537.5442913,,
2001,243,-117.078771,46.781256,2001_243,WW,,100,0,1,,,,,,,43.45,1.706,0.1643,,,,540.3395669,527.4064961,,
2001,244,-117.0783888,46.78129255,2001_244,WW,,100,0,1,,,,,,,43.76,1.768,0.1691,,,,573.3120079,547.632874,,
2001,245,-117.077935,46.781273,2001_245,WW,,100,0,1,,,,,,,43.86,1.813,0.177,,,,553.0364173,529.9163386,,
2001,246,-117.077517,46.78121,2001_246,WW,,100,0,1,,,,,,,43.42,1.638,0.1562,,,,617.9478346,603.1938976,,
2001,247,-117.077099,46.781374,2001_247,WW,,100,0,1,,,,,,,43.57,1.623,0.1565,,,,593.882874,566.3336614,,
2001,248,-117.0766989,46.78116437,2001_248,WW,,100,0,1,,,,,,,43.29,1.685,0.1643,,,,683.0068898,665.3001969,,
2001,249,-117.085864,46.781526,2001_249,WB,,100,0,1,,,,,,,44.06,2.212,0.2306,,,,422.0324803,406.3927165,,
2001,250,-117.085446,46.781644,2001_250,WP,,100,0,1,,,,,,,43.303,3.6467,,,,,182.135,165.645,,
2001,251,-117.085028,46.781492,2001_251,SC,,100,0,1,,,,,,,,,,,,,,,,
2001,252,-117.0845785,46.78155584,2001_252,SC,,100,0,1,,,,,,,61.495,3.6752,,,,,200.3444882,189.4685039,,
2001,253,-117.084192,46.781534,2001_253,SC,,100,0,1,,,,,,,62.097,3.7865,,,,,264.3700787,251.9685039,,
2001,254,-117.083774,46.781597,2001_254,SP,,100,0,1,,,,,,,44.151,3.4235,,44.33,0.5578,0.1326,141.435,133.195,176.245,172.0345377
2001,255,-117.083356,46.781518,2001_255,SB,,100,0,1,,,,,,,43.33,1.596,0.1638,44.14,0.4026,0.09668,419.375,408.7549213,478.9025591,466.8400259
2001,256,-117.082938,46.781587,2001_256,,,100,0,0,,,,,,,,,,,,,,,,
2001,257,-117.08252,46.781624,2001_257,SW,,100,0,1,,,,,,,44.81,2.376,0.1804,43.8,0.4369,0.1369,400.7234252,390.9399606,445.2214567,414.0662222
2001,258,-117.082102,46.781426,2001_258,SW,,100,0,1,,,,,,,44.96,2.509,0.1997,42.44,0.5433,0.1954,459.2372047,448.1742126,517.121063,485.3740474
2001,259,-117.081684,46.781565,2001_259,SW,,100,0,1,,,,,,,44.81,2.415,0.1917,44.29,0.424,0.1372,451.9537402,440.3494094,510.1820866,501.7882938
2001,260,-117.081266,46.781567,2001_260,SW,,100,0,1,,,,,,,44.78,2.513,0.1967,43.19,0.455,0.1905,470.9990157,459.9852362,504.4242126,482.339009
2001,261,-117.080848,46.781423,2001_261,SW,,100,0,1,,,,,,,44.68,2.249,0.1738,43.57,0.2939,0.09962,406.2844488,395.7135827,472.8297244,441.9943561
2001,262,-117.08043,46.781686,2001_262,SW,,100,0,1,,,,,,,44.52,2.155,0.1753,43.23,0.3578,0.1353,379.0206693,369.4832677,397.7312992,376.8854795
2001,263,-117.080012,46.781657,2001_263,SW,,100,0,1,,,,,,,44.32,1.883,0.1556,42.07,0.2917,0.1206,388.7155512,378.9812992,441.9242126,417.228747
2001,264,-117.079594,46.781621,2001_264,WW,,100,0,1,,,,,,,43.58,1.695,0.1475,,,,529.9064961,516.2844488,,
2001,265,-117.0791581,46.78153382,2001_265,WW,,100,0,1,,,,,,,43.3,1.873,0.1685,,,,499.6899606,480.7037402,,
2001,266,-117.078758,46.781554,2001_266,WW,,100,0,1,,,,,,,42.56,1.906,0.1671,,,,655.9891732,630.8021654,,
2001,267,-117.07834,46.781559,2001_267,WW,,100,0,1,,,,,,,43.04,1.985,0.1711,,,,627.101378,602.2588583,,
2001,268,-117.077922,46.781496,2001_268,WW,,100,0,1,,,,,,,43.05,1.909,0.1781,,,,528.9714567,499.3061024,,
2001,269,-117.077504,46.78166,2001_269,WW,,100,0,1,,,,,,,43.61,1.755,0.1592,,,,649.2962598,618.9911417,,
2001,270,-117.077086,46.781434,2001_270,WW,,100,0,1,,,,,,,42.73,1.744,0.1631,,,,631.9242126,612.5935039,,
2001,271,-117.076668,46.781558,2001_271,WW,,100,0,1,,,,,,,43.56,1.831,0.1665,,,,676.855315,651.4714567,,
2001,272,-117.08559,46.781812,2001_272,WB,,100,0,1,,,,,,,44.04,2.089,0.2112,,,,267.898622,248.9124016,,
2001,273,-117.085172,46.78193,2001_273,WP,,100,0,1,,,,,,,44.846,3.8156,,,,,142.085,132.645,,
2001,274,-117.084754,46.781778,2001_274,SC,,100,0,1,,,,,,,,,,,,,,,,
2001,275,-117.084357,46.78187778,2001_275,SC,,100,0,1,,,,,,,,,,,,,,,,
2001,276,-117.083918,46.78182,2001_276,SC,,100,0,1,,,,,,,62.373,3.736,,,,,306.5452756,292.8149606,,
2001,277,-117.0835,46.781883,2001_277,SP,,100,0,1,,,,,,,44.381,3.1072,,,,,94.535,88.495,,
2001,278,-117.083082,46.781804,2001_278,SB,,100,0,1,,,,,,,43.19,1.657,0.1636,43.96,0.4653,0.08979,450.9694882,424.5521654,529.0501969,501.7006937
2001,279,-117.0826501,46.78185937,2001_279,,,100,0,0,,,,,,,,,,,,,,,,
2001,280,-117.082246,46.78191,2001_280,SW,,100,0,1,,,,,,,44.62,2.196,0.1788,45.11,0.3762,0.119,454.5127953,443.105315,567.2194882,530.6865801
2001,281,-117.0818123,46.78170481,2001_281,SW,,100,0,1,,,,,,,44.72,2.352,0.2018,42.96,0.4034,0.1604,359.5816929,349.9458661,370.1722441,349.362269
2001,282,-117.08141,46.781851,2001_282,SW,,100,0,1,,,,,,,44.8,2.427,0.1983,43.15,0.3897,0.1741,408.7942913,398.2234252,414.7096457,389.8804864
2001,283,-117.080992,46.781853,2001_283,SW,,100,0,1,,,,,,,44.87,2.395,0.1903,42.14,0.6088,0.2137,465.1427165,454.3257874,509.0009843,479.5597509
2001,284,-117.080574,46.781709,2001_284,SW,,100,0,1,,,,,,,44.83,2.351,0.2085,44.65,0.3853,0.1484,337.0423228,327.3080709,370.5167323,349.2148283
2001,285,-117.080156,46.781972,2001_285,SW,,100,0,1,,,,,,,44.44,1.726,0.1418,42.55,0.2867,0.09518,434.0403543,421.4025591,535.7234252,509.3237185
2001,286,-117.079738,46.781943,2001_286,SW,,100,0,1,,,,,,,44.26,1.711,0.1435,41.92,0.3548,0.116,461.2549213,448.4202756,687.7903543,658.6829096
2001,287,-117.07932,46.781907,2001_287,WW,,100,0,1,,,,,,,43.37,1.925,0.1777,,,,473.9025591,455.605315,,
2001,288,-117.0788662,46.78180208,2001_288,WW,,100,0,1,,,,,,,43.38,1.752,0.1675,,,,637.4852362,611.117126,,
2001,289,-117.078484,46.78184,2001_289,WW,,100,0,1,,,,,,,44.04,3.036,0.2328,,,,384.7293307,370.4675197,,
2001,290,-117.078066,46.781845,2001_290,WW,,100,0,1,,,,,,,43.21,1.772,0.1626,,,,479.4143701,461.5108268,,
2001,291,-117.077648,46.781782,2001_291,WW,,100,0,1,,,,,,,43.56,1.966,0.1806,,,,634.7785433,609.148622,,
2001,292,-117.07723,46.781946,2001_292,WW,,100,0,1,,,,,,,43.57,2.29,0.2101,,,,562.2883858,540.2509843,,
2001,293,-117.076812,46.78172,2001_293,WW,,100,0,1,,,,,,,43.69,2.134,0.1943,,,,450.4773622,431.9832677,,
2001,297,-117.085536,46.782098,2001_297,WB,,100,0,1,,,,,,,44.13,2.373,0.234,,,,390.6348425,371.1564961,,
2001,298,-117.085118,46.782216,2001_298,WB,,100,0,1,,,,,,,43.68,2.136,0.1775,43.23,0.6169,0.1961,343.8336614,330.4084646,335.4281496,304.6383087
2001,299,-117.0847,46.782064,2001_299,,,100,0,0,,,,,,,,,,,,,,,,
2001,300,-117.084282,46.782153,2001_300,SC,,100,0,1,,,,,,,,,,,,,,,,
2001,301,-117.083864,46.782106,2001_301,SC,,100,0,1,,,,,,,62.632,3.4021,,,,,222.9330709,211.6141732,,
2001,302,-117.0834303,46.78215462,2001_302,SP,,100,0,1,,,,,,,44.159,2.9656,,,,,238.535,222.745,,
2001,303,-117.0830123,46.78207922,2001_303,SB,,100,0,1,,,,,,,43.19,1.56,0.1598,,,,548.0167323,517.0718504,,
2001,304,-117.08261,46.782159,2001_304,SB,,100,0,1,,,,,,,43.3,1.53,0.1538,,,,439.8474409,413.2332677,,
2001,305,-117.082192,46.782196,2001_305,SW,,100,0,1,,,,,,,44.58,2.191,0.1717,43.24,0.4073,0.1137,423.2627953,410.9694882,486.117126,472.3078745
2001,306,-117.081774,46.781998,2001_306,SW,,100,0,1,,,,,,,44.7,2.422,0.1881,43.49,0.4259,0.1425,428.2824803,418.105315,500.3887795,466.7536323
2001,307,-117.081356,46.782137,2001_307,SW,,100,0,1,,,,,,,44.49,2.054,0.1635,44.31,0.4294,0.112,459.7785433,448.7155512,679.0797244,667.469623
2001,308,-117.080938,46.782139,2001_308,SW,,100,0,1,,,,,,,44.58,2.532,0.1921,43.42,0.5497,0.1437,450.1820866,439.3159449,586.6584646,574.1418793
2001,309,-117.080499,46.78197702,2001_309,SW,,100,0,1,,,,,,,44.31,1.963,0.1699,43.43,0.5024,0.1332,341.3730315,331.7864173,493.2529528,474.2546723
2001,310,-117.080102,46.782258,2001_310,SW,,100,0,1,,,,,,,42.86,1.818,0.1503,43.01,0.3155,0.09966,322.8198819,312.6919291,481.6387795,449.2129989
2001,311,-117.079684,46.782229,2001_311,SW,,100,0,1,,,,,,,42.69,1.972,0.1596,42.33,0.3859,0.1152,525.625,508.7057087,688.2677165,662.8151722
2001,312,-117.0793018,46.78221346,2001_312,SW,,100,0,1,,,,,,,42.65,1.867,0.1503,44.28,0.2679,0.08063,504.2667323,490.2017717,605.9350394,562.7979288
2001,313,-117.078848,46.782114,2001_313,WW,,100,0,1,,,,,,,43.62,1.775,0.1597,,,,699.7883858,667.2194882,,
2001,314,-117.07843,46.782126,2001_314,WW,,100,0,1,,,,,,,43.59,1.903,0.175,,,,553.1840551,527.9478346,,
2001,315,-117.0780418,46.78214737,2001_315,WW,,100,0,1,,,,,,,43.26,1.924,0.1823,,,,942.8494094,863.7253937,,
2001,316,-117.077594,46.782068,2001_316,WW,,100,0,1,,,,,,,43.39,2.263,0.2232,,,,722.5246063,683.9517717,,
2001,323,-117.0851352,46.78249247,2001_323,WB,,100,0,1,,,,,,,43.67,2.358,0.195,42.37,1.048,0.2522,530.7923228,520.8612205,878.636811,818.6117704
2001,324,-117.084751,46.78235,2001_324,WP,,100,0,1,,,,,,,44.837,3.4533,,44.5,0.767,0.2122,145.635,139.265,414.465,390.908714
2001,325,-117.084333,46.782439,2001_325,WP,,100,0,1,,,,,,,43.19,3.3416,,44.88,0.6871,0.1802,188.035,175.795,370.415,350.181933
2001,326,-117.083915,46.782392,2001_326,SC,,100,0,1,,,,,,,,,,,,,,,,
2001,327,-117.083497,46.782455,2001_327,SC,,100,0,1,,,,,,,63.158,3.3405,,,,,337.4507874,322.8346457,,
2001,328,-117.083079,46.782376,2001_328,SP,,100,0,1,,,,,,,43.969,2.9175,,,,,255.485,215.795,,
2001,329,-117.0826453,46.78243781,2001_329,SB,,100,0,1,,,,,,,42.91,1.587,0.166,,,,614.5029528,597.386811,,
2001,330,-117.082243,46.782482,2001_330,SB,,100,0,1,,,,,,,43.36,1.647,0.1678,,,,572.8690945,555.2608268,,
2001,331,-117.081825,46.782284,2001_331,SW,,100,0,1,,,,,,,43.11,1.944,0.1644,42.92,0.3587,0.1527,388.6663386,375.8316929,513.2332677,496.2817441
2001,332,-117.081407,46.782423,2001_332,SW,,100,0,1,,,,,,,42.94,2.019,0.1674,43.58,0.4036,0.1459,447.7706693,434.8375984,531.3435039,509.2388245
2001,333,-117.080989,46.782425,2001_333,SW,,100,0,1,,,,,,,42.88,1.954,0.1551,43.79,0.3295,0.1243,462.5836614,450.9301181,526.7175197,513.2595042
2001,334,-117.080571,46.782281,2001_334,SW,,100,0,1,,,,,,,42.98,1.869,0.154,42.22,0.4564,0.1566,443.5383858,429.867126,545.3690945,518.4681138
2001,335,-117.080153,46.782544,2001_335,SW,,100,0,1,,,,,,,42.73,1.861,0.148,43.77,0.2873,0.1044,584.0895669,567.9576772,689.1190945,635.079839
2001,336,-117.079735,46.782515,2001_336,SW,,100,0,1,,,,,,,42.93,2.205,0.1733,43.42,0.3719,0.1334,558.9911417,542.9084646,693.8435039,638.7678904
2001,337,-117.079317,46.782479,2001_337,SW,,100,0,1,,,,,,,42.79,1.866,0.1532,43.75,0.2993,0.1005,435.3690945,421.894685,514.7096457,484.2711356
2001,338,-117.0788911,46.78239455,2001_338,WW,,100,0,1,,,,,,,,,,,,,461.5009843,449.4045276,,
2001,348,-117.084617,46.782636,2001_348,WB,,100,0,1,,,,,,,43.49,2.134,0.1809,42.05,0.8981,0.2142,383.9419291,329.375,342.0718504,316.2630527
2001,349,-117.084199,46.782725,2001_349,WP,,100,0,1,,,,,,,,,,,,,25.785,23.995,,
2001,350,-117.083781,46.782678,2001_350,SC,,100,0,1,,,,,,,,,,,,,,,,
2001,351,-117.083363,46.782741,2001_351,SC,,100,0,1,,,,,,,62.913,3.4752,,,,,325.6397638,310.5314961,,
2001,352,-117.0829188,46.78264763,2001_352,SP,,100,0,1,,,,,,,44.395,3.0579,,,,,190.985,177.545,,
2001,353,-117.082527,46.782731,2001_353,SP,,100,0,1,,,,,,,44.091,2.9297,,,,,208.235,191.145,,
2001,354,-117.082109,46.782768,2001_354,SB,,100,0,1,,,,,,,43.68,1.58,0.1713,,,,434.6309055,409.0501969,,
2001,355,-117.081691,46.78257,2001_355,SW,,100,0,1,,,,,,,42.61,1.752,0.1557,44.04,0.5556,0.1664,442.8494094,429.4242126,654.7687008,634.7036532
2001,356,-117.081273,46.782709,2001_356,SW,,100,0,1,,,,,,,42.62,1.889,0.1545,44.66,0.2711,0.1017,435.2214567,423.617126,418.2529528,397.3194014
2001,357,-117.080855,46.782711,2001_357,SW,,100,0,1,,,,,,,42.71,1.838,0.1512,45.16,0.2609,0.09068,520.4084646,507.0816929,616.8257874,570.3595229
2001,358,-117.0804141,46.78255608,2001_358,SW,,100,0,1,,,,,,,42.6,1.701,0.1425,44.05,0.2629,0.08156,496.9340551,482.1801181,651.5059055,609.9117742
2001,359,-117.080019,46.78283,2001_359,SW,,100,0,1,,,,,,,42.8,1.838,0.1512,44.68,0.4235,0.1261,451.4124016,436.8061024,576.7519685,567.1623942
2001,360,-117.079601,46.782801,2001_360,SW,,100,0,1,,,,,,,42.61,1.789,0.1451,44.8,0.2968,0.08533,389.7982283,378.6860236,497.8297244,468.0885076
2001,371,-117.0842298,46.78296597,2001_371,WB,,100,0,1,,,,,,,43.68,2.777,0.2298,43.88,0.8058,0.1942,384.2864173,378.5875984,1036.117126,956.9562787
2001,372,-117.083798,46.782964,2001_372,WP,,100,0,1,,,,,,,44.623,3.5892,,44.64,0.9271,0.1726,122.185,114.395,245.715,242.2728099
2001,373,-117.08338,46.783027,2001_373,SC,,100,0,1,,,,,,,,,,,,,,,,
2001,374,-117.082962,46.782948,2001_374,SC,,100,0,1,,,,,,,62.423,3.4847,,,,,295.3248031,281.988189,,
2001,375,-117.0825283,46.78300622,2001_375,SP,,100,0,1,,,,,,,44.26,3.3633,,,,,241.735,218.795,,
2001,376,-117.082126,46.783054,2001_376,SP,,100,0,1,,,,,,,44.018,3.0478,,,,,247.085,212.545,,
2001,377,-117.0816503,46.78282132,2001_377,SW,,100,0,1,,,,,,,42.67,2.139,0.1679,44.12,0.3182,0.1135,376.8061024,364.7096457,413.2332677,382.5045207
2001,378,-117.08129,46.782995,2001_378,SW,,100,0,1,,,,,,,42.71,1.824,0.1472,45.06,0.2779,0.09064,478.8730315,464.2667323,555.9990157,541.5072659
2001,379,-117.080872,46.782997,2001_379,SW,,100,0,1,,,,,,,42.58,1.818,0.1456,44.42,0.3028,0.09745,489.5521654,473.5679134,506.8848425,485.5227487
2001,380,-117.080454,46.782853,2001_380,SW,,100,0,1,,,,,,,42.57,1.839,0.1434,43.98,0.3002,0.09938,469.4242126,459.2322835,646.894685,575.6150155
2001,381,-117.080036,46.783116,2001_381,SW,,100,0,1,,,,,,,42.56,1.778,0.145,43.88,0.279,0.09631,333.7450787,322.878937,403.636811,381.9300784
2001,394,-117.0839099,46.78312585,2001_394,WB,This sample should have been in the WP strip but is WB due to ringing the field with WB,100,0,1,,,,,,,43.88,2.698,0.2273,,,,452.3966535,427.7509843,,
2001,395,-117.083498,46.783313,2001_395,WP,,100,5.3,1,,,,,,,,,,,,,4.25,4.245,,
2001,396,-117.08308,46.783234,2001_396,SC,,100,0,1,,,,,,,,,,,,,,,,
2001,397,-117.082662,46.783303,2001_397,SC,,100,0,1,,,,,,,62.694,3.4361,,,,,290.8956693,277.5590551,,
2001,398,-117.0822755,46.78335797,2001_398,SP,This sample should have been SC but is SP due to driving (Pt is on the line),100,0,1,,,,,,,44.074,3.2178,,,,,268.635,245.545,,
2001,399,-117.081826,46.783142,2001_399,SB,,100,0,1,,,,,,,42.99,1.517,0.155,44.42,0.3201,0.08862,564.7490157,545.1230315,658.2824803,569.9681245
2001,400,-117.081408,46.783281,2001_400,SB,,100,0,1,,,,,,,43.33,1.569,0.1595,43.11,0.4434,0.1031,467.2588583,436.0679134,516.0088583,405.7098314
2001,401,-117.08099,46.783283,2001_401,SW,,100,0,1,,,,,,,42.63,1.872,0.1506,42.28,0.346,0.1414,287.9773622,277.5049213,287.4950787,266.8876937
2001,402,-117.080572,46.783139,2001_402,SW,,100,0,1,,,,,,,42.75,2.04,0.1567,43.56,0.3523,0.1207,418.7352362,405.1624016,431.4911417,403.2382657
2001,419,-117.0832106,46.7834571,2001_419,WB,This sample should have been WP but is WB due ringing the field with WB,100,0,1,,,,,,,43.75,2.221,0.1982,,,,597.6230315,567.6624016,,
2001,420,-117.0827709,46.78351532,2001_420,SC,,100,0,1,,,,,,,,,,,,,,,,
2001,421,-117.0823668,46.78355231,2001_421,,,100,0,0,,,,,,,,,,,,,,,,
2001,422,-117.081933,46.783428,2001_422,SP,,100,0,1,,,,,,,43.969,2.8456,,,,,200.985,160.895,,
2001,423,-117.0814836,46.78355263,2001_423,,,100,0,0,,,,,,,,,,,,,,,,
2001,424,-117.081097,46.783569,2001_424,,,100,0,0,,,,,,,,,,,,,,,,
2001,425,-117.080679,46.783425,2001_425,SW,,100,0,1,,,,,,,42.93,2.522,0.1925,44.27,0.5264,0.1743,830.2017717,804.4734252,903.4251969,884.7298961
2002,1,-117.087514,46.778729,2002_1,SW,,100,0,1,,,,,,,43.85,2.651,0.2027,43.16,0.378,0.1028,320.3740157,300.1968504,417.3228346,380.0618673
2002,2,-117.0870646,46.77869163,2002_2,SW,,100,0,1,,,,,,,44.18,3.193,0.2192,46.6,0.7652,0.1279,342.519685,326.7716535,659.4488189,607.111611
2002,3,-117.086678,46.778791,2002_3,SW,,100,0,1,,,,,,,43.48,2.684,0.1906,45.49,0.4426,0.1159,437.007874,417.8149606,498.0314961,462.8763316
2002,4,-117.08626,46.778761,2002_4,SW,,100,0,1,,,,,,,44.05,2.761,0.2041,46.36,0.5472,0.1135,439.4685039,411.9094488,582.6771654,539.6607303
2002,5,-117.085842,46.778666,2002_5,WW,,100,0,1,,,,,,,42.98,1.943,0.1679,,,,504.4291339,479.3307087,,
2002,6,-117.0854188,46.77877321,2002_6,WW,,100,0,1,,,,,,,43.32,1.94,0.1711,,,,577.7559055,550.6889764,,
2002,7,-117.085006,46.778632,2002_7,WW,,100,0,1,,,,,,,43.75,2.184,0.1823,,,,605.8070866,569.3897638,,
2002,8,-117.084588,46.778721,2002_8,WW,,100,0,1,,,,,,,,,,,,,,,,
2002,9,-117.08417,46.778674,2002_9,WW,,100,0,1,,,,,,,43.47,2.356,0.2077,,,,578.2480315,545.2755906,,
2002,10,-117.083752,46.778737,2002_10,WW,,100,0,1,,,,,,,43.93,2.025,0.1761,,,,577.2637795,547.7362205,,
2002,11,-117.083334,46.778658,2002_11,WW,,100,0,1,,,,,,,43.51,2.299,0.1923,,,,574.3110236,545.7677165,,
2002,12,-117.0829398,46.77873108,2002_12,WW,,100,0,1,,,,,,,43.19,2.058,0.1788,,,,520.6692913,496.5551181,,
2002,13,-117.082498,46.778764,2002_13,WC,,100,5.3,1,,,,,,,59.677,4.171,,,,,5.5,5,,
2002,14,-117.0816322,46.77868863,2002_14,SB,,100,0,0,,,,,,,,,,,,,,,,
2002,15,-117.081244,46.778707,2002_15,SB,,100,0,1,,,,,,,,,,,,,,,,
2002,16,-117.080408,46.778826,2002_16,WB,,100,0,1,,,,,,,45.54,1.665,0.154,,,,335.6299213,324.3110236,,
2002,17,-117.07999,46.778797,2002_17,SC,,100,0,1,,,,,,,61.237,3.7357,,,,,291.3385827,281.988189,,
2002,18,-117.0888801,46.77895174,2002_18,SW,,100,0,1,,,,,,,43.28,2.793,0.1969,47.33,0.6641,0.1031,447.3425197,420.2755906,627.9527559,563.547345
2002,19,-117.0884663,46.77882662,2002_19,SW,,100,0,1,,,,,,,43.5,2.599,0.2019,46.03,0.4648,0.1201,366.1417323,349.4094488,440.9448819,403.3032456
2002,20,-117.088064,46.778867,2002_20,SW,,100,0,1,,,,,,,43.78,2.694,0.2182,47.37,0.4819,0.1087,282.480315,263.7795276,312.992126,283.1833521
2002,21,-117.087646,46.778842,2002_21,SW,,100,0,1,,,,,,,43.84,2.397,0.1805,44.65,0.3065,0.06357,415.8464567,389.7637795,458.6614173,419.7918057
2002,22,-117.087228,46.779015,2002_22,SW,,100,0,1,,,,,,,43.59,2.233,0.1749,47.9,0.3552,0.08182,389.7637795,365.1574803,415.3543307,379.7525309
2002,23,-117.086831,46.77900278,2002_23,SW,,100,0,1,,,,,,,43.37,2.753,0.2102,48.07,0.4454,0.1024,456.6929134,429.1338583,486.2204724,453.8057743
2002,24,-117.086392,46.779077,2002_24,SW,,100,0,1,,,,,,,43.57,2.696,0.1957,47.52,0.4583,0.08924,346.9488189,325.7874016,448.8188976,412.9133858
2002,25,-117.085974,46.779047,2002_25,SW,,100,0,1,,,,,,,43.59,2.512,0.1867,44.38,0.836,0.1276,428.1496063,403.0511811,383.8582677,353.3933258
2002,26,-117.085556,46.778952,2002_26,WW,,100,0,1,,,,,,,43.81,2.12,0.1831,,,,667.8149606,633.8582677,,
2002,27,-117.085117,46.77906282,2002_27,WW,,100,0,1,,,,,,,43.52,1.99,0.1751,,,,579.2322835,560.0393701,,
2002,28,-117.08472,46.778918,2002_28,WW,,100,0,1,,,,,,,43.93,2.221,0.1866,,,,457.1850394,434.5472441,,
2002,29,-117.084302,46.779007,2002_29,WW,,100,0,1,,,,,,,43.66,2.246,0.1936,,,,552.6574803,525.0984252,,
2002,30,-117.083884,46.77896,2002_30,WW,,100,0,1,,,,,,,43.25,1.928,0.1734,,,,603.8385827,570.8661417,,
2002,31,-117.083466,46.779023,2002_31,WW,,100,0,1,,,,,,,44.68,2.01,0.1768,,,,589.0748031,557.0866142,,
2002,32,-117.083048,46.778944,2002_32,WW,,100,0,1,,,,,,,43.53,1.994,0.1775,,,,610.2362205,579.7244094,,
2002,33,-117.08263,46.779013,2002_33,WW,,100,0,1,,,,,,,44.57,1.953,0.1804,,,,374.507874,355.3149606,,
2002,34,-117.082212,46.77905,2002_34,WC,,100,0,1,,,,,,,61.014,4.0022,,,,,39.5,38,,
2002,35,-117.081794,46.778852,2002_35,WP,,100,0,1,,,,,,,45.76,2.851,0.2517,,,,211.5,203,,
2002,36,-117.0814058,46.77900737,2002_36,WP,,100,0,1,,,,,,,45.51,3.161,0.2594,,,,322,301.5,,
2002,37,-117.080958,46.778993,2002_37,SB,,100,0,0,,,,,,,,,,,,,,,,
2002,38,-117.08054,46.778849,2002_38,WB,,100,0,1,,,,,,,45.71,1.765,0.1513,,,,295.7677165,288.8779528,,
2002,39,-117.080122,46.779112,2002_39,WB,,100,0,1,,,,,,,45.82,1.902,0.1656,,,,350.3937008,340.5511811,,
2002,40,-117.079704,46.779083,2002_40,SC,,100,0,0,,,,,,,,,,,,,,,,
2002,41,-117.079286,46.779047,2002_41,SP,,100,0,1,,,,,,,44.43,3.627,0.2705,,,,58,55,,
2002,42,-117.0887062,46.77911338,2002_42,SW,,100,0,1,,,,,,,43.58,2.628,0.1896,47.29,0.6335,0.1139,433.0708661,403.5433071,629.9212598,575.4088431
2002,43,-117.088318,46.779153,2002_43,SW,,100,0,1,,,,,,,43.27,2.363,0.1895,47.89,0.5447,0.1284,490.6496063,463.5826772,494.0944882,476.4482565
2002,44,-117.0879,46.779128,2002_44,SW,,100,0,1,,,,,,,43.77,2.641,0.2064,47.84,0.4344,0.1114,306.1023622,285.9251969,281.496063,265.8573928
2002,45,-117.0874635,46.77928833,2002_45,SW,,100,0,1,,,,,,,43.6,2.441,0.2084,43.86,0.367,0.1371,314.9606299,295.7677165,635.8267717,609.607111
2002,46,-117.087064,46.779278,2002_46,SW,,100,0,1,,,,,,,43.66,2.761,0.2048,44.38,0.312,0.08937,299.7047244,281.003937,285.4330709,265.0449944
2002,47,-117.086646,46.779363,2002_47,SW,,100,0,1,,,,,,,43.79,2.678,0.2088,45.25,0.3905,0.09929,399.6062992,376.476378,444.8818898,410.6602059
2002,48,-117.086228,46.779333,2002_48,SW,,100,0,1,,,,,,,43.42,2.682,0.1948,43.19,0.5422,0.1081,576.2795276,542.8149606,710.6299213,664.9465692
2002,49,-117.08581,46.779238,2002_49,SW,,100,0,1,,,,,,,43.36,2.406,0.1858,43.66,0.5354,0.1074,445.8661417,421.2598425,1053.149606,966.0470073
2002,50,-117.0853355,46.77932123,2002_50,WW,,100,0,1,,,,,,,43.22,1.953,0.1816,,,,474.4094488,446.8503937,,
2002,51,-117.0849635,46.77919681,2002_51,WW,,100,0,1,,,,,,,43.36,2.004,0.1821,,,,534.4488189,506.3976378,,
2002,52,-117.084556,46.779293,2002_52,WW,,100,0,1,,,,,,,43.73,2.057,0.1911,,,,479.3307087,449.8031496,,
2002,53,-117.084138,46.779246,2002_53,WW,,100,0,1,,,,,,,45.01,2.197,0.1935,,,,511.3188976,486.7125984,,
2002,54,-117.08372,46.779309,2002_54,WW,,100,0,1,,,,,,,45.01,2.049,0.1661,,,,667.3228346,647.1456693,,
2002,55,-117.083302,46.77923,2002_55,WW,,100,0,1,,,,,,,44.27,1.964,0.1688,,,,573.3267717,553.1496063,,
2002,56,-117.0829019,46.77931128,2002_56,WW,,100,0,1,,,,,,,44.77,2.026,0.1723,,,,576.7716535,548.7204724,,
2002,57,-117.082466,46.779336,2002_57,WW,,100,0,1,,,,,,,44.62,2.039,0.1651,,,,566.4370079,546.7519685,,
2002,58,-117.082048,46.779138,2002_58,WC,,100,0,1,,,,,,,61.168,4.1159,,,,,72.5,69.5,,
2002,59,-117.0816002,46.77925244,2002_59,WP,,100,0,1,,,,,,,45.94,3.208,0.2506,,,,218,209,,
2002,60,-117.081212,46.779279,2002_60,WP,,100,0,1,,,,,,,45.73,3.277,0.2199,,,,340,325,,
2002,61,-117.080794,46.779135,2002_61,SB,,100,0,0,,,,,,,,,,,,,,,,
2002,62,-117.0803999,46.77941847,2002_62,SB,,100,0,1,,,,,,,45.32,1.999,0.1634,,,,467.0275591,450.2952756,,
2002,63,-117.079958,46.779369,2002_63,WB,,100,0,1,,,,,,,45.1,1.672,0.1522,,,,375,363.6811024,,
2002,64,-117.07954,46.779333,2002_64,SC,,100,0,1,,,,,,,61.226,3.791,,,,,275.5905512,268.7007874,,
2002,65,-117.079122,46.779254,2002_65,SP,,100,0,1,,,,,,,44.16,3.402,0.2729,,,,67.5,63.5,,
2002,66,-117.0787339,46.77928646,2002_66,SP,,100,0,1,,,,,,,44.63,3.547,0.2451,,,,61.5,58,,
2002,67,-117.078286,46.779271,2002_67,SP,,100,0,1,,,,,,,45.18,3.483,0.2411,,,,41,38,,
2002,68,-117.088231,46.779439,2002_68,SW,,100,0,1,,,,,,,43.61,2.502,0.2004,47.46,0.6648,0.1465,257.8740157,245.5708661,401.5748031,374.4413705
2002,69,-117.087813,46.779414,2002_69,SW,,100,0,1,,,,,,,43.5,2.719,0.2078,48.72,0.4939,0.1025,414.8622047,393.7007874,472.4409449,440.0819761
2002,70,-117.087395,46.779587,2002_70,SW,,100,0,1,,,,,,,43.63,3.008,0.2195,44.12,0.4532,0.1127,403.0511811,382.8740157,466.5354331,417.4264401
2002,71,-117.086977,46.779564,2002_71,SW,,100,0,1,,,,,,,43.6,2.548,0.2012,45.98,0.3869,0.08391,282.9724409,267.2244094,352.3622047,325.7688308
2002,72,-117.086559,46.779649,2002_72,SW,,100,0,1,,,,,,,43.4,2.397,0.1964,47.55,0.3858,0.09561,472.9330709,448.8188976,641.7322835,589.2269148
2002,73,-117.0861725,46.77963697,2002_73,SW,,100,0,1,,,,,,,43.23,2.615,0.2042,47.41,0.5701,0.1154,522.6377953,496.5551181,529.5275591,480.7552839
2002,74,-117.0856916,46.77950963,2002_74,SW,,100,0,1,,,,,,,43.27,2.373,0.1885,47.7,0.3935,0.09543,514.7637795,489.6653543,633.8582677,592.9641859
2002,75,-117.085305,46.779642,2002_75,SW,,100,0,1,,,,,,,43.44,2.311,0.1782,44.24,0.567,0.1056,476.8700787,451.2795276,594.488189,554.855643
2002,76,-117.084887,46.77949,2002_76,WW,,100,0,1,,,,,,,44.51,2.193,0.1852,,,,587.1062992,552.6574803,,
2002,77,-117.084469,46.779579,2002_77,WW,,100,0,1,,,,,,,44.86,2.226,0.1948,,,,581.6929134,559.5472441,,
2002,78,-117.084051,46.779532,2002_78,WW,,100,0,1,,,,,,,44.88,2.067,0.1797,,,,541.8307087,525.0984252,,
2002,79,-117.083633,46.779595,2002_79,WW,,100,0,1,,,,,,,44.54,1.848,0.1647,,,,547.2440945,533.4645669,,
2002,80,-117.083215,46.779516,2002_80,WW,,100,0,1,,,,,,,45.49,2.043,0.169,,,,499.507874,472.9330709,,
2002,81,-117.082797,46.779585,2002_81,WW,,100,0,1,,,,,,,45.77,1.963,0.1682,,,,446.8503937,425.6889764,,
2002,82,-117.082379,46.779622,2002_82,WW,,100,0,1,,,,,,,44.51,1.948,0.1726,,,,655.511811,629.9212598,,
2002,83,-117.081961,46.779424,2002_83,WC,,100,0,1,,,,,,,61.961,3.5078,,,,,95.5,91.5,,
2002,84,-117.081543,46.779563,2002_84,WC,,100,5.3,1,,,,,,,61.173,3.944,,,,,8,7.5,,
2002,85,-117.081125,46.779565,2002_85,WP,,100,0,1,,,,,,,45.53,3.04,0.2345,,,,289.5,278,,
2002,86,-117.080707,46.779421,2002_86,SB,,100,0,1,,,,,,,44.58,1.625,0.1469,,,,529.5275591,511.8110236,,
2002,87,-117.080289,46.779684,2002_87,SB,,100,0,1,,,,,,,44.84,1.607,0.1508,,,,348.9173228,336.1220472,,
2002,88,-117.079871,46.779655,2002_88,WB,,100,0,1,,,,,,,45.45,2.766,0.2384,,,,310.5314961,299.7047244,,
2002,89,-117.079447,46.77960671,2002_89,SC,,100,0,1,,,,,,,62.351,3.5029,0.1699,,,,218.503937,213.5826772,,
2002,90,-117.079035,46.77954,2002_90,SC,,100,0,1,,,,,,,62.008,3.5784,,,,,283.4645669,276.0826772,,
2002,91,-117.078617,46.779552,2002_91,SP,,100,0,1,,,,,,,44.31,3.652,0.2799,,,,85,80.5,,
2002,92,-117.078199,46.779557,2002_92,SP,,100,0,1,,,,,,,42.9,3.344,0.2527,,,,45.5,42.5,,
2002,93,-117.077781,46.779494,2002_93,SC,,100,0,1,,,,,,,60.981,3.7552,,,,,270.6692913,263.7795276,,
2002,94,-117.077363,46.779658,2002_94,SC,,100,0,1,,,,,,,60.584,4.0107,,,,,160.4330709,155.511811,,
2002,95,-117.088073,46.77971682,2002_95,SW,,100,0,1,,,,,,,43.41,2.678,0.2073,46.8,0.6123,0.1845,234.7440945,223.4251969,405.511811,375.4738991
2002,96,-117.087663,46.7797,2002_96,SW,,100,0,1,,,,,,,43.26,2.301,0.1886,47.24,0.4417,0.09326,420.7677165,399.6062992,574.8031496,533.3225099
2002,97,-117.087245,46.779873,2002_97,SW,,100,0,1,,,,,,,43.63,3.088,0.2234,45.27,0.6338,0.1584,338.0905512,317.9133858,555.1181102,511.4571353
2002,98,-117.086827,46.77985,2002_98,SW,,100,0,1,,,,,,,43.65,2.569,0.195,46.95,0.5095,0.1168,413.3858268,389.2716535,395.6692913,361.5598697
2002,99,-117.086409,46.779935,2002_99,SW,,100,0,1,,,,,,,43.67,2.49,0.1819,44.67,0.3606,0.09896,387.7952756,366.1417815,496.0629921,466.8828161
2002,100,-117.085991,46.779905,2002_100,SW,,100,0,1,,,,,,,43.59,2.667,0.2171,46.61,0.4046,0.09712,488.1889764,462.5984252,665.3543307,629.9631429
2002,101,-117.085573,46.77981,2002_101,SW,,100,0,1,,,,,,,43.61,2.551,0.1963,47.48,0.4208,0.09805,513.7795276,486.7125492,696.8503937,642.7844149
2002,102,-117.085155,46.779928,2002_102,SW,,100,0,1,,,,,,,43.35,2.513,0.1848,48.59,0.3911,0.08383,453.2480315,429.6259843,862.2047244,807.5579461
2002,103,-117.084737,46.779776,2002_103,WW,,100,0,1,,,,,,,44.4,2.023,0.1837,,,,595.4724409,569.3897638,,
2002,104,-117.0843452,46.77988297,2002_104,WW,,100,0,1,,,,,,,44.2,1.959,0.1697,,,,607.7755906,588.5826772,,
2002,105,-117.083901,46.779818,2002_105,WW,,100,0,1,,,,,,,45.26,2.188,0.1901,,,,500,484.7440945,,
2002,106,-117.083483,46.779881,2002_106,WW,,100,0,1,,,,,,,45.05,2.007,0.1755,,,,486.7125984,470.9645669,,
2002,107,-117.083065,46.779802,2002_107,WW,,100,0,1,,,,,,,44.26,1.724,0.155,,,,413.8779528,392.7165354,,
2002,108,-117.082647,46.779871,2002_108,WW,,100,0,1,,,,,,,45.09,1.753,0.1577,,,,565.4527559,546.2598425,,
2002,109,-117.0821935,46.77987977,2002_109,WW,,100,0,1,,,,,,,45.41,2.11,0.1833,,,,534.9409449,510.8267717,,
2002,110,-117.0817533,46.77967045,2002_110,WC,,100,0,1,,,,,,,61.694,3.5069,,,,,44.5,42.5,,
2002,111,-117.081393,46.779849,2002_111,WC,,100,0,1,,,,,,,61.16,3.6866,,,,,32.5,31,,
2002,112,-117.080975,46.779851,2002_112,WP,,100,0,1,,,,,,,45.43,2.658,0.2275,,,,281,270.5,,
2002,113,-117.0805391,46.77969063,2002_113,SB,,100,0,1,,,,,,,44.95,1.898,0.1636,,,,356.7913386,344.488189,,
2002,114,-117.080139,46.77997,2002_114,SB,,100,0,1,,,,,,,45.05,2.127,0.1779,44.9,0.3772,0.1186,212.1062992,204.7244094,204.7244094,204.7244094
2002,115,-117.0797031,46.77992463,2002_115,WB,,100,0,1,,,,,,,44.29,1.751,0.1728,,,,115.6496063,111.7125984,,
2002,116,-117.079303,46.779905,2002_116,WB,,100,0,1,,,,,,,44.76,1.525,0.1406,43.55,0.3661,0.123,441.9291339,428.6417323,452.7559055,452.7559055
2002,117,-117.078885,46.779826,2002_117,SC,,100,0,1,,,,,,,59.643,3.5811,,,,,178.6417323,173.2283465,494.0944882,369.793988
2002,118,-117.078467,46.779838,2002_118,SP,,100,0,1,,,,,,,44.1,3.744,0.2493,46.66,0.8123,0.08356,86.5,81,239.5,225.7581967
2002,119,-117.0780192,46.77982663,2002_119,SP,,100,0,1,,,,,,,44.19,3.578,0.2531,,,,57,54,,
2002,120,-117.077631,46.77978,2002_120,SP,,100,0,1,,,,,,,44.14,3.761,0.241,,,,66,62.5,,
2002,121,-117.077213,46.779944,2002_121,SC,,100,0,1,,,,,,,59.493,4.8188,,,,,126.476378,123.0314961,,
2002,122,-117.087699,46.779986,2002_122,SW,,100,0,1,,,,,,,43.88,2.942,0.2175,47.45,0.6529,0.1448,428.1496063,405.511811,551.1811024,515.8489804
2002,123,-117.087281,46.780159,2002_123,SW,,100,0,1,,,,,,,43.82,2.233,0.1714,46.48,0.6799,0.1393,332.1850394,314.9606299,397.6377953,371.8171592
2002,124,-117.086863,46.780136,2002_124,SW,,100,0,1,,,,,,,43.47,2.82,0.2083,47.48,0.5745,0.1216,385.8267717,364.6653543,498.0314961,461.9422572
2002,125,-117.086445,46.780221,2002_125,SW,,100,0,1,,,,,,,43.09,2.327,0.1883,47.44,0.3594,0.07792,494.0944882,469.488189,543.3070866,516.1417323
2002,126,-117.0860113,46.78018382,2002_126,SW,,100,0,1,,,,,,,43.63,2.542,0.2019,46.59,0.4541,0.08077,272.6377953,257.8740157,391.7322835,379.6789824
2002,127,-117.0855933,46.78008882,2002_127,SW,,100,0,1,,,,,,,43.52,2.578,0.2146,47.21,0.5421,0.117,555.6102362,529.0354331,736.2204724,680.2036974
2002,128,-117.085191,46.780214,2002_128,SW,,100,0,1,,,,,,,43.34,2.566,0.2014,46.26,0.4766,0.115,496.5551181,470.9645177,801.1811024,750.3124609
2002,129,-117.084773,46.780062,2002_129,SW,,100,0,1,,,,,,,43.37,2.466,0.1909,45.93,0.493,0.1246,503.4448819,479.3307087,641.7322835,604.7092671
2002,130,-117.084355,46.780151,2002_130,WW,,100,0,1,,,,,,,45.01,2.274,0.2021,,,,547.2440945,524.1141732,,
2002,131,-117.083937,46.780104,2002_131,WW,,100,0,1,,,,,,,44.19,2.08,0.1855,,,,498.0314961,482.7755906,,
2002,132,-117.083519,46.780167,2002_132,WW,,100,0,1,,,,,,,44.77,1.942,0.174,,,,457.1850394,433.5629921,,
2002,133,-117.083101,46.780088,2002_133,WW,,100,0,1,,,,,,,44.56,1.934,0.1734,,,,487.6968504,457.1850394,,
2002,134,-117.082683,46.780157,2002_134,WW,,100,0,1,,,,,,,45.64,2.185,0.1864,,,,497.0472441,468.996063,,
2002,135,-117.082265,46.780194,2002_135,WW,,100,0,1,,,,,,,44.3,1.826,0.1819,,,,542.3228346,527.5590551,,
2002,136,-117.081847,46.779996,2002_136,WW,,100,0,1,,,,,,,44.54,1.952,0.1785,,,,657.9724409,634.8425197,,
2002,137,-117.0814529,46.78014727,2002_137,WW,,100,0,1,,,,,,,44.68,1.95,0.1763,,,,613.1889764,590.5511811,,
2002,138,-117.081011,46.780137,2002_138,WC,,100,0,1,,,,,,,61.657,3.656,,,,,61.5,58.5,,
2002,139,-117.080593,46.779993,2002_139,WP,,100,0,1,,,,,,,45.94,2.744,0.2479,,,,249,240.5,,
2002,140,-117.080175,46.780256,2002_140,WP,,100,0,1,,,,,,,45.54,2.671,0.21,,,,211,204,,
2002,141,-117.079757,46.780227,2002_141,SB,,100,0,1,,,,,,,45.52,2.072,0.1826,,,,333.1692913,321.8503937,,
2002,142,-117.079339,46.780191,2002_142,WB,,100,0,1,,,,,,,45.49,1.464,0.1415,,,,341.0433071,328.7401575,,
2002,143,-117.0789031,46.78010382,2002_143,SC,,100,0,1,,,,,,,58.731,4.6429,,,,,233.7598425,226.3779528,,
2002,144,-117.078503,46.780124,2002_144,SC,,100,0,1,,,,,,,57.802,4.2477,,,,,175.1968504,169.7834646,,
2002,145,-117.078085,46.780129,2002_145,SP,,100,0,1,,,,,,,45.09,3.902,0.2722,42.18,0.8856,0.1267,28,26,218,206.295302
2002,146,-117.077667,46.780066,2002_146,SP,,100,0,1,,,,,,,44.29,3.611,0.269,,,,44,41.5,,
2002,147,-117.077249,46.78023,2002_147,SP,,100,5.3,1,,,,,,,45.07,4.023,0.2842,,,,6,5,,
2002,148,-117.076831,46.780004,2002_148,SC,,100,0,1,,,,,,,60.842,3.5349,,,,,181.1023622,175.1968504,,
2002,149,-117.087103,46.780422,2002_149,SW,,100,0,1,,,,,,,43.26,2.411,0.2079,44.4,0.8168,0.1706,442.4212598,420.7677165,572.8346457,533.9983985
2002,150,-117.086685,46.780507,2002_150,SW,,100,0,1,,,,,,,43.18,2.181,0.1941,47.67,0.4338,0.1023,410.4330709,391.7323327,517.7165354,495.5286839
2002,151,-117.0862251,46.78045544,2002_151,SW,,100,0,1,,,,,,,43.95,2.343,0.1552,47.66,0.4153,0.0968,494.5866142,472.4409449,631.8897638,584.3281687
2002,152,-117.0858333,46.78037122,2002_152,SW,,100,0,1,,,,,,,44,2.412,0.1669,42.2,0.3949,0.07335,380.9055118,364.1732283,480.3149606,455.892166
2002,153,-117.085431,46.7805,2002_153,SW,,100,0,1,,,,,,,43.39,2.519,0.1907,46.48,0.3503,0.08909,539.3700787,513.2874016,637.7952756,603.7795276
2002,154,-117.085013,46.780348,2002_154,SW,,100,0,1,,,,,,,43.88,2.298,0.1686,42.5,0.3085,0.09338,478.8385827,457.1850394,801.1811024,753.2471903
2002,155,-117.084595,46.780437,2002_155,SW,,100,0,1,,,,,,,43.61,2.982,0.2008,44.04,0.6906,0.1248,437.992126,413.8779528,618.1102362,585.2320322
2002,156,-117.084177,46.78039,2002_156,WW,,100,0,1,,,,,,,45.61,1.919,0.172,,,,528.0511811,493.6023622,,
2002,157,-117.083759,46.780453,2002_157,WW,,100,0,1,,,,,,,45.26,1.897,0.1727,,,,436.023622,413.8779528,,
2002,158,-117.083341,46.780374,2002_158,WW,,100,0,1,,,,,,,45.2,2.01,0.1854,,,,463.5826772,438.484252,,
2002,159,-117.082923,46.780443,2002_159,WW,,100,0,1,,,,,,,44.37,2.016,0.1871,,,,443.8976378,429.1338583,,
2002,160,-117.082505,46.78048,2002_160,WW,,100,0,1,,,,,,,44.4,1.88,0.1682,,,,438.484252,416.3385827,,
2002,161,-117.082087,46.780282,2002_161,WW,,100,0,1,,,,,,,44.78,1.906,0.1746,,,,558.0708661,534.9409449,,
2002,162,-117.0816451,46.78040873,2002_162,WW,,100,0,1,,,,,,,44.76,1.897,0.1709,,,,597.4409449,566.9291339,,
2002,163,-117.081251,46.780423,2002_163,WW,,100,0,1,,,,,,,45.31,2.012,0.1867,,,,622.0472441,590.5511811,,
2002,164,-117.080833,46.780279,2002_164,WC,,100,0,1,,,,,,,61.814,3.6966,,,,,59.5,57.5,133,126.7933333
2002,165,-117.080415,46.780542,2002_165,WC,,100,0,1,,,,,,,62.229,3.6414,,,,,98,94.5,239,229.3919598
2002,166,-117.079997,46.780513,2002_166,WP,,100,0,1,,,,,,,45.57,2.83,0.1568,46.87,0.5121,0.04183,147,141,167.5,159.072327
2002,167,-117.079579,46.780477,2002_167,SB,,100,0,1,,,,,,,45.33,2.098,0.1808,44.55,0.3653,0.1064,292.3228346,281.988189,350.3937008,339.0906782
2002,168,-117.079161,46.780398,2002_168,WB,,100,0,1,,,,,,,45.82,1.749,0.1575,,,,312.992126,303.1496063,,
2002,169,-117.078743,46.78041,2002_169,WB,,100,0,1,,,,,,,44.48,1.771,0.1665,46.31,0.4226,0.1075,416.8307087,404.5275591,411.4173228,411.4173228
2002,170,-117.078325,46.780415,2002_170,SC,,100,0,1,,,,,,,59.321,4.7361,,,,,145.1771654,141.2401575,338.0905512,326.5121076
2002,171,-117.077907,46.780352,2002_171,SP,,100,0,1,,,,,,,44.49,4.051,0.2924,45.81,0.6252,0.09736,27,25,168,158.2
2002,172,-117.077489,46.780516,2002_172,SP,,100,5.3,1,,,,,,,45.55,4.049,0.2916,46.54,0.8416,0.1221,5.5,4.5,85,80.69620253
2002,173,-117.077071,46.78029,2002_173,SP,,100,0,1,,,,,,,44.08,3.29,0.2684,,,,40.5,38,,
2002,174,-117.076653,46.780414,2002_174,SC,,100,0,1,,,,,,,61.162,3.2833,,,,,201.2795276,196.3582677,,
2002,175,-117.086879,46.780708,2002_175,SW,,100,0,1,,,,,,,43.49,2.379,0.1795,45.32,0.5122,0.1219,384.3503937,369.0944882,474.4094488,441.1175577
2002,176,-117.0864768,46.78080097,2002_176,SW,,100,0,1,,,,,,,43.18,2.305,0.1827,46.75,0.4891,0.1084,438.976378,417.8150098,594.488189,562.3536923
2002,177,-117.086043,46.780763,2002_177,SW,,100,0,1,,,,,,,42.97,2.192,0.1744,45.99,0.3586,0.1076,475.8858268,452.7559055,448.8188976,414.2943671
2002,178,-117.085625,46.780668,2002_178,SW,,100,0,1,,,,,,,43.44,2.248,0.1693,44.07,0.387,0.08287,572.3425197,544.2913386,622.0472441,583.8513607
2002,179,-117.085207,46.780786,2002_179,SW,,100,0,1,,,,,,,43.58,2.575,0.1936,44.46,0.5529,0.1367,475.8858268,452.2637795,720.4724409,679.3025872
2002,180,-117.084789,46.780634,2002_180,SW,,100,0,1,,,,,,,43.76,2.744,0.1954,46.2,0.4185,0.1108,350.3937008,337.1062992,574.8031496,558.6115116
2002,181,-117.084371,46.780723,2002_181,SW,,100,0,1,,,,,,,43.82,2.421,0.1777,45.13,0.4159,0.1057,436.023622,413.8779528,895.6692913,839.1856423
2002,182,-117.0839212,46.78065692,2002_182,WW,,100,0,1,,,,,,,44.69,2.041,0.1868,,,,460.6299213,434.0551181,,
2002,183,-117.083535,46.780739,2002_183,WW,,100,0,1,,,,,,,44.53,1.955,0.1729,,,,658.9566929,625.492126,,
2002,184,-117.083117,46.78066,2002_184,WW,,100,0,1,,,,,,,44.26,1.87,0.1659,,,,543.3070866,511.8110236,,
2002,185,-117.082699,46.780729,2002_185,WW,,100,0,1,,,,,,,45.51,2.039,0.191,,,,509.3503937,478.8385827,,
2002,186,-117.082281,46.780766,2002_186,WW,,100,0,1,,,,,,,45.31,1.94,0.1738,,,,557.0866142,533.4645669,,
2002,187,-117.081863,46.780568,2002_187,WW,,100,0,1,,,,,,,44.37,1.837,0.1767,,,,339.5669291,326.7716535,,
2002,188,-117.081445,46.780707,2002_188,WW,,100,0,1,,,,,,,44.56,1.825,0.1723,,,,491.1417323,465.0590551,,
2002,189,-117.081027,46.780709,2002_189,WW,,100,0,1,,,,,,,44.54,2.036,0.1879,,,,729.8228346,689.9606299,,
2002,190,-117.080609,46.780565,2002_190,WC,,100,0,1,,,,,,,62.021,3.7362,,,,,90.5,86.5,,
2002,191,-117.080191,46.780828,2002_191,WC,,100,0,1,,,,,,,62.446,3.4482,,,,,89,85.5,,
2002,192,-117.079773,46.780799,2002_192,WP,,100,0,1,,,,,,,45.81,2.714,0.2533,46.89,0.439,0.1381,266,256.5,336,320.2723404
2002,193,-117.079355,46.780763,2002_193,SB,,100,0,1,,,,,,,45.83,1.906,0.1579,45.26,0.3479,0.1008,434.5472441,419.2913386,472.4409449,447.575632
2002,194,-117.0789131,46.78066353,2002_194,WB,,100,0,1,,,,,,,44.95,2.014,0.1767,,,,162.4015748,155.511811,,
2002,195,-117.078519,46.780696,2002_195,WB,,100,0,1,,,,,,,44.86,1.759,0.1549,,,,294.2913386,285.4330709,281.496063,259.2726896
2002,196,-117.078101,46.780701,2002_196,SC,,100,0,1,,,,,,,62.236,3.2543,,,,,241.1417323,235.7283465,566.4370079,483.9097617
2002,197,-117.077683,46.780638,2002_197,SP,,100,0,1,,,,,,,44.37,3.762,0.2705,,,,18.5,17,,
2002,198,-117.077265,46.780802,2002_198,SP,,100,5.3,1,,,,,,,45.21,3.498,0.2727,,,,5,4.5,,
2002,199,-117.076847,46.780576,2002_199,SP,,100,0,1,,,,,,,44.37,3.078,0.2231,,,,39.5,36,,
2002,200,-117.0866262,46.7810531,2002_200,SW,,100,0,1,,,,,,,43.06,2.457,0.1924,44.65,0.651,0.1435,359.7440945,340.0590551,557.0866142,526.1373578
2002,201,-117.086242,46.781049,2002_201,SW,,100,0,1,,,,,,,43.4,2.598,0.1955,47.1,0.4519,0.1296,354.8228346,334.1535433,482.2834646,450.9663565
2002,202,-117.085824,46.780954,2002_202,SW,,100,0,1,,,,,,,44.06,2.47,0.1913,46.25,0.4663,0.09975,493.1102362,467.0275591,738.1889764,681.0053233
2002,203,-117.085406,46.781072,2002_203,SW,,100,0,1,,,,,,,43.86,2.845,0.2107,45.8,0.482,0.1257,332.1850394,313.976378,500,453.125
2002,204,-117.084988,46.78092,2002_204,SW,,100,0,1,,,,,,,43.53,2.804,0.2033,45.15,0.7536,0.1515,377.4606299,358.2677165,498.0314961,464.8293963
2002,205,-117.08457,46.781009,2002_205,SW,,100,0,1,,,,,,,43.03,2.035,0.17,42.3,0.3004,0.1044,510.3346457,485.2362697,814.9606299,770.908704
2002,206,-117.084152,46.780962,2002_206,SW,,100,0,1,,,,,,,43.05,2.332,0.1826,46.57,0.4005,0.1132,500.984252,478.3464567,537.4015748,492.6181102
2002,207,-117.083755,46.78103938,2002_207,SW,,100,0,1,,,,,,,43.44,2.609,0.1974,44.37,0.4546,0.129,548.7204724,519.1929134,746.0629921,693.1507232
2002,208,-117.083316,46.780946,2002_208,WW,,100,0,1,,,,,,,44.62,2.009,0.1895,,,,469.980315,445.8661417,,
2002,209,-117.082898,46.781015,2002_209,WW,5 rows harvested instead of 4 rows,100,0,1,,,,,,,45.42,2.097,0.1899,,,,493.7007874,479.5275591,,
2002,210,-117.08248,46.781052,2002_210,WW,,100,0,1,,,,,,,45.57,1.919,0.1746,,,,585.6299213,554.1338583,,
2002,211,-117.082062,46.780854,2002_211,WW,,100,0,1,,,,,,,45.83,1.897,0.1474,,,,546.7519685,522.6377953,,
2002,212,-117.081644,46.780993,2002_212,WW,,100,0,1,,,,,,,45.47,1.96,0.1486,,,,492.6181102,458.1692913,,
2002,213,-117.081226,46.780995,2002_213,WW,,100,0,1,,,,,,,45.97,2.296,0.1682,,,,921.7519685,849.4094488,,
2002,214,-117.080808,46.780851,2002_214,WW,,100,0,1,,,,,,,45.48,2.05,0.1623,,,,607.2834646,571.8503937,,
2002,215,-117.0804377,46.78111806,2002_215,WW,,100,0,1,,,,,,,46.57,2.183,0.1581,,,,647.6377953,622.5393701,,
2002,216,-117.079972,46.781085,2002_216,WC,,100,0,1,,,,,,,60.418,3.9605,,,,,117.5,113,300,286.1842105
2002,217,-117.079554,46.781049,2002_217,WP,,100,0,1,,,,,,,44.57,2.893,0.1885,46.46,0.4806,0.04853,296.5,284.5,327.5,314.2485549
2002,218,-117.079136,46.78097,2002_218,SB,,100,0,1,,,,,,,45.25,1.6,0.143,,,,485.2362205,466.0433071,,
2002,219,-117.078718,46.780982,2002_219,SB,,100,0,1,,,,,,,44.89,1.569,0.1478,,,,547.7362205,523.1299213,,
2002,220,-117.0783,46.780987,2002_220,WB,,100,0,1,,,,,,,45.47,1.981,0.1722,44.2,0.3554,0.1314,327.7559055,309.5472441,437.007874,404.1148082
2002,221,-117.077882,46.780924,2002_221,SC,,100,0,1,,,,,,,61.856,3.482,,,,,261.3188976,254.9212598,615.1574803,356.6130321
2002,222,-117.077464,46.781088,2002_222,SC,,100,0,1,,,,,,,62.824,3.2492,,,,,221.9488189,215.5511811,,
2002,223,-117.077046,46.780862,2002_223,SP,,100,0,1,,,,,,,44.41,3.681,0.2584,46.76,0.6489,0.1088,29.5,27,145.5,137.3258427
2002,224,-117.076628,46.780986,2002_224,SP,,100,0,1,,,,,,,44.07,3.294,0.2264,,,,20,19,,
2002,225,-117.086295,46.781365,2002_225,SW,,100,0,1,,,,,,,43.86,2.61,0.1945,45.53,0.7343,0.1348,339.0748031,318.8976378,649.6062992,609.834485
2002,226,-117.0858613,46.78132062,2002_226,SW,,100,0,1,,,,,,,43.15,2.434,0.2012,44.92,0.5035,0.1225,353.8385827,334.6456693,448.8188976,418.8976378
2002,227,-117.0854328,46.78122203,2002_227,SW,,100,0,1,,,,,,,43.18,2.503,0.1941,47.51,0.3309,0.08564,322.3425197,303.6417323,417.3228346,397.9124702
2002,228,-117.085041,46.781358,2002_228,SW,,100,0,1,,,,,,,43.33,2.638,0.2067,45.83,0.3209,0.06841,224.9015748,210.6299213,368.1102362,339.2388451
2002,229,-117.084623,46.781206,2002_229,SW,,100,0,1,,,,,,,43.03,2.432,0.1895,45.21,0.4402,0.1237,447.3425197,422.7362205,622.0472441,582.4624195
2002,230,-117.084205,46.781295,2002_230,SW,,100,0,1,,,,,,,43.18,2.379,0.1818,43.83,0.3155,0.09671,423.2283465,400.5905512,498.0314961,464.2666489
2002,231,-117.083787,46.781248,2002_231,SW,,100,0,1,,,,,,,45.38,2.41,0.1831,45.64,0.2977,0.06769,402.0669291,381.3976378,529.5275591,486.8237236
2002,232,-117.0832823,46.78127044,2002_232,WW,,100,0,1,,,,,,,47.02,2.028,0.1567,,,,581.6929134,552.6574803,,
2002,233,-117.082951,46.781232,2002_233,WW,,100,0,1,,,,,,,45.54,2.081,0.1555,,,,487.2047244,461.1220472,,
2002,234,-117.082533,46.781301,2002_234,WW,,100,0,1,,,,,,,45.75,2.109,0.1618,,,,478.8385827,457.6771654,,
2002,235,-117.082115,46.781338,2002_235,WW,,100,0,1,,,,,,,45.49,2.177,0.1641,,,,541.3385827,511.3188976,,
2002,236,-117.081697,46.78114,2002_236,WW,,100,0,1,,,,,,,45.67,2.005,0.1547,,,,586.6141732,556.5944882,,
2002,237,-117.0812437,46.78126348,2002_237,WW,,100,0,1,,,,,,,46.22,2.129,0.1589,,,,485.7283465,461.1220472,,
2002,238,-117.080861,46.781281,2002_238,WW,,100,0,1,,,,,,,45.48,2.03,0.1625,,,,726.8700787,689.9606299,,
2002,239,-117.080455,46.78115338,2002_239,WW,,100,0,1,,,,,,,45.59,1.894,0.151,,,,664.8622047,630.4133858,,
2002,240,-117.0801105,46.78144636,2002_240,WW,,100,0,1,,,,,,,46.23,2.22,0.1698,,,,425.6889764,402.0669291,,
2002,241,-117.079607,46.781371,2002_241,WC,,100,0,1,,,,,,,61.783,3.7621,,,,,123,118,289.5,283.7483444
2002,242,-117.079189,46.781335,2002_242,WP,,100,0,1,,,,,,,44.67,3.064,0.1806,47.14,0.4577,0.03992,349,334,370,349.1967871
2002,243,-117.078771,46.781256,2002_243,SB,,100,0,1,,,,,,,45.48,1.681,0.1545,40.98,0.3832,0.1419,499.507874,481.7913386,639.7637795,622.8163946
2002,244,-117.0783888,46.78129255,2002_244,SB,,100,0,1,,,,,,,46.44,1.76,0.1562,,,,564.9606299,534.4488189,,
2002,245,-117.077935,46.781273,2002_245,WB,,100,0,1,,,,,,,45.38,1.923,0.166,44.13,0.3554,0.1145,395.6692913,376.9685039,340.5511811,318.8138717
2002,246,-117.077517,46.78121,2002_246,SC,,100,0,1,,,,,,,62.887,3.1767,,,,,246.0629921,240.1574803,628.4448819,422.5750068
2002,247,-117.077099,46.781374,2002_247,SC,,100,0,1,,,,,,,61.658,3.6836,,,,,227.8543307,220.9645669,,
2002,248,-117.0766989,46.78116437,2002_248,SP,,100,0,1,,,,,,,42.78,3.189,0.2437,,,,16,14,,
2002,249,-117.085864,46.781526,2002_249,SW,,100,0,1,,,,,,,43.54,2.339,0.1879,43.4,0.8018,0.1683,286.4173228,273.6220472,450.7874016,411.5884971
2002,250,-117.085446,46.781644,2002_250,SW,,100,0,1,,,,,,,43.64,2.644,0.2011,45.2,0.4709,0.09166,431.5944882,408.9566929,415.3543307,387.664042
2002,251,-117.085028,46.781492,2002_251,SW,,100,0,1,,,,,,,43.73,3.187,0.2338,46.16,0.4356,0.09259,185.5314961,177.6574803,,
2002,252,-117.0845785,46.78155584,2002_252,SW,,100,10.5,1,,,,,,,44.11,2.837,0.2133,45.35,0.3578,0.0785,404.0354331,383.8582677,76.77165354,72.50656168
2002,253,-117.084192,46.781534,2002_253,SW,,100,0,1,,,,,,,43.27,2.604,0.2095,44.89,0.3079,0.09186,388.2874016,368.1102362,498.0314961,490.5981902
2002,254,-117.083774,46.781597,2002_254,SW,,100,0,1,,,,,,,43.65,2.455,0.1804,44.03,0.4056,0.09543,596.4566929,565.9448819,718.503937,673.1928779
2002,255,-117.083356,46.781518,2002_255,SW,,100,0,1,,,,,,,43.75,2.522,0.1967,43.72,0.426,0.107,450.7874016,428.1496063,553.1496063,520.4378629
2002,256,-117.082938,46.781587,2002_256,WW,,100,0,1,,,,,,,45.25,2.13,0.1599,,,,553.1496063,524.6062992,,
2002,257,-117.08252,46.781624,2002_257,WW,,100,0,1,,,,,,,45.85,2.062,0.1536,,,,559.0551181,538.3858268,,
2002,258,-117.082102,46.781426,2002_258,WW,,100,0,1,,,,,,,45.48,2.213,0.1677,,,,557.0866142,537.8937008,,
2002,259,-117.081684,46.781565,2002_259,WW,,100,0,1,,,,,,,45.82,2.103,0.1624,,,,574.8031496,545.7677165,,
2002,260,-117.081266,46.781567,2002_260,WW,,100,0,1,,,,,,,45.85,2.153,0.1631,43.61,0.4489,0.08431,585.6299213,556.5944882,761.8110236,724.3449077
2002,261,-117.080848,46.781423,2002_261,WW,,100,0,1,,,,,,,46.33,2.081,0.1543,,,,582.6771654,557.5787402,,
2002,262,-117.08043,46.781686,2002_262,WW,,100,0,1,,,,,,,46.01,2.055,0.1564,,,,500.984252,475.3937008,,
2002,263,-117.080012,46.781657,2002_263,WW,,100,0,1,,,,,,,45.02,1.926,0.15,,,,523.6220472,499.015748,,
2002,264,-117.079594,46.781621,2002_264,WC,,100,0,1,,,,,,,61.159,3.4208,,,,,20.5,19.5,,
2002,265,-117.0791581,46.78153382,2002_265,WP,,100,0,1,,,,,,,44.64,3.029,0.1893,,,,343,329.5,,
2002,266,-117.078758,46.781554,2002_266,WP,,100,0,1,,,,,,,44.62,3.219,0.1762,46.48,0.3897,0.03485,332,317,364,341.5616438
2002,267,-117.07834,46.781559,2002_267,SB,,100,0,1,,,,,,,45.92,1.929,0.1689,46.35,0.3599,0.1013,526.0826772,500.984252,610.2362205,596.5742155
2002,268,-117.077922,46.781496,2002_268,WB,,100,0,1,,,,,,,46.2,1.992,0.1768,,,,356.7913386,335.1377953,,
2002,269,-117.077504,46.78166,2002_269,WB,,100,0,1,,,,,,,44.35,1.829,0.1672,,,,130.4133858,119.0944882,,
2002,270,-117.077086,46.781434,2002_270,SC,,100,0,1,,,,,,,61.259,3.2369,,,,,234.2519685,228.8385827,,
2002,271,-117.076668,46.781558,2002_271,SP,,100,0,1,,,,,,,43.95,3.356,0.2354,,,,49,45.5,,
2002,272,-117.08559,46.781812,2002_272,SW,,100,0,1,,,,,,,43.31,2.177,0.1769,43.54,0.6288,0.1523,293.7992126,279.5275591,655.511811,591.8698876
2002,273,-117.085172,46.78193,2002_273,SW,,100,0,1,,,,,,,43.09,2.562,0.2078,45.78,0.3259,0.1012,288.3858268,273.6220472,513.7795276,483.3960221
2002,274,-117.084754,46.781778,2002_274,SW,,100,0,1,,,,,,,43.85,2.741,0.1988,46.63,0.6543,0.09697,504.9212598,482.7755906,631.8897638,590.3180688
2002,275,-117.084357,46.78187778,2002_275,SW,,100,0,1,,,,,,,43.61,2.382,0.1851,46.84,0.5176,0.08479,508.3661417,484.7440945,655.511811,608.206835
2002,276,-117.083918,46.78182,2002_276,SW,,100,0,1,,,,,,,43.2,2.392,0.1903,47.52,0.4705,0.1166,428.6417323,409.4487697,622.0472441,587.0023289
2002,277,-117.0835,46.781883,2002_277,SW,,100,0,1,,,,,,,43.31,2.622,0.1967,41.38,0.3733,0.1539,271.6535433,258.8582677,379.9212598,351.2479572
2002,278,-117.083082,46.781804,2002_278,SW,,100,0,1,,,,,,,43.04,2.35,0.1932,41.52,0.4455,0.1588,458.6614173,434.5472933,572.8346457,537.4744824
2002,279,-117.0826501,46.78185937,2002_279,WW,,100,0,1,,,,,,,45.66,2.162,0.1705,,,,652.0669291,619.5866142,,
2002,280,-117.082246,46.78191,2002_280,WW,,100,0,1,,,,,,,46.02,2.03,0.1605,,,,647.6377953,613.1889764,,
2002,281,-117.0818123,46.78170481,2002_281,WW,,100,0,1,,,,,,,45.42,2.08,0.1689,,,,535.9251969,508.3661417,,
2002,282,-117.08141,46.781851,2002_282,WW,,100,0,1,,,,,,,46.23,2.013,0.1538,,,,500.984252,473.4251969,,
2002,283,-117.080992,46.781853,2002_283,WW,,100,0,1,,,,,,,46.43,2.057,0.1568,47.09,0.3868,0.06408,610.7283465,581.2007874,751.9685039,732.0047383
2002,284,-117.080574,46.781709,2002_284,WW,,100,0,1,,,,,,,46.02,2.133,0.1634,,,,513.7795276,487.6968504,,
2002,285,-117.080156,46.781972,2002_285,WW,,100,0,1,,,,,,,45.27,2.016,0.1579,,,,557.0866142,527.5590551,,
2002,286,-117.079738,46.781943,2002_286,WW,,100,0,1,,,,,,,45.28,2.041,0.1617,,,,647.6377953,613.6811024,,
2002,287,-117.07932,46.781907,2002_287,WC,,100,0,1,,,,,,,62.479,,,,,,,,,
2002,288,-117.0788662,46.78180208,2002_288,WC,sample should have been WP but is WC due to driving (pt is on the line),100,0,1,,,,,,,,3.2718,,,,,76.5,73.5,,
2002,289,-117.078484,46.78184,2002_289,WP,,100,0,1,,,,,,,44.22,2.864,0.2372,,,,268,255.5,,
2002,290,-117.078066,46.781845,2002_290,SB,,100,0,1,,,,,,,45.06,1.581,0.1447,,,,511.3188976,489.1732283,,
2002,291,-117.077648,46.781782,2002_291,WB,,100,0,1,,,,,,,44.9,1.601,0.1524,,,,321.3582677,312.5,,
2002,292,-117.07723,46.781946,2002_292,WB,,100,0,0,,,,,,,,,,,,,,,,
2002,293,-117.076812,46.78172,2002_293,SC,,100,0,1,,,,,,,60.477,3.9272,,,,,242.6181102,235.2362205,,
2002,297,-117.085536,46.782098,2002_297,SW,,100,0,1,,,,,,,43.04,2.616,0.2068,42.06,0.5559,0.2067,414.3700787,391.2401575,505.9055118,472.9116741
2002,298,-117.085118,46.782216,2002_298,SW,,100,0,1,,,,,,,42.84,2.145,0.1831,46.29,0.3995,0.09485,514.2716535,490.1574803,679.1338583,638.8462565
2002,299,-117.0847,46.782064,2002_299,SW,,100,0,1,,,,,,,43.24,2.281,0.1855,46.3,0.5405,0.1099,385.3346457,365.1574803,624.015748,590.823421
2002,300,-117.084282,46.782153,2002_300,SW,,100,0,1,,,,,,,42.96,2.45,0.1858,44.22,0.455,0.1277,491.1417323,462.5984252,600.3937008,558.5057682
2002,301,-117.083864,46.782106,2002_301,SW,,100,0,1,,,,,,,43.59,2.369,0.2014,46.86,0.3332,0.07384,444.8818898,421.7519685,588.5826772,562.1295231
2002,302,-117.0834303,46.78215462,2002_302,SW,,100,0,1,,,,,,,43.94,2.594,0.1974,45.48,0.3925,0.09997,477.8543307,454.2322835,692.9133858,653.1560604
2002,303,-117.0830123,46.78207922,2002_303,SW,,100,0,1,,,,,,,43.78,2.394,0.1844,46.69,0.3335,0.07801,446.3582677,419.7834646,531.496063,492.1259843
2002,304,-117.08261,46.782159,2002_304,SW,,100,0,1,,,,,,,43.69,2.317,0.1735,41.92,0.3385,0.1382,450.2952756,424.7047244,417.3228346,391.772457
2002,305,-117.082192,46.782196,2002_305,WW,,100,0,1,,,,,,,45.76,1.982,0.1552,,,,546.7519685,525.5905512,,
2002,306,-117.081774,46.781998,2002_306,WW,,100,0,1,,,,,,,45.5,2.061,0.1611,,,,578.7401575,557.5787402,,
2002,307,-117.081356,46.782137,2002_307,WW,,100,0,1,,,,,,,45.15,2.018,0.1571,,,,539.8622047,510.3346457,,
2002,308,-117.080938,46.782139,2002_308,WW,,100,0,1,,,,,,,45.88,2.231,0.1711,46.19,0.3715,0.09283,486.2204724,462.1062992,507.8740157,483.0996735
2002,309,-117.080499,46.78197702,2002_309,WW,,100,0,1,,,,,,,45.41,2.025,0.1549,,,,541.3385827,519.6850394,,
2002,310,-117.080102,46.782258,2002_310,WW,,100,0,1,,,,,,,45.44,2.135,0.165,,,,586.6141732,564.4685039,,
2002,311,-117.079684,46.782229,2002_311,WW,,100,0,1,,,,,,,45.59,2.077,0.1646,,,,783.4645669,740.1574803,,
2002,312,-117.0793018,46.78221346,2002_312,WW,,100,0,1,,,,,,,46.38,2.173,0.1687,,,,613.6811024,580.7086614,,
2002,313,-117.078848,46.782114,2002_313,WC,,100,0,1,,,,,,,61.232,3.9583,,,,,42.5,41,,
2002,314,-117.07843,46.782126,2002_314,WP,,100,0,1,,,,,,,44.42,2.522,0.2228,,,,184.5,175,,
2002,315,-117.0780418,46.78214737,2002_315,WP,,100,0,0,,,,,,,,,,,,,,,,
2002,316,-117.077594,46.782068,2002_316,SB,,100,0,0,,,,,,,,,,,,,,,,
2002,323,-117.0851352,46.78249247,2002_323,SW,,100,0,1,,,,,,,44.26,2.789,0.207,45.99,0.6647,0.1489,324.8031496,305.1181102,326.7716535,285.9251969
2002,324,-117.084751,46.78235,2002_324,SW,,100,0,1,,,,,,,43.7,2.412,0.1865,46.11,0.4175,0.1252,421.2598425,398.1299213,431.1023622,407.152231
2002,325,-117.084333,46.782439,2002_325,SW,,100,0,1,,,,,,,43.92,2.641,0.193,45.43,0.385,0.09805,429.1338583,404.0354331,586.6141732,538.3993097
2002,326,-117.083915,46.782392,2002_326,SW,,100,0,1,,,,,,,43.56,2.71,0.1902,45.49,0.4481,0.1049,539.3700787,509.8425197,649.6062992,589.8723866
2002,327,-117.083497,46.782455,2002_327,SW,,100,0,1,,,,,,,43.71,2.422,0.1923,46.16,0.4257,0.1263,418.7992126,391.2401575,625.984252,584.6456693
2002,328,-117.083079,46.782376,2002_328,SW,,100,0,1,,,,,,,43.41,2.53,0.1874,45.91,0.4727,0.1131,508.8582677,481.2992126,527.5590551,476.089879
2002,329,-117.0826453,46.78243781,2002_329,SW,,100,0,1,,,,,,,43.28,2.134,0.1636,47.95,0.229,0.05736,501.9685039,472.4409449,633.8582677,583.8168255
2002,330,-117.082243,46.782482,2002_330,SW,,100,0,1,,,,,,,43.18,2.136,0.168,47.05,0.3385,0.08406,459.6456693,435.0393701,647.6377953,605.4005478
2002,331,-117.081825,46.782284,2002_331,WW,,100,0,1,,,,,,,46.91,2.116,0.1622,,,,530.511811,505.9055118,,
2002,332,-117.081407,46.782423,2002_332,WW,,100,0,1,,,,,,,45.47,2.053,0.1673,,,,576.2795276,553.1496063,,
2002,333,-117.080989,46.782425,2002_333,WW,,100,0,1,,,,,,,45.67,1.997,0.1529,,,,529.0354331,501.476378,,
2002,334,-117.080571,46.782281,2002_334,WW,,100,0,1,,,,,,,45.59,2.034,0.158,43.7,0.3303,0.07872,606.7913386,573.3267717,875.984252,784.7358924
2002,335,-117.080153,46.782544,2002_335,WW,,100,0,1,,,,,,,45.21,2.203,0.1705,45.07,0.3514,0.07938,472.9330709,447.8346457,631.8897638,494.7031703
2002,336,-117.079735,46.782515,2002_336,WW,,100,0,1,,,,,,,45.6,2.18,0.1734,,,,563.976378,542.8149606,,
2002,337,-117.079317,46.782479,2002_337,WW,,100,0,1,,,,,,,46.09,2.086,0.164,,,,532.480315,517.2244094,,
2002,338,-117.0788911,46.78239455,2002_338,WC,,100,0,1,,,,,,,,,,,,,,,,
2002,348,-117.084617,46.782636,2002_348,SW,,100,0,1,,,,,,,43.86,2.369,0.1733,44.05,0.9334,0.1248,367.1259843,344.980315,622.0472441,575.724577
2002,349,-117.084199,46.782725,2002_349,SW,,100,0,1,,,,,,,43.17,2.357,0.1766,44.12,0.7964,0.1378,458.6614173,437.5,726.3779528,664.5585525
2002,350,-117.083781,46.782678,2002_350,SW,,100,0,1,,,,,,,43.88,2.67,0.1877,45.84,0.6928,0.1268,491.1417323,469.980315,566.9291339,538.2238613
2002,351,-117.083363,46.782741,2002_351,SW,,100,0,1,,,,,,,43.34,2.346,0.1774,46.91,0.3569,0.09457,442.9133858,420.7677165,501.9685039,474.0813648
2002,352,-117.0829188,46.78264763,2002_352,SW,,100,0,1,,,,,,,43.56,2.598,0.1925,47.63,0.5629,0.1039,401.5748031,381.8897638,468.503937,430.3698956
2002,353,-117.082527,46.782731,2002_353,SW,,100,0,1,,,,,,,43.5,2.438,0.1852,46.68,0.3884,0.1172,491.6338583,467.519685,622.0472441,576.5315921
2002,354,-117.082109,46.782768,2002_354,SW,,100,0,1,,,,,,,43.66,2.434,0.1858,41.99,0.3697,0.1436,449.8031496,426.1811024,537.4015748,496.0629921
2002,355,-117.081691,46.78257,2002_355,WW,,100,0,1,,,,,,,45.21,2.063,0.1646,,,,562.5,531.003937,,
2002,356,-117.081273,46.782709,2002_356,WW,,100,0,1,,,,,,,45.95,2.219,0.166,,,,686.515748,663.3858268,,
2002,357,-117.080855,46.782711,2002_357,WW,,100,0,1,,,,,,,45.59,2.255,0.1704,,,,659.9409449,622.5393701,,
2002,358,-117.0804141,46.78255608,2002_358,WW,,100,0,1,,,,,,,45.82,2.284,0.1744,,,,633.3661417,596.9488189,,
2002,359,-117.080019,46.78283,2002_359,WW,,100,0,1,,,,,,,45.91,1.977,0.1481,,,,340.5511811,321.3582677,,
2002,360,-117.079601,46.782801,2002_360,WW,,100,0,1,,,,,,,,,,,,,,,,
2002,371,-117.0842298,46.78296597,2002_371,SW,,100,0,1,,,,,,,43.45,2.614,0.1986,46.32,0.6764,0.1386,433.5629921,407.480315,614.1732283,570.303712
2002,372,-117.083798,46.782964,2002_372,SW,,100,0,1,,,,,,,43.96,2.337,0.1717,42.54,0.3523,0.1124,547.7362205,519.6850394,696.8503937,650.0033084
2002,373,-117.08338,46.783027,2002_373,SW,,100,0,1,,,,,,,43.77,2.482,0.1838,47.46,0.453,0.1034,519.1929134,491.1417323,570.8661417,526.9533616
2002,374,-117.082962,46.782948,2002_374,SW,,100,0,1,,,,,,,43.83,2.51,0.1972,46.26,0.3324,0.1122,521.1614173,495.5708661,757.8740157,707.3490814
2002,375,-117.0825283,46.78300622,2002_375,SW,,100,0,1,,,,,,,43.67,2.561,0.1937,46.34,0.5096,0.1101,463.0905512,438.976378,610.2362205,563.8891658
2002,376,-117.082126,46.783054,2002_376,SW,,100,0,1,,,,,,,43.77,2.566,0.1897,46.05,0.4857,0.1158,467.0275591,441.9291339,629.9212598,577.4278215
2002,377,-117.0816503,46.78282132,2002_377,WW,,100,0,1,,,,,,,48.17,2.343,0.1731,,,,595.9645669,561.515748,,
2002,378,-117.08129,46.782995,2002_378,WW,,100,0,1,,,,,,,46.5,2.222,0.1601,,,,546.2598425,514.7637795,,
2002,379,-117.080872,46.782997,2002_379,WW,,100,0,1,,,,,,,47.62,2.288,0.1703,,,,436.023622,409.4488189,,
2002,380,-117.080454,46.782853,2002_380,WW,,100,0,1,,,,,,,46.73,2.294,0.1656,,,,557.5787402,521.1614173,,
2002,381,-117.080036,46.783116,2002_381,WW,,100,0,1,,,,,,,,,,,,,,,,
2002,394,-117.0839099,46.78312585,2002_394,SW,,100,0,1,,,,,,,44.55,3.31,0.2324,40.76,0.5318,0.2626,332.1850394,317.9133858,574.8031496,544.5503523
2002,395,-117.083498,46.783313,2002_395,SW,,100,0,1,,,,,,,43.56,2.459,0.1966,42.46,0.4002,0.2015,471.4566929,447.3425197,679.1338583,635.5996366
2002,396,-117.08308,46.783234,2002_396,SW,,100,0,1,,,,,,,43.77,2.873,0.2032,42.98,0.4763,0.16,438.976378,416.3385827,673.2283465,638.9963966
2002,397,-117.082662,46.783303,2002_397,SW,,100,0,1,,,,,,,43.74,2.661,0.199,41.81,0.3475,0.1335,404.0354331,385.8267717,592.519685,559.6019248
2002,398,-117.0822755,46.78335797,2002_398,SW,,100,0,1,,,,,,,43.48,2.419,0.1867,44.56,0.2812,0.1322,476.8700787,452.2637795,541.3385827,488.0921647
2002,399,-117.081826,46.783142,2002_399,SW,,100,0,1,,,,,,,43.31,2.169,0.1804,40.78,0.3244,0.1972,436.023622,413.8779528,549.2125984,519.5254309
2002,400,-117.081408,46.783281,2002_400,SW,,100,0,1,,,,,,,43.01,2.069,0.1803,43.75,0.3423,0.1242,453.7401575,433.0708661,505.9055118,474.2864173
2002,401,-117.08099,46.783283,2002_401,WW,,100,0,1,,,,,,,45.29,1.756,0.1335,,,,325.2952756,306.5944882,,
2002,402,-117.080572,46.783139,2002_402,WW,,100,0,1,,,,,,,46.61,2.179,0.1623,,,,493.1102362,468.503937,,
2002,419,-117.0832106,46.7834571,2002_419,SW,,100,0,1,,,,,,,43.62,2.694,0.2235,45.04,0.5805,0.1698,478.3464567,451.2795276,618.1102362,569.1510096
2002,420,-117.0827709,46.78351532,2002_420,SW,,100,0,1,,,,,,,43.88,3.216,0.241,43.36,0.8359,0.1851,323.8188976,303.6417323,637.7952756,597.9330709
2002,421,-117.0823668,46.78355231,2002_421,SW,,100,0,1,,,,,,,43.55,2.71,0.2207,42.12,0.5427,0.2062,404.0354331,383.8582677,505.9055118,430.3972265
2002,422,-117.081933,46.783428,2002_422,SW,,100,0,1,,,,,,,42.87,2.021,0.1793,40.68,0.2114,0.1603,521.6535433,498.523622,809.0551181,747.3475244
2002,423,-117.0814836,46.78355263,2002_423,SW,,100,0,0,,,,,,,,,,,,,,,,
2002,424,-117.081097,46.783569,2002_424,SW,,100,0,0,,,,,,,,,,,,,,,,
2002,425,-117.080679,46.783425,2002_425,WW,,100,0,0,,,,,,,,,,,,,,,,
2003,1,-117.087514,46.778729,2003_1,WW,,100,0,1,,,,,,,44.8,2.074,0.1801,,,,414.8622047,395.6692913,,
2003,2,-117.0870646,46.77869163,2003_2,WW,,100,0,1,,,,,,,44.27,1.767,0.1612,,,,384.3503937,371.0629921,,
2003,3,-117.086678,46.778791,2003_3,WW,,100,0,1,,,,,,,44.27,1.874,0.16,,,,525.5905512,502.4606299,,
2003,4,-117.08626,46.778761,2003_4,WW,,100,0,1,,,,,,,44.51,1.745,0.1524,,,,598.4251969,566.9291339,,
2003,5,-117.085842,46.778666,2003_5,,,100,0,0,,,,,,,,,,,,,,,,
2003,6,-117.0854188,46.77877321,2003_6,SP,Reseeded with spring pea (cruisers),100,0,1,,,,,,,45.61,3.524,0.2336,,,,86,81.5,,
2003,7,-117.085006,46.778632,2003_7,SC,"Due to poor winter canola stand, spring canola (hyola 357) was overseeded with a Valmar Unit",100,0,1,,,,,,,,,,,,,,,,
2003,8,-117.084588,46.778721,2003_8,SC,"Due to poor winter canola stand, spring canola (hyola 357) was overseeded with a Valmar Unit",100,0,1,,,,,,,60.845,3.7908,0.6107,,,,152.5590551,147.6377953,,
2003,9,-117.08417,46.778674,2003_9,WB,,100,0,1,,,,,,,,,,,,,,,,
2003,10,-117.083752,46.778737,2003_10,SB,,100,0,1,,,,,,,45.51,2.283,0.2528,,,,193.8976378,183.0708661,,
2003,11,-117.083334,46.778658,2003_11,SP,,100,0,1,,,,,,,,,,,,,,,,
2003,12,-117.0829398,46.77873108,2003_12,SP,,100,0,1,,,,,,,44.14,3.552,0.3156,,,,68,64.5,,
2003,13,-117.082498,46.778764,2003_13,SW,,100,0,1,,,,,,,45.5,2.445,0.2152,47.37,0.3093,0.05882,300.6889764,290.8464567,402.9035433,399.1025665
2003,14,-117.0816322,46.77868863,2003_14,SW,,100,0,1,,,,,,,45.54,3.45,0.2429,45.84,1.032,0.1838,196.3582677,189.9606299,546.1122047,529.56335
2003,15,-117.081244,46.778707,2003_15,SW,,100,0,1,,,,,,,45.94,3.124,0.2209,46.8,0.6141,0.1229,368.6023622,353.8385827,619.9311024,613.1186727
2003,16,-117.080408,46.778826,2003_16,SW,,100,0,1,,,,,,,45.21,2.6,0.2018,46.52,0.2757,0.08452,293.3070866,282.480315,377.3129921,368.3825071
2003,17,-117.07999,46.778797,2003_17,SW,,100,0,1,,,,,,,45.4,2.417,0.2154,,,,613.6811024,590.5511811,790.2066929,760.007711
2003,18,-117.0888801,46.77895174,2003_18,WW,,100,0,1,,,,,,,45.06,2.561,0.1932,,,,337.5984252,321.8503937,,
2003,19,-117.0884663,46.77882662,2003_19,WW,,100,0,1,,,,,,,45.14,2.373,0.1949,,,,422.7362205,403.0511811,,
2003,20,-117.088064,46.778867,2003_20,WW,,100,0,1,,,,,,,44.69,2.075,0.1757,,,,527.5590551,507.8740157,,
2003,21,-117.087646,46.778842,2003_21,WW,,100,0,1,,,,,,,44.5,2.086,0.1794,,,,551.1811024,530.019685,,
2003,22,-117.087228,46.779015,2003_22,WW,,100,0,1,,,,,,,44.51,2.043,0.1732,,,,571.8503937,552.1653543,,
2003,23,-117.086831,46.77900278,2003_23,WW,,100,0,1,,,,,,,44.59,1.985,0.1696,,,,507.8740157,496.5551181,,
2003,24,-117.086392,46.779077,2003_24,WW,,100,0,1,,,,,,,44.32,2.074,0.1723,,,,641.2401575,617.1259843,,
2003,25,-117.085974,46.779047,2003_25,WW,,100,0,1,,,,,,,45.02,1.656,0.1513,,,,544.7834646,518.7007874,,
2003,26,-117.085556,46.778952,2003_26,SC,,100,0,1,,,,,,,60.276,4.274,0.7009,,,,242.6181102,235.7283465,,
2003,27,-117.085117,46.77906282,2003_27,SP,Reseeded with spring pea (cruisers),100,0,1,,,,,,,45.34,3.651,0.2668,,,,88.5,84,,
2003,28,-117.08472,46.778918,2003_28,SC,"Due to poor winter canola stand, spring canola (hyola 357) was overseeded with a Valmar Unit",100,0,1,,,,,,,61.501,3.4559,0.5661,,,,139.2716535,134.8425197,,
2003,29,-117.084302,46.779007,2003_29,SC,"Due to poor winter canola stand, spring canola (hyola 357) was overseeded with a Valmar Unit",100,0,1,,,,,,,59.787,4.1076,0.6407,,,,183.5629921,177.6574803,,
2003,30,-117.083884,46.77896,2003_30,WB,,100,0,1,,,,,,,42.97,1.253,0.1443,,,,432.5787402,408.4645669,,
2003,31,-117.083466,46.779023,2003_31,SB,,100,0,1,,,,,,,45.65,2.148,0.2485,,,,214.0748031,201.7716535,,
2003,32,-117.083048,46.778944,2003_32,SP,,100,0,1,,,,,,,44.57,3.271,0.2783,47.14,0.4432,0.07275,88.5,83.5,214.5,209.2682927
2003,33,-117.08263,46.779013,2003_33,SP,,100,0,1,,,,,,,45.01,3.485,0.2363,,,,43.5,41,,
2003,34,-117.082212,46.77905,2003_34,SW,,100,0,1,,,,,,,46.01,2.417,0.2169,46.52,0.2954,0.08531,268.2086614,259.8425197,426.0334646,411.0322862
2003,35,-117.081794,46.778852,2003_35,SW,,100,0,1,,,,,,,45.48,3.112,0.2518,46.74,0.7249,0.09964,311.023622,299.7047244,712.9429134,697.0997375
2003,36,-117.0814058,46.77900737,2003_36,SW,,100,0,1,,,,,,,45.23,2.353,0.1793,46.13,0.315,0.07696,483.7598425,468.011811,587.4507874,567.3096175
2003,37,-117.080958,46.778993,2003_37,SW,,100,0,0,,,,,,,,,,,,,,,,
2003,38,-117.08054,46.778849,2003_38,SW,,100,0,1,,,,,,,45.03,2.777,0.2058,47.54,0.4457,0.1049,353.8385827,340.0590551,584.0059055,575.4175834
2003,39,-117.080122,46.779112,2003_39,SW,,100,0,0,,,,,,,,,,,,,,,,
2003,40,-117.079704,46.779083,2003_40,SW,,100,0,0,,,,,,,,,,,,,,,,
2003,41,-117.079286,46.779047,2003_41,SW,,100,0,1,,,,,,,45.79,3.166,0.2602,46.89,0.7018,0.09199,258.8582677,249.015748,583.0216535,555.0366142
2003,42,-117.0887062,46.77911338,2003_42,WW,,100,0,1,,,,,,,44.34,2.166,0.1795,,,,464.0748031,441.4370079,,
2003,43,-117.088318,46.779153,2003_43,WW,,100,0,1,,,,,,,44.57,2.099,0.1766,,,,535.9251969,521.6535433,,
2003,44,-117.0879,46.779128,2003_44,WW,,100,0,1,,,,,,,45.19,2.389,0.2009,,,,365.1574803,351.8700787,,
2003,45,-117.0874635,46.77928833,2003_45,WW,,100,0,1,,,,,,,45.2,2.236,0.191,,,,379.4291339,365.1574803,,
2003,46,-117.087064,46.779278,2003_46,WW,,100,0,1,,,,,,,45.05,1.974,0.1695,,,,492.6181102,476.3779528,,
2003,47,-117.086646,46.779363,2003_47,WW,,100,0,1,,,,,,,44.65,2.076,0.1787,,,,475.3937008,458.6614173,,
2003,48,-117.086228,46.779333,2003_48,WW,,100,0,1,,,,,,,43.4,1.959,0.1468,,,,583.6614173,558.0708661,,
2003,49,-117.08581,46.779238,2003_49,WW,,100,0,1,,,,,,,44.76,2.249,0.1843,,,,472.4409449,452.2637795,,
2003,50,-117.0853355,46.77932123,2003_50,SC,,100,0,1,,,,,,,60.275,4.0367,0.6331,,,,245.0787402,236.7125984,,
2003,51,-117.0849635,46.77919681,2003_51,SP,Reseeded with spring pea (cruisers),100,0,1,,,,,,,45.1,3.703,0.2715,,,,33.5,32,,
2003,52,-117.084556,46.779293,2003_52,SP,Reseeded with spring pea (cruisers),100,0,1,,,,,,,44.91,3.265,0.2087,,,,136.5,129.5,,
2003,53,-117.084138,46.779246,2003_53,SC,"Due to poor winter canola stand, spring canola (hyola 357) was overseeded with a Valmar Unit",100,0,1,,,,,,,61.173,3.9482,0.5954,,,,181.1023622,175.6889764,,
2003,54,-117.08372,46.779309,2003_54,WB,,100,0,1,,,,,,,43.1,1.409,0.1537,,,,568.8976378,537.4015748,,
2003,55,-117.083302,46.77923,2003_55,SB,,100,0,1,,,,,,,45.73,2.145,0.2509,,,,302.1653543,285.9251969,,
2003,56,-117.0829019,46.77931128,2003_56,SB,,100,0,1,,,,,,,44.93,1.938,0.2262,,,,369.5866142,350.3937008,,
2003,57,-117.082466,46.779336,2003_57,SP,,100,0,1,,,,,,,45.09,3.476,0.2395,,,,79,74.5,,
2003,58,-117.082048,46.779138,2003_58,SW,,100,0,1,,,,,,,45.51,2.56,0.2141,46.67,0.4278,0.1021,370.0787402,358.2677165,511.1712598,492.7506739
2003,59,-117.0816002,46.77925244,2003_59,SW,,100,0,1,,,,,,,45.02,2.794,0.2005,46.74,0.4763,0.08188,307.0866142,295.2755906,405.3641732,390.3506853
2003,60,-117.081212,46.779279,2003_60,SW,,100,0,1,,,,,,,44.85,2.956,0.2055,46.25,0.5958,0.09242,306.5944882,293.7992126,545.6200787,519.6381702
2003,61,-117.080794,46.779135,2003_61,SW,,100,0,0,,,,,,,,,,,,,,,,
2003,62,-117.0803999,46.77941847,2003_62,SW,,100,0,1,,,,,,,45.74,2.804,0.2079,46.96,0.5703,0.1019,254.4291339,242.1259843,423.0807087,410.9926884
2003,63,-117.079958,46.779369,2003_63,SW,,100,0,1,,,,,,,45.2,2.691,0.2371,47.75,0.4859,0.09376,373.0314961,358.2677165,598.769685,582.7312113
2003,64,-117.07954,46.779333,2003_64,SW,,100,0,1,,,,,,,45.91,2.631,0.2401,46.12,0.425,0.09589,316.9291339,301.1811024,452.1161417,439.4695364
2003,65,-117.079122,46.779254,2003_65,SW,,100,0,1,,,,,,,45.56,2.171,0.2126,46.49,0.2786,0.07698,370.5708661,355.8070866,437.8444882,426.1686352
2003,66,-117.0787339,46.77928646,2003_66,SW,,100,0,1,,,,,,,45.52,2.682,0.2534,46.18,0.4415,0.08014,306.5944882,294.7834646,455.0688976,445.5219977
2003,67,-117.078286,46.779271,2003_67,SW,,100,0,1,,,,,,,45.48,2.762,0.2524,45.29,0.6231,0.08829,191.9291339,184.0551181,361.0728346,346.8573687
2003,68,-117.088231,46.779439,2003_68,WW,,100,0,1,,,,,,,44.62,2.137,0.1808,,,,439.9606299,423.7204724,,
2003,69,-117.087813,46.779414,2003_69,WW,,100,0,1,,,,,,,44.74,2.312,0.1916,,,,493.1102362,475.3937008,,
2003,70,-117.087395,46.779587,2003_70,WW,,100,0,1,,,,,,,44.58,2.397,0.1924,,,,375.492126,360.7283465,,
2003,71,-117.086977,46.779564,2003_71,WW,,100,0,1,,,,,,,44.8,2.119,0.1787,,,,502.9527559,482.7755906,,
2003,72,-117.086559,46.779649,2003_72,WW,,100,0,1,,,,,,,44.45,2.06,0.1729,,,,630.4133858,605.8070866,,
2003,73,-117.0861725,46.77963697,2003_73,WW,,100,0,1,,,,,,,44.87,2.212,0.1633,,,,496.5551181,478.3464567,,
2003,74,-117.0856916,46.77950963,2003_74,WW,,100,0,1,,,,,,,44.83,1.822,0.1658,,,,616.1417323,591.0433071,,
2003,75,-117.085305,46.779642,2003_75,WW,,100,0,1,,,,,,,44.44,2.042,0.1703,,,,501.476378,482.7755906,,
2003,76,-117.084887,46.77949,2003_76,SC,,100,0,1,,,,,,,61.267,3.5719,0.5458,,,,211.6141732,205.7086614,,
2003,77,-117.084469,46.779579,2003_77,SP,Reseeded with spring pea (cruisers),100,0,1,,,,,,,44.84,3.177,0.1935,,,,133.5,127,,
2003,78,-117.084051,46.779532,2003_78,SC,"Due to poor winter canola stand, spring canola (hyola 357) was overseeded with a Valmar Unit",100,0,1,,,,,,,59.827,3.8614,0.6117,,,,200.2952756,193.4055118,,
2003,79,-117.083633,46.779595,2003_79,SC,"Due to poor winter canola stand, spring canola (hyola 357) was overseeded with a Valmar Unit",100,0,1,,,,,,,59.533,4.0038,0.6304,,,,179.6259843,174.7047244,,
2003,80,-117.083215,46.779516,2003_80,WB,,100,0,1,,,,,,,43.78,1.381,0.1508,,,,599.9015748,558.0708661,,
2003,81,-117.082797,46.779585,2003_81,SB,,100,0,1,,,,,,,44.71,1.821,0.2129,,,,356.7913386,337.5984252,,
2003,82,-117.082379,46.779622,2003_82,SP,,100,0,1,,,,,,,45.42,3.16,0.2103,,,,180.5,170,,
2003,83,-117.081961,46.779424,2003_83,SW,,100,0,1,,,,,,,45.38,2.67,0.2005,46.15,0.438,0.1047,244.0944882,236.2204724,305.4625984,291.8864829
2003,84,-117.081543,46.779563,2003_84,SW,,100,0,1,,,,,,,45.2,2.421,0.1882,44.43,0.4131,0.09204,276.0826772,264.7637795,391.5846457,382.2612017
2003,85,-117.081125,46.779565,2003_85,SW,,100,0,1,,,,,,,45.58,2.906,0.2097,46.72,0.4391,0.1012,323.8188976,310.5314961,490.9940945,470.0114409
2003,86,-117.080707,46.779421,2003_86,SW,,100,0,1,,,,,,,45.11,2.577,0.2001,50.25,0.6792,0.1171,312.992126,304.1338583,544.1437008,531.0318044
2003,87,-117.080289,46.779684,2003_87,SW,,100,0,1,,,,,,,45.18,2.648,0.1947,43.1,0.4164,0.07887,318.8976378,309.5472441,461.9586614,451.7683968
2003,88,-117.079871,46.779655,2003_88,SW,,100,0,1,,,,,,,45.45,2.766,0.2384,48.5,0.4464,0.1137,264.7637795,255.4133858,436.8602362,423.5209924
2003,89,-117.079447,46.77960671,2003_89,SW,,100,0,1,,,,,,,45.94,2.791,0.2519,47.6,0.5139,0.1152,269.6850394,257.8740157,492.4704724,464.7256571
2003,90,-117.079035,46.77954,2003_90,SW,,100,0,1,,,,,,,45.64,2.555,0.2392,42.14,0.4939,0.108,341.5354331,327.7559055,574.1633858,559.2500511
2003,91,-117.078617,46.779552,2003_91,SW,,100,0,1,,,,,,,45.37,2.583,0.2396,54.57,0.4635,0.1004,271.1614173,259.8425197,484.5964567,478.6504879
2003,92,-117.078199,46.779557,2003_92,SW,,100,0,1,,,,,,,45.68,2.449,0.2401,46.83,0.5574,0.09353,419.7834646,406.496063,533.3169291,516.5195455
2003,93,-117.077781,46.779494,2003_93,SW,,100,0,1,,,,,,,46.06,3.106,0.2643,46.56,0.4319,0.1017,230.3149606,220.9645669,339.4192913,326.6910679
2003,94,-117.077363,46.779658,2003_94,SW,,100,0,1,,,,,,,45.49,2.571,0.24,40.66,0.6165,0.09606,214.5669291,206.2007874,395.0295276,388.099185
2003,95,-117.088073,46.77971682,2003_95,WW,,100,0,1,,,,,,,44.59,2.372,0.1921,,,,375.984252,357.7755906,,
2003,96,-117.087663,46.7797,2003_96,WW,,100,0,1,,,,,,,44.56,1.849,0.1601,,,,452.2637795,439.4685039,,
2003,97,-117.087245,46.779873,2003_97,WW,,100,0,1,,,,,,,44.87,2.276,0.1893,,,,431.1023622,414.3700787,,
2003,98,-117.086827,46.77985,2003_98,WW,,100,0,1,,,,,,,44.58,1.963,0.1686,,,,543.3070866,521.6535433,,
2003,99,-117.086409,46.779935,2003_99,WW,,100,0,1,,,,,,,44.36,2.229,0.1743,,,,581.6929134,556.1023622,,
2003,100,-117.085991,46.779905,2003_100,WW,,100,0,1,,,,,,,44.78,2.165,0.185,,,,634.3503937,608.2677165,,
2003,101,-117.085573,46.77981,2003_101,WW,,100,0,1,,,,,,,45,1.99,0.175,,,,571.3582677,552.1653543,,
2003,102,-117.085155,46.779928,2003_102,WW,,100,0,1,,,,,,,44.71,1.868,0.1593,,,,514.7637795,494.0944882,,
2003,103,-117.084737,46.779776,2003_103,SC,,100,0,1,,,,,,,60.131,3.631,0.5515,,,,173.2283465,168.3070866,,
2003,104,-117.0843452,46.77988297,2003_104,SC,,100,0,1,,,,,,,58.174,4.361,0.6813,,,,171.2598425,166.3385827,,
2003,105,-117.083901,46.779818,2003_105,SP,Reseeded with spring pea (cruisers),100,0,1,,,,,,,44.78,3.412,0.2366,,,,80,75.5,,
2003,106,-117.083483,46.779881,2003_106,SC,"Due to poor winter canola stand, spring canola (hyola 357) was overseeded with a Valmar Unit",100,0,1,,,,,,,59.024,4.0616,0.607,,,,201.2795276,194.3897638,,
2003,107,-117.083065,46.779802,2003_107,WB,,100,0,1,,,,,,,43.6,1.265,0.1568,,,,270.1771654,256.8897638,,
2003,108,-117.082647,46.779871,2003_108,SB,,100,0,1,,,,,,,44.35,2.161,0.2377,,,,246.0629921,232.7755906,,
2003,109,-117.0821935,46.77987977,2003_109,SP,,100,0,1,,,,,,,44.85,3.123,0.1855,,,,187.5,178,,
2003,110,-117.0817533,46.77967045,2003_110,SW,,100,0,1,,,,,,,45.17,2.58,0.1963,52.35,0.4774,0.1017,287.4015748,280.511811,411.269685,396.9646525
2003,111,-117.081393,46.779849,2003_111,SW,,100,0,1,,,,,,,45.32,2.613,0.1978,46.84,0.4989,0.09688,270.1771654,258.8582677,387.6476378,382.0295561
2003,112,-117.080975,46.779851,2003_112,SW,,100,0,1,,,,,,,44.68,2.37,0.1769,42.38,0.2819,0.08632,297.2440945,288.3858268,433.9074803,420.5564809
2003,113,-117.0805391,46.77969063,2003_113,SW,,100,0,1,,,,,,,44.88,2.669,0.1986,45.91,0.4256,0.09375,303.1496063,291.8307087,474.261811,466.0376178
2003,114,-117.080139,46.77997,2003_114,SW,,100,0,1,,,,,,,44.63,2.374,0.1843,46.17,0.3472,0.08526,233.7598425,220.9645669,403.3956693,398.5354805
2003,115,-117.0797031,46.77992463,2003_115,SW,,100,0,1,,,,,,,46.12,2.893,0.247,45.04,0.4962,0.103,237.6968504,229.3307087,492.9625984,482.4740325
2003,116,-117.079303,46.779905,2003_116,SW,,100,0,1,,,,,,,45.87,2.599,0.2445,47.15,0.4723,0.1011,273.1299213,260.8267717,459.0059055,450.2906035
2003,117,-117.078885,46.779826,2003_117,SW,,100,0,1,,,,,,,46.18,2.989,0.2569,45.38,0.7821,0.1248,303.1496063,292.3228346,712.4507874,687.8835189
2003,118,-117.078467,46.779838,2003_118,SW,,100,0,1,,,,,,,45.37,2.387,0.2271,46.74,0.3597,0.07014,279.0354331,270.1771654,430.9547244,415.9214201
2003,119,-117.0780192,46.77982663,2003_119,SW,,100,0,1,,,,,,,45.33,2.525,0.2352,45.96,0.331,0.07384,365.6496063,352.8543307,518.0610236,500.9350394
2003,120,-117.077631,46.77978,2003_120,SW,,100,0,1,,,,,,,45.61,2.676,0.2434,46.76,0.5405,0.08404,231.2992126,222.4409449,421.6043307,408.4291954
2003,121,-117.077213,46.779944,2003_121,SW,,100,0,1,,,,,,,45.81,2.749,0.2618,46.5,0.4128,0.1118,200.7874016,191.4370079,287.746063,277.0888014
2003,122,-117.087699,46.779986,2003_122,WW,,100,0,1,,,,,,,44.81,2.272,0.1903,,,,546.2598425,525.0984252,,
2003,123,-117.087281,46.780159,2003_123,WW,,100,0,1,,,,,,,44.62,2.135,0.1831,,,,625,599.9015748,,
2003,124,-117.086863,46.780136,2003_124,WW,,100,0,1,,,,,,,44.76,2.354,0.1933,,,,397.1456693,381.3976378,,
2003,125,-117.086445,46.780221,2003_125,WW,,100,0,1,,,,,,,44.9,1.988,0.1716,,,,555.6102362,530.511811,,
2003,126,-117.0860113,46.78018382,2003_126,WW,,100,0,1,,,,,,,44.87,2.066,0.1767,,,,434.0551181,415.8464567,,
2003,127,-117.0855933,46.78008882,2003_127,WW,,100,0,1,,,,,,,44.419,2.3122,,,,,531.003937,511.3188976,,
2003,128,-117.085191,46.780214,2003_128,WW,,100,0,1,,,,,,,45.13,2.057,0.1786,,,,476.3779528,457.1850394,,
2003,129,-117.084773,46.780062,2003_129,WW,,100,0,1,,,,,,,45.03,1.775,0.1568,,,,573.3267717,549.7047244,,
2003,130,-117.084355,46.780151,2003_130,SC,,100,0,1,,,,,,,60.185,3.6064,0.5484,,,,127.4606299,124.015748,,
2003,131,-117.083937,46.780104,2003_131,SP,Reseeded with spring pea (cruisers),100,0,1,,,,,,,45.05,3.212,0.2306,,,,82,77,,
2003,132,-117.083519,46.780167,2003_132,SP,Reseeded with spring pea (cruisers),100,0,1,,,,,,,44.93,3.317,0.217,,,,105.5,100,,
2003,133,-117.083101,46.780088,2003_133,SC,"Due to poor winter canola stand, spring canola (hyola 357) was overseeded with a Valmar Unit",100,0,1,,,,,,,60.083,3.8742,0.6414,,,,181.1023622,175.1968504,,
2003,134,-117.082683,46.780157,2003_134,WB,,100,0,1,,,,,,,43.53,1.3,0.1477,,,,404.5275591,382.3818898,,
2003,135,-117.082265,46.780194,2003_135,SB,,100,0,1,,,,,,,44.79,1.954,0.2177,,,,326.2795276,308.5629921,,
2003,136,-117.081847,46.779996,2003_136,SP,,100,0,1,,,,,,,44.99,3.319,0.215,,,,122.5,116,,
2003,137,-117.0814529,46.78014727,2003_137,SP,,100,0,1,,,,,,,44.91,3.393,0.2303,,,,97.5,93,,
2003,138,-117.081011,46.780137,2003_138,SW,,100,0,1,,,,,,,44.64,2.33,0.18,45.72,0.2121,0.06654,367.6181102,352.3622047,449.6555118,433.500224
2003,139,-117.080593,46.779993,2003_139,SW,,100,0,1,,,,,,,45.51,2.941,0.2065,45.83,0.5028,0.08937,224.4094488,215.5511811,421.6043307,412.5049567
2003,140,-117.080175,46.780256,2003_140,SW,,100,0,1,,,,,,,45.38,2.778,0.2017,46.53,0.6314,0.08616,230.3149606,220.9645669,322.6870079,310.7356372
2003,141,-117.079757,46.780227,2003_141,SW,,100,0,1,,,,,,,45.98,2.457,0.2303,47.19,0.3825,0.0704,300.6889764,288.8779528,457.5295276,438.854853
2003,142,-117.079339,46.780191,2003_142,SW,,100,0,1,,,,,,,46.04,2.61,0.2438,47.24,0.4849,0.1088,273.6220472,262.3031496,432.9232283,417.9948412
2003,143,-117.0789031,46.78010382,2003_143,SW,,100,0,1,,,,,,,45.62,2.905,0.266,47.04,0.5765,0.1028,259.8425197,249.507874,487.5492126,470.8523218
2003,144,-117.078503,46.780124,2003_144,SW,,100,0,1,,,,,,,45.57,2.813,0.2622,47.2,0.5614,0.1081,261.3188976,250.492126,458.0216535,442.6517994
2003,145,-117.078085,46.780129,2003_145,SW,,100,0,1,,,,,,,46.04,2.797,0.2611,47.33,0.6549,0.106,235.7283465,224.9015748,491.4862205,476.5926986
2003,146,-117.077667,46.780066,2003_146,SW,,100,0,1,,,,,,,46.22,2.997,0.2701,47.69,0.5532,0.1027,229.8228346,220.4724409,402.9035433,387.7567936
2003,147,-117.077249,46.78023,2003_147,SW,,100,0,1,,,,,,,45.6,2.667,0.2543,46.98,0.4969,0.1245,167.3228346,158.9566929,195.7185039,191.219228
2003,148,-117.076831,46.780004,2003_148,SW,,100,0,1,,,,,,,45.75,2.359,0.2255,47.19,0.2906,0.072,339.0748031,327.7559055,358.1200787,350.7361596
2003,149,-117.087103,46.780422,2003_149,WW,,100,0,1,,,,,,,44.71,2.178,0.1859,,,,477.8543307,459.1535433,,
2003,150,-117.086685,46.780507,2003_150,WW,,100,0,1,,,,,,,44.75,2.164,0.1841,,,,552.6574803,522.1456693,,
2003,151,-117.0862251,46.78045544,2003_151,WW,,100,0,1,,,,,,,45.1,1.885,0.1617,,,,641.7322835,609.2519685,,
2003,152,-117.0858333,46.78037122,2003_152,WW,,100,0,1,,,,,,,43.54,2.207,0.1643,,,,563.484252,539.8622047,,
2003,153,-117.085431,46.7805,2003_153,WW,,100,0,1,,,,,,,42.83,2.176,0.1715,,,,627.4606299,599.4094488,,
2003,154,-117.085013,46.780348,2003_154,WW,,100,0,1,,,,,,,43.36,1.975,0.1579,,,,502.9527559,479.8228346,,
2003,155,-117.084595,46.780437,2003_155,WW,,100,0,1,,,,,,,43.06,2.018,0.158,,,,423.7204724,398.1299213,,
2003,156,-117.084177,46.78039,2003_156,SC,,100,0,1,,,,,,,60.612,3.4621,0.519,,,,238.1889764,229.8228346,,
2003,157,-117.083759,46.780453,2003_157,SC,,100,0,1,,,,,,,60.083,3.5545,0.2686,47.68,0.2592,0.2147,102.8543307,99.40944882,347.4409449,337.2220936
2003,158,-117.083341,46.780374,2003_158,SP,Reseeded with spring pea (cruisers),100,0,1,,,,,,,45.23,3.256,0.2275,47.79,0.3926,0.1042,85.5,81,136,133.7704918
2003,159,-117.082923,46.780443,2003_159,SC,"Due to poor winter canola stand, spring canola (hyola 357) was overseeded with a Valmar Unit",100,0,1,,,,,,,60.312,3.4943,0.595,48.84,0.2996,0.2877,128.4448819,124.507874,412.8937008,401.7844532
2003,160,-117.082505,46.78048,2003_160,WB,,100,0,1,,,,,,,43.81,1.32,0.1556,,,,462.1062992,430.6102362,,
2003,161,-117.082087,46.780282,2003_161,SB,,100,0,1,,,,,,,44.79,1.721,0.207,,,,446.3582677,423.2283465,,
2003,162,-117.0816451,46.78040873,2003_162,SP,,100,0,1,,,,,,,45.31,2.83,0.1868,47.79,0.3418,0.06558,140.5,133,223,218.5986842
2003,163,-117.081251,46.780423,2003_163,SP,,100,0,1,,,,,,,45.02,3.067,0.2088,,,,88.5,84,,
2003,164,-117.080833,46.780279,2003_164,SW,,100,0,1,,,,,,,44.91,2.374,0.1812,47.41,0.3181,0.09089,271.1614173,259.8425197,335.4822835,324.8657555
2003,165,-117.080415,46.780542,2003_165,SW,,100,0,1,,,,,,,44.63,2.579,0.1921,47.47,0.3723,0.09895,304.6259843,291.8307087,340.4035433,335.5751243
2003,166,-117.079997,46.780513,2003_166,SW,,100,0,1,,,,,,,45.26,2.317,0.2136,48.44,0.3216,0.06902,312.992126,299.2125984,352.2145669,340.6030977
2003,167,-117.079579,46.780477,2003_167,SW,,100,0,1,,,,,,,45.25,2.453,0.2383,47.37,0.3914,0.08346,295.2755906,283.4645669,461.9586614,448.8843597
2003,168,-117.079161,46.780398,2003_168,SW,,100,0,1,,,,,,,45.43,2.444,0.232,48.36,0.3505,0.08279,236.2204724,226.8700787,309.3996063,298.3496204
2003,169,-117.078743,46.78041,2003_169,SW,,100,0,1,,,,,,,45.44,2.469,0.2379,47.82,0.3682,0.1206,272.6377953,260.8267717,350.246063,345.8679872
2003,170,-117.078325,46.780415,2003_170,SW,,100,0,1,,,,,,,45.51,2.795,0.2622,47.65,0.4412,0.1202,234.7440945,224.9015748,393.0610236,379.9589895
2003,171,-117.077907,46.780352,2003_171,SW,,100,0,1,,,,,,,45.9,2.656,0.25,47.96,0.3819,0.1028,222.4409449,214.0748031,330.0688976,321.4956795
2003,172,-117.077489,46.780516,2003_172,SW,,100,0,1,,,,,,,45.82,2.172,0.215,47.7,0.2783,0.07963,216.5354331,207.1850394,238.0413386,234.2326772
2003,173,-117.077071,46.78029,2003_173,SW,,100,0,1,,,,,,,45.54,2.53,0.2428,46.74,0.3268,0.09601,245.0787402,238.1889764,451.6240157,439.5807087
2003,174,-117.076653,46.780414,2003_174,SW,,100,0,1,,,,,,,45.62,2.42,0.2316,47.52,0.3126,0.09067,328.2480315,313.976378,455.0688976,438.3384235
2003,175,-117.086879,46.780708,2003_175,WW,,100,0,1,,,,,,,42.96,2.125,0.1683,,,,527.0669291,508.8582677,,
2003,176,-117.0864768,46.78080097,2003_176,WW,,100,0,1,,,,,,,42.93,1.789,0.1489,,,,654.0354331,624.507874,,
2003,177,-117.086043,46.780763,2003_177,WW,,100,0,1,,,,,,,43.59,1.895,0.1547,,,,532.9724409,506.3976378,,
2003,178,-117.085625,46.780668,2003_178,WW,,100,0,1,,,,,,,44.4,1.978,0.1648,,,,673.2283465,634.8425197,,
2003,179,-117.085207,46.780786,2003_179,WW,,100,0,1,,,,,,,44.26,2.268,0.1866,,,,501.9685039,477.8543307,,
2003,180,-117.084789,46.780634,2003_180,WW,,100,0,1,,,,,,,44.68,2.365,0.197,,,,370.0787402,354.8228346,,
2003,181,-117.084371,46.780723,2003_181,WW,,100,0,1,,,,,,,44.18,1.913,0.1598,,,,498.0314961,482.2834646,,
2003,182,-117.0839212,46.78065692,2003_182,SC,,100,0,1,,,,,,,58.364,4.5061,0.7298,,,,185.0393701,180.1181102,,
2003,183,-117.083535,46.780739,2003_183,SC,,100,0,1,,,,,,,59.075,3.9967,0.636,,,,174.2125984,169.7834646,,
2003,184,-117.083117,46.78066,2003_184,SP,Reseeded with spring pea (cruisers),100,0,1,,,,,,,45.02,3.082,0.2033,,,,150,141,,
2003,185,-117.082699,46.780729,2003_185,SC,"Due to poor winter canola stand, spring canola (hyola 357) was overseeded with a Valmar Unit",100,0,1,,,,,,,58.58,4.3008,0.6463,,,,210.6299213,204.7244094,,
2003,186,-117.082281,46.780766,2003_186,WB,,100,0,1,,,,,,,43.91,1.365,0.1522,46.24,0.2964,0.1212,537.4015748,507.8740157,429.6259843,402.1499039
2003,187,-117.081863,46.780568,2003_187,SB,,100,0,1,,,,,,,44.88,1.996,0.234,,,,143.7007874,135.8267717,,
2003,188,-117.081445,46.780707,2003_188,SB,,100,0,1,,,,,,,45.55,2.493,0.258,47.37,0.7613,0.1369,212.1062992,199.8031496,528.0511811,495.5557238
2003,189,-117.081027,46.780709,2003_189,SP,,100,0,1,,,,,,,45.11,3.282,0.2138,,,,97.5,93,,
2003,190,-117.080609,46.780565,2003_190,SW,,100,0,1,,,,,,,45,2.384,0.1777,47.75,0.3184,0.09717,358.2677165,342.519685,458.0216535,441.5657858
2003,191,-117.080191,46.780828,2003_191,SW,,100,0,1,,,,,,,45.38,2.569,0.194,47.85,0.3529,0.1063,330.7086614,317.4212598,381.742126,371.138178
2003,192,-117.079773,46.780799,2003_192,SW,,100,0,1,,,,,,,45.46,2.614,0.2408,47.64,0.4038,0.08131,353.3464567,339.5669291,565.3051181,547.7762772
2003,193,-117.079355,46.780763,2003_193,SW,,100,0,1,,,,,,,45.15,2.478,0.1862,47.9,0.6259,0.08978,259.8425197,240.6496063,426.0334646,406.7932436
2003,194,-117.0789131,46.78066353,2003_194,SW,,100,0,1,,,,,,,44.5,2.309,0.1688,46.97,0.3407,0.07441,231.2992126,221.4566929,283.8090551,272.8087041
2003,195,-117.078519,46.780696,2003_195,SW,,100,0,1,,,,,,,44.89,2.265,0.1727,47.43,0.241,0.06751,285.4330709,273.1299213,394.0452756,383.8103334
2003,196,-117.078101,46.780701,2003_196,SW,,100,0,1,,,,,,,44.95,2.249,0.1715,46.84,0.216,0.06853,324.3110236,310.0393701,420.1279528,409.7115572
2003,197,-117.077683,46.780638,2003_197,SW,,100,0,1,,,,,,,44.63,2.256,0.1726,46.26,0.2469,0.07758,290.3543307,278.0511811,323.1791339,309.0253032
2003,198,-117.077265,46.780802,2003_198,SW,,100,0,1,,,,,,,44.39,2.371,0.1826,46.95,0.3857,0.09091,287.4015748,276.0826772,358.6122047,349.1750414
2003,199,-117.076847,46.780576,2003_199,SW,,100,0,1,,,,,,,44.45,2.02,0.1583,47.13,0.2118,0.08855,332.6771654,319.8818898,,
2003,200,-117.0866262,46.7810531,2003_200,WW,,100,0,1,,,,,,,44.43,1.701,0.157,,,,254.4291339,244.5866142,,
2003,201,-117.086242,46.781049,2003_201,WW,,100,0,1,,,,,,,44.49,2.142,0.1831,,,,378.4448819,365.6496063,,
2003,202,-117.085824,46.780954,2003_202,WW,,100,0,1,,,,,,,44.7,2.017,0.1692,,,,562.992126,543.3070866,,
2003,203,-117.085406,46.781072,2003_203,WW,,100,0,1,,,,,,,44.28,2.207,0.1847,,,,489.6653543,472.4409449,,
2003,204,-117.084988,46.78092,2003_204,WW,,100,0,1,,,,,,,44.74,2.345,0.181,47.8,0.3635,0.08417,444.3897638,428.6417323,735.2362205,728.1666414
2003,205,-117.08457,46.781009,2003_205,WW,,100,0,1,,,,,,,44.54,1.919,0.1677,,,,566.9291339,536.9094488,,
2003,206,-117.084152,46.780962,2003_206,WW,,100,0,1,,,,,,,43.97,1.718,0.1517,,,,568.8976378,548.7204724,,
2003,207,-117.083755,46.78103938,2003_207,WW,,100,0,1,,,,,,,44.27,1.851,0.1575,,,,583.1692913,565.9448819,,
2003,208,-117.083316,46.780946,2003_208,SC,,100,0,1,,,,,,,59.408,4.1145,0.7138,,,,113.1889764,109.2519685,,
2003,209,-117.082898,46.781015,2003_209,SP,Reseeded with spring pea (cruisers),100,0,1,,,,,,,45.24,3.543,0.2495,,,,99.5,94.5,,
2003,210,-117.08248,46.781052,2003_210,SC,"Due to poor winter canola stand, spring canola (hyola 357) was overseeded with a Valmar Unit",100,0,1,,,,,,,57.422,3.6982,0.6445,,,,147.1456693,142.2244094,,
2003,211,-117.082062,46.780854,2003_211,WB,,100,0,1,,,,,,,43.32,1.529,0.1578,,,,634.3503937,607.7755906,,
2003,212,-117.081644,46.780993,2003_212,WB,,100,0,1,,,,,,,43.49,1.361,0.1537,,,,557.0866142,529.0354331,,
2003,213,-117.081226,46.780995,2003_213,SB,,100,0,1,,,,,,,44.66,1.657,0.177,,,,438.484252,416.3385827,,
2003,214,-117.080808,46.780851,2003_214,SP,,100,0,1,,,,,,,44.85,2.98,0.1955,,,,102,96,,
2003,215,-117.0804377,46.78111806,2003_215,SP,,100,0,1,,,,,,,45.45,3.267,0.2275,,,,107.5,102,,
2003,216,-117.079972,46.781085,2003_216,SW,,100,0,1,,,,,,,45.16,2.533,0.1859,47.6,0.3543,0.09184,342.0275591,324.3110236,460.4822835,447.3256468
2003,217,-117.079554,46.781049,2003_217,SW,,100,0,1,,,,,,,44.9,2.708,0.1963,48.15,0.453,0.08248,329.7244094,316.4370079,546.1122047,524.555144
2003,218,-117.079136,46.78097,2003_218,SW,,100,0,1,,,,,,,45.58,2.735,0.2022,47.07,0.5774,0.09493,268.2086614,256.8897638,529.3799213,516.3890029
2003,219,-117.078718,46.780982,2003_219,SW,,100,0,1,,,,,,,44.66,2.506,0.1837,47.41,0.415,0.07367,334.1535433,320.3740157,538.238189,528.3923684
2003,220,-117.0783,46.780987,2003_220,SW,,100,0,1,,,,,,,44.53,2.529,0.1851,48.22,0.374,0.07614,350.3937008,335.6299213,546.1122047,525.5816707
2003,221,-117.077882,46.780924,2003_221,SW,,100,0,1,,,,,,,44.59,2.436,0.1861,47.43,0.2944,0.09124,350.8858268,337.5984252,440.7972441,432.6343322
2003,222,-117.077464,46.781088,2003_222,SW,,100,0,1,,,,,,,44.53,2.549,0.1953,47.25,0.4959,0.1128,357.2834646,345.4724409,515.6003937,496.2169203
2003,223,-117.077046,46.780862,2003_223,SW,,100,0,1,,,,,,,45.85,2.086,0.261,46.61,0.3421,0.09166,210.6299213,202.2637795,290.6988189,273.0807087
2003,224,-117.076628,46.780986,2003_224,SW,,100,0,1,,,,,,,45.22,2.464,0.2886,46.85,0.4366,0.1046,283.9566929,271.6535433,451.6240157,443.0488762
2003,225,-117.086295,46.781365,2003_225,WW,,100,0,1,,,,,,,44.58,1.986,0.1763,,,,360.7283465,345.9645669,,
2003,226,-117.0858613,46.78132062,2003_226,WW,,100,0,1,,,,,,,44.54,1.864,0.1668,,,,552.1653543,529.0354331,,
2003,227,-117.0854328,46.78122203,2003_227,WW,,100,0,1,,,,,,,44.55,2.016,0.1707,,,,514.7637795,495.0787402,,
2003,228,-117.085041,46.781358,2003_228,WW,,100,0,1,,,,,,,45.05,2.146,0.1834,,,,435.5314961,420.7677165,,
2003,229,-117.084623,46.781206,2003_229,WW,,100,0,1,,,,,,,44.56,1.771,0.153,,,,537.4015748,518.2086614,,
2003,230,-117.084205,46.781295,2003_230,WW,,100,0,1,,,,,,,43.78,1.917,0.1642,,,,447.3425197,427.6574803,,
2003,231,-117.083787,46.781248,2003_231,WW,,100,0,1,,,,,,,44.36,1.74,0.1525,,,,413.3858268,394.1929134,,
2003,232,-117.0832823,46.78127044,2003_232,SC,,100,0,1,,,,,,,58.179,4.3987,0.6816,,,,193.8976378,186.515748,,
2003,233,-117.082951,46.781232,2003_233,SC,,100,0,1,,,,,,,61.279,3.4614,0.5056,,,,180.1181102,175.1968504,,
2003,234,-117.082533,46.781301,2003_234,SP,Reseeded with spring pea (cruisers),100,0,1,,,,,,,45.16,3.377,0.2193,45.41,0.4342,0.08911,140,133,214,208.8225806
2003,235,-117.082115,46.781338,2003_235,SC,"Due to poor winter canola stand, spring canola (hyola 357) was overseeded with a Valmar Unit",100,0,1,,,,,,,59.862,4.2721,0.7118,46.28,0.3574,0.4035,184.0551181,179.1338583,463.5826772,447.2209356
2003,236,-117.081697,46.78114,2003_236,WB,,100,0,1,,,,,,,43.77,1.376,0.1571,,,,549.7047244,525.0984252,,
2003,237,-117.0812437,46.78126348,2003_237,SB,,100,0,1,,,,,,,45.33,2.284,0.2473,,,,225.8858268,213.5826772,,
2003,238,-117.080861,46.781281,2003_238,SB,,100,0,1,,,,,,,44.99,2.12,0.2318,,,,465.5511811,441.4370079,,
2003,239,-117.080455,46.78115338,2003_239,SP,,100,0,1,,,,,,,45.14,3.363,0.2329,,,,120,113.5,,
2003,240,-117.0801105,46.78144636,2003_240,SP,,100,0,1,,,,,,,44.79,3.465,0.2507,,,,45.5,43.5,,
2003,241,-117.079607,46.781371,2003_241,SW,,100,0,1,,,,,,,45.59,2.664,0.1934,46.45,0.4047,0.09311,359.7440945,339.5669291,520.5216535,496.122201
2003,242,-117.079189,46.781335,2003_242,SW,,100,0,1,,,,,,,44.4,2.803,0.2028,45.94,0.5436,0.08035,372.5393701,354.3307087,615.9940945,601.3275684
2003,243,-117.078771,46.781256,2003_243,SW,,100,0,1,,,,,,,45.53,2.619,0.1904,47.49,0.4832,0.07261,312.5,297.2440945,555.9547244,533.2626948
2003,244,-117.0783888,46.78129255,2003_244,SW,,100,0,1,,,,,,,44.52,2.566,0.1975,46.94,0.6073,0.09759,304.1338583,290.3543307,511.1712598,507.6939043
2003,245,-117.077935,46.781273,2003_245,SW,,100,0,1,,,,,,,44.84,2.497,0.1822,46.71,0.4056,0.07532,345.4724409,327.2637795,549.0649606,526.9252445
2003,246,-117.077517,46.78121,2003_246,SW,,100,0,1,,,,,,,44.52,2.406,0.1822,46.58,0.4276,0.07565,375.984252,356.7913386,492.4704724,473.7096925
2003,247,-117.077099,46.781374,2003_247,SW,,100,0,1,,,,,,,44.75,2.453,0.1896,46.85,0.3066,0.08699,350.8858268,332.6771654,378.2972441,359.4998655
2003,248,-117.0766989,46.78116437,2003_248,SW,,100,0,1,,,,,,,44.73,2.024,0.256,47.14,0.2265,0.0581,450.2952756,429.6259843,552.0177165,537.4909345
2003,249,-117.085864,46.781526,2003_249,WW,,100,0,1,,,,,,,44.62,2.215,0.1859,,,,588.5826772,567.4212598,,
2003,250,-117.085446,46.781644,2003_250,WW,,100,0,1,,,,,,,45.12,2.268,0.1829,,,,539.3700787,517.7165354,,
2003,251,-117.085028,46.781492,2003_251,WW,,100,0,1,,,,,,,44.47,1.926,0.167,,,,397.1456693,381.8897638,,
2003,252,-117.0845785,46.78155584,2003_252,WW,,100,0,1,,,,,,,44.34,1.954,0.1655,,,,449.8031496,433.5629921,,
2003,253,-117.084192,46.781534,2003_253,WW,,100,0,1,,,,,,,44.29,2.064,0.1774,46.4,0.3458,0.06572,493.1102362,476.3779528,748.523622,748.523622
2003,254,-117.083774,46.781597,2003_254,WW,,100,0,1,,,,,,,44.21,2.085,0.1724,,,,554.6259843,529.0354331,,
2003,255,-117.083356,46.781518,2003_255,WW,,100,0,1,,,,,,,44.42,1.715,0.1525,,,,575.7874016,545.7677165,,
2003,256,-117.082938,46.781587,2003_256,SC,,100,0,1,,,,,,,58.816,4.6612,0.7,46.52,0.5888,0.1876,91.53543307,89.07480315,306.5944882,296.5091432
2003,257,-117.08252,46.781624,2003_257,SC,,100,0,1,,,,,,,61.181,3.6443,0.6108,,,,161.9094488,156.496063,,
2003,258,-117.082102,46.781426,2003_258,SC,"Due to poor winter canola stand, spring canola (hyola 357) was overseeded with a Valmar Unit",100,0,1,,,,,,,60.834,4.0224,0.638,,,,189.4685039,186.023622,,
2003,259,-117.081684,46.781565,2003_259,SC,"Due to poor winter canola stand, spring canola (hyola 357) was overseeded with a Valmar Unit",100,0,1,,,,,,,60.676,3.9677,0.6116,,,,144.1929134,140.2559055,,
2003,260,-117.081266,46.781567,2003_260,WB,,100,0,1,,,,,,,43.54,1.337,0.1554,45.7,0.3107,0.08529,555.6102362,525.5905512,462.1062992,436.6358733
2003,261,-117.080848,46.781423,2003_261,SB,,100,0,1,,,,,,,45.43,2.095,0.2286,45.24,0.5522,0.1006,324.8031496,307.0866142,536.9094488,510.2543698
2003,262,-117.08043,46.781686,2003_262,SB,,100,0,1,,,,,,,45.23,1.885,0.2168,,,,279.5275591,264.7637795,,
2003,263,-117.080012,46.781657,2003_263,SP,,100,0,1,,,,,,,44.82,3.06,0.212,46.65,0.464,0.5878,67.5,64,179.5,174.2205882
2003,264,-117.079594,46.781621,2003_264,SW,,100,0,1,,,,,,,44.78,2.025,0.2365,46.5,0.3073,0.07561,320.3740157,304.6259843,409.7933071,387.3388793
2003,265,-117.0791581,46.78153382,2003_265,SW,,100,0,1,,,,,,,44.84,2.626,0.2817,46.59,0.5704,0.09087,372.0472441,351.8700787,580.0688976,557.0198024
2003,266,-117.078758,46.781554,2003_266,SW,,100,0,1,,,,,,,44.86,2.657,0.2752,45.81,0.5018,0.0808,287.4015748,273.1299213,379.2814961,375.9250226
2003,267,-117.07834,46.781559,2003_267,SW,,100,0,1,,,,,,,44.89,2.653,0.2889,46.75,0.5371,0.09028,313.484252,298.2283465,512.6476378,502.3258733
2003,268,-117.077922,46.781496,2003_268,SW,,100,0,1,,,,,,,45.36,2.774,0.3096,46.19,0.4469,0.119,397.6377953,375.492126,429.9704724,415.8730799
2003,269,-117.077504,46.78166,2003_269,SW,,100,0,1,,,,,,,44.36,1.918,0.2425,46.23,0.2268,0.0809,514.7637795,489.1732283,673.5728346,653.8585078
2003,270,-117.077086,46.781434,2003_270,SW,,100,0,1,,,,,,,45.01,2.469,0.2939,46.7,0.2971,0.07808,421.7519685,401.0826772,490.9940945,472.6734193
2003,271,-117.076668,46.781558,2003_271,SW,,100,0,1,,,,,,,45.17,2.164,0.272,46.55,0.3641,0.08629,396.1614173,376.9685039,469.3405512,459.9537402
2003,272,-117.08559,46.781812,2003_272,WW,,100,0,1,,,,,,,44.42,1.824,0.1625,,,,531.988189,512.7952756,,
2003,273,-117.085172,46.78193,2003_273,WW,,100,0,1,,,,,,,44.86,2.614,0.208,,,,358.2677165,340.5511811,,
2003,274,-117.084754,46.781778,2003_274,WW,,100,0,1,,,,,,,44.52,2.342,0.1893,,,,611.2204724,583.1692913,,
2003,275,-117.084357,46.78187778,2003_275,WW,,100,0,1,,,,,,,44.52,2.07,0.1717,,,,704.2322835,668.3070866,,
2003,276,-117.083918,46.78182,2003_276,WW,,100,0,1,,,,,,,44.54,2.138,0.1784,,,,538.8779528,519.1929134,,
2003,277,-117.0835,46.781883,2003_277,WW,,100,0,1,,,,,,,44.37,1.879,0.1638,,,,482.2834646,454.7244094,,
2003,278,-117.083082,46.781804,2003_278,WW,,100,0,1,,,,,,,44.06,1.883,0.1658,,,,598.9173228,570.8661417,,
2003,279,-117.0826501,46.78185937,2003_279,SC,,100,0,1,,,,,,,61.654,3.4284,0.5222,,,,182.5787402,176.1811024,,
2003,280,-117.082246,46.78191,2003_280,SC,,100,0,1,,,,,,,61.267,3.4494,0.5861,,,,206.6929134,198.8188976,,
2003,281,-117.0818123,46.78170481,2003_281,SC,"Due to poor winter canola stand, spring canola (hyola 357) was overseeded with a Valmar Unit",100,0,1,,,,,,,60.72,3.5529,0.2646,,,,141.2401575,137.7952756,,
2003,282,-117.08141,46.781851,2003_282,SC,"Due to poor winter canola stand, spring canola (hyola 357) was overseeded with a Valmar Unit",100,0,1,,,,,,,60.841,3.6621,0.5806,,,,152.5590551,147.6377953,,
2003,283,-117.080992,46.781853,2003_283,WB,,100,0,1,,,,,,,44.56,1.322,0.1217,,,,379.9212598,359.2519685,334.6456693,312.546427
2003,284,-117.080574,46.781709,2003_284,SB,,100,0,1,,,,,,,44.5,1.734,0.1976,,,,259.8425197,245.5708661,,
2003,285,-117.080156,46.781972,2003_285,SB,,100,0,1,,,,,,,44.86,1.771,0.1977,,,,300.1968504,284.4488189,,
2003,286,-117.079738,46.781943,2003_286,SP,,100,0,1,,,,,,,44.87,3.121,0.2115,,,,99,93.5,,
2003,287,-117.07932,46.781907,2003_287,SW,,100,0,1,,,,,,,45.36,2.521,0.2834,46.91,0.3537,0.08218,341.0433071,324.3110236,464.4192913,450.0186932
2003,288,-117.0788662,46.78180208,2003_288,SW,,100,0,1,,,,,,,44.96,2.796,0.2961,46.42,0.5748,0.0871,385.3346457,365.6496063,606.1515748,579.0610016
2003,289,-117.078484,46.78184,2003_289,SW,,100,0,1,,,,,,,47.27,2.945,0.3068,46.41,0.4077,0.06136,460.1377953,437.992126,540.6988189,529.1945887
2003,290,-117.078066,46.781845,2003_290,SW,,100,0,1,,,,,,,44.89,2.485,0.2861,46.74,0.5213,0.09245,317.9133858,301.6732283,509.2027559,500.620687
2003,291,-117.077648,46.781782,2003_291,SW,,100,0,1,,,,,,,45.44,2.651,0.3013,46.56,0.4293,0.108,303.6417323,286.9094488,436.8602362,411.0255257
2003,292,-117.07723,46.781946,2003_292,SW,,100,0,1,,,,,,,45.29,2.808,0.3153,45.93,0.6424,0.1619,332.6771654,315.9448819,619.9311024,596.3146794
2003,293,-117.076812,46.78172,2003_293,SW,,100,0,1,,,,,,,45.02,2.47,0.2956,45.96,0.4135,0.1312,276.5748031,262.3031496,367.9625984,358.5877552
2003,297,-117.085536,46.782098,2003_297,WW,,100,0,1,,,,,,,44.44,2.242,0.193,,,,290.3543307,281.988189,,
2003,298,-117.085118,46.782216,2003_298,WW,,100,0,1,,,,,,,44.58,1.828,0.1664,,,,551.1811024,533.4645669,,
2003,299,-117.0847,46.782064,2003_299,WW,,100,0,1,,,,,,,44.63,2.009,0.1946,,,,529.0354331,509.8425197,,
2003,300,-117.084282,46.782153,2003_300,WW,,100,0,1,,,,,,,44.5,2.012,0.191,,,,592.0275591,572.8346457,,
2003,301,-117.083864,46.782106,2003_301,WW,,100,0,1,,,,,,,44.9,2.055,0.1851,,,,464.0748031,444.8818898,,
2003,302,-117.0834303,46.78215462,2003_302,WW,,100,0,1,,,,,,,44.97,2.102,0.2003,,,,623.0314961,593.503937,,
2003,303,-117.0830123,46.78207922,2003_303,WW,,100,0,1,,,,,,,45.47,1.925,0.1828,,,,607.2834646,583.1692913,,
2003,304,-117.08261,46.782159,2003_304,WW,,100,0,1,,,,,,,44.71,1.9,0.1832,,,,583.6614173,570.3740157,,
2003,305,-117.082192,46.782196,2003_305,SC,,100,0,1,,,,,,,60.835,3.5707,0.5756,,,,205.2165354,199.8031496,,
2003,306,-117.081774,46.781998,2003_306,SP,Reseeded with spring pea (cruisers),100,0,1,,,,,,,44.94,3.314,0.2186,,,,104,98.5,170,168.045977
2003,307,-117.081356,46.782137,2003_307,SC,"Due to poor winter canola stand, spring canola (hyola 357) was overseeded with a Valmar Unit",100,0,1,,,,,,,61.226,3.5658,0.5736,47.93,0.246,0.3094,159.9409449,156.003937,388.2874016,374.336956
2003,308,-117.080938,46.782139,2003_308,SC,"Due to poor winter canola stand, spring canola (hyola 357) was overseeded with a Valmar Unit",100,0,1,,,,,,,59.658,3.9681,0.5583,,,,180.1181102,173.7204724,,
2003,309,-117.080499,46.78197702,2003_309,SB,,100,0,1,,,,,,,44.87,2.036,0.2245,46.19,0.4838,0.0949,337.5984252,319.8818898,488.6811024,462.2659076
2003,310,-117.080102,46.782258,2003_310,SB,,100,0,1,,,,,,,45.28,1.882,0.1985,46.1,0.5632,0.1209,278.5433071,263.2874016,465.0590551,439.2224409
2003,311,-117.079684,46.782229,2003_311,SP,,100,0,1,,,,,,,44.97,3.235,0.2086,46.92,0.3418,0.05249,97,92,262.5,257.6834862
2003,312,-117.0793018,46.78221346,2003_312,SP,,100,0,1,,,,,,,44.85,3.32,0.2157,,,,117,111,,
2003,313,-117.078848,46.782114,2003_313,SW,,100,0,1,,,,,,,45.13,2.483,0.2805,46.14,0.3497,0.08466,426.6732283,405.511811,501.3287402,488.7955217
2003,314,-117.07843,46.782126,2003_314,SW,,100,0,1,,,,,,,44.74,2.28,0.2389,46.82,0.3588,0.08327,382.3818898,362.6968504,527.4114173,510.1757501
2003,315,-117.0780418,46.78214737,2003_315,SW,,100,0,1,,,,,,,45.08,2.759,0.3057,46.1,0.5183,0.1907,472.4409449,447.8346457,781.3484252,739.738154
2003,316,-117.077594,46.782068,2003_316,SW,,100,0,1,,,,,,,45.35,2.954,0.3285,46.03,0.5432,0.1607,349.4094488,331.2007874,720.3248031,702.6118982
2003,323,-117.0851352,46.78249247,2003_323,WW,,100,0,1,,,,,,,44.53,2.261,0.2223,,,,470.9645669,446.8503937,,
2003,324,-117.084751,46.78235,2003_324,WW,,100,0,1,,,,,,,45.18,2.353,0.2253,,,,480.3149606,453.2480315,,
2003,325,-117.084333,46.782439,2003_325,WW,,100,0,1,,,,,,,45.38,1.96,0.1944,,,,612.6968504,581.2007874,,
2003,326,-117.083915,46.782392,2003_326,WW,,100,0,1,,,,,,,44.98,2.123,0.2031,,,,646.1614173,615.1574803,,
2003,327,-117.083497,46.782455,2003_327,WW,,100,0,1,,,,,,,44.96,2.06,0.2071,47.44,0.2787,0.06505,580.7086614,551.1811024,842.519685,810.9251969
2003,328,-117.083079,46.782376,2003_328,WW,,100,0,1,,,,,,,44.51,1.823,0.1823,,,,510.8267717,484.7440945,,
2003,329,-117.0826453,46.78243781,2003_329,WW,,100,0,1,,,,,,,45.53,1.929,0.1909,,,,501.476378,484.7440945,,
2003,330,-117.082243,46.782482,2003_330,WW,,100,0,1,,,,,,,45,1.898,0.1841,,,,520.6692913,501.476378,,
2003,331,-117.081825,46.782284,2003_331,SC,,100,0,1,,,,,,,61.607,3.5053,0.5811,47.45,0.3166,0.347,172.2440945,167.3228346,412.4015748,399.0982982
2003,332,-117.081407,46.782423,2003_332,SP,Reseeded with spring pea (cruisers),100,0,1,,,,,,,45.48,3.262,0.2171,,,,50,47,,
2003,333,-117.080989,46.782425,2003_333,SC,"Due to poor winter canola stand, spring canola (hyola 357) was overseeded with a Valmar Unit",100,0,1,,,,,,,61.973,3.5048,0.5009,47.92,0.3242,0.3053,126.476378,122.5393701,341.0433071,328.863189
2003,334,-117.080571,46.782281,2003_334,WB,,100,0,1,,,,,,,44.38,1.453,0.1391,,,,577.2637795,537.4015748,,
2003,335,-117.080153,46.782544,2003_335,WB,,100,0,1,,,,,,,45.48,1.573,0.1529,,,,388.2874016,362.6968504,342.519685,321.4415506
2003,336,-117.079735,46.782515,2003_336,SB,,100,0,1,,,,,,,44.82,1.857,0.1971,46.97,0.4608,0.09598,365.6496063,345.9645669,513.7795276,484.4206974
2003,337,-117.079317,46.782479,2003_337,SP,,100,0,1,,,,,,,45.27,3.206,0.2325,,,,34.5,32.5,,
2003,338,-117.0788911,46.78239455,2003_338,SW,,100,0,1,,,,,,,44.99,2.431,0.2689,46.99,0.3816,0.07458,355.8070866,338.0905512,475.738189,470.9327527
2003,348,-117.084617,46.782636,2003_348,WW,,100,0,1,,,,,,,44.97,2.065,0.2028,,,,570.3740157,545.7677165,,
2003,349,-117.084199,46.782725,2003_349,WW,,100,0,1,,,,,,,44.63,1.53,0.1661,,,,451.2795276,432.0866142,,
2003,350,-117.083781,46.782678,2003_350,WW,,100,0,1,,,,,,,44.91,2.084,0.2072,,,,547.7362205,524.6062992,,
2003,351,-117.083363,46.782741,2003_351,WW,,100,0,1,,,,,,,45.32,2.057,0.1965,,,,544.7834646,522.1456693,,
2003,352,-117.0829188,46.78264763,2003_352,WW,,100,0,1,,,,,,,45.14,2.134,0.2061,,,,563.976378,541.3385827,,
2003,353,-117.082527,46.782731,2003_353,WW,,100,0,1,,,,,,,45.67,2.127,0.2114,,,,568.4055118,544.2913386,,
2003,354,-117.082109,46.782768,2003_354,WW,,100,0,1,,,,,,,44.93,2.058,0.1962,,,,631.8897638,604.3307087,,
2003,355,-117.081691,46.78257,2003_355,SC,,100,0,1,,,,,,,59.16,3.591,0.5403,,,,220.9645669,213.0905512,,
2003,356,-117.081273,46.782709,2003_356,SP,Reseeded with spring pea (cruisers),100,0,1,,,,,,,44.78,3.295,0.2258,46.95,0.3574,0.06243,60,56,156.5,154.2642857
2003,357,-117.080855,46.782711,2003_357,SP,Reseeded with spring pea (cruisers),100,0,1,,,,,,,44.64,3.31,0.2103,,,,113.5,106.5,,
2003,358,-117.0804141,46.78255608,2003_358,WB,,100,0,1,,,,,,,44.34,1.397,0.1295,,,,499.015748,471.9488189,,
2003,359,-117.080019,46.78283,2003_359,WB,,100,0,1,,,,,,,44.74,1.42,0.1435,,,,303.1496063,285.9251969,305.1181102,286.0482283
2003,360,-117.079601,46.782801,2003_360,SB,,100,0,1,,,,,,,45.31,2.146,0.2224,,,,274.1141732,258.3661417,,
2003,371,-117.0842298,46.78296597,2003_371,WW,,100,0,1,,,,,,,44.95,2.622,0.248,,,,454.2322835,434.5472441,,
2003,372,-117.083798,46.782964,2003_372,WW,,100,0,1,,,,,,,44.6,2.094,0.2066,,,,553.1496063,530.511811,,
2003,373,-117.08338,46.783027,2003_373,WW,,100,0,1,,,,,,,45.42,2.155,0.2077,,,,549.7047244,530.511811,,
2003,374,-117.082962,46.782948,2003_374,WW,,100,0,1,,,,,,,45.17,1.97,0.1978,46.7,0.2602,0.06602,547.7362205,518.2086614,700.7874016,700.7874016
2003,375,-117.0825283,46.78300622,2003_375,WW,,100,0,1,,,,,,,45.3,2.17,0.2065,,,,485.7283465,465.0590551,,
2003,376,-117.082126,46.783054,2003_376,WW,,100,0,1,,,,,,,45.12,2.084,0.2013,,,,577.2637795,558.0708661,,
2003,377,-117.0816503,46.78282132,2003_377,SC,,100,0,1,,,,,,,61.818,3.604,0.5437,46.53,0.2786,0.3731,228.8385827,221.9488189,515.7480315,496.4419555
2003,378,-117.08129,46.782995,2003_378,SC,,100,0,1,,,,,,,61.33,3.5541,0.5585,,,,215.0590551,208.6614173,,
2003,379,-117.080872,46.782997,2003_379,SP,Reseeded with spring pea (cruisers),100,0,1,,,,,,,45.29,3.365,0.2123,,,,85,80.5,,
2003,380,-117.080454,46.782853,2003_380,SC,"Due to poor winter canola stand, spring canola (hyola 357) was overseeded with a Valmar Unit",100,0,1,,,,,,,60.918,3.8887,0.6242,46.98,0.3571,0.08434,171.7519685,167.3228346,370.0787402,362.2047244
2003,381,-117.080036,46.783116,2003_381,SC,"Due to poor winter canola stand, spring canola (hyola 357) was overseeded with a Valmar Unit",100,0,1,,,,,,,59.117,4.0309,0.5723,,,,105.8070866,102.3622047,,
2003,394,-117.0839099,46.78312585,2003_394,WW,,100,0,1,,,,,,,44.89,1.809,0.1837,,,,525.5905512,510.3346457,,
2003,395,-117.083498,46.783313,2003_395,WW,,100,0,1,,,,,,,45.55,1.908,0.1927,,,,454.7244094,444.3897638,,
2003,396,-117.08308,46.783234,2003_396,WW,,100,0,1,,,,,,,45.75,2.081,0.2064,,,,442.4212598,423.7204724,,
2003,397,-117.082662,46.783303,2003_397,WW,,100,0,1,,,,,,,45.16,1.982,0.1974,,,,423.7204724,407.9724409,,
2003,398,-117.0822755,46.78335797,2003_398,WW,,100,0,1,,,,,,,45.6,2.043,0.2026,,,,504.9212598,486.2204724,,
2003,399,-117.081826,46.783142,2003_399,WW,,100,0,1,,,,,,,45.28,1.786,0.1752,,,,562.5,539.8622047,,
2003,400,-117.081408,46.783281,2003_400,WW,,100,0,1,,,,,,,44.48,2.36,0.2276,,,,436.023622,420.7677165,,
2003,401,-117.08099,46.783283,2003_401,SC,,100,0,1,,,,,,,60.638,3.3646,0.538,47.55,0.2723,0.2358,150.0984252,145.6692913,383.3661417,368.6212901
2003,402,-117.080572,46.783139,2003_402,SP,Reseeded with spring pea (cruisers),100,0,1,,,,,,,45.1,3.652,0.2455,47.6,0.3266,0.05872,33.5,31.5,126,123.2307692
2003,419,-117.0832106,46.7834571,2003_419,WW,,100,0,1,,,,,,,45.94,2.768,0.2502,,,,379.4291339,364.6653543,,
2003,420,-117.0827709,46.78351532,2003_420,WW,,100,0,1,,,,,,,45.28,2.336,0.2242,,,,423.7204724,409.9409449,,
2003,421,-117.0823668,46.78355231,2003_421,WW,,100,0,1,,,,,,,45.86,2.746,0.2501,,,,311.515748,297.7362205,,
2003,422,-117.081933,46.783428,2003_422,WW,,100,0,1,,,,,,,44.57,2.028,0.2082,,,,446.3582677,433.5629921,,
2003,423,-117.0814836,46.78355263,2003_423,WW,,100,0,0,,,,,,,,,,,,,,,,
2003,424,-117.081097,46.783569,2003_424,WW,,100,0,0,,,,,,,,,,,,,,,,
2003,425,-117.080679,46.783425,2003_425,SC,,100,0,1,,,,,,,60.148,3.7775,0.6979,,,,106.2992126,103.8385827,,
2004,1,-117.087514,46.778729,2004_1,SC,,100,0,1,,,,,,,61.292,3.792,0.5879,,,,302.5,290.5,,
2004,2,-117.0870646,46.77869163,2004_2,SP,,100,0,1,,,,,,,,,,,,,,,,
2004,3,-117.086678,46.778791,2004_3,SP,,100,0,1,,,,,,,44.9,4.091,0.2481,,,,194.5,180.5,,
2004,4,-117.08626,46.778761,2004_4,SB,,100,0,1,,,,,,,45.23,1.415,0.1389,,,,417.3228346,395.1771654,,
2004,5,-117.085842,46.778666,2004_5,SW,,100,0,1,,,,,,,45.56,2.919,0.2268,,,,547.7362205,511.8110236,1123.523622,1070.022497
2004,6,-117.0854188,46.77877321,2004_6,SW,,100,0,1,,,,,,,44.78,2.724,0.1985,,,,517.7165354,487.2047244,871.0629921,828.8296349
2004,7,-117.085006,46.778632,2004_7,SW,,100,0,1,,,,,,,44.45,2.808,0.1916,,,,483.2677165,452.7559055,896.6535433,835.8634726
2004,8,-117.084588,46.778721,2004_8,SW,,100,0,1,,,,,,,45.46,2.853,0.219,,,,522.1456693,486.7125984,896.1614173,851.6009049
2004,9,-117.08417,46.778674,2004_9,SW,,100,0,1,,,,,,,45.18,2.842,0.217,,,,585.1377953,544.7834646,1178.641732,1120.502454
2004,10,-117.083752,46.778737,2004_10,SW,,100,0,1,,,,,,,44.97,2.863,0.2007,,,,367.6181102,347.9330709,951.2795276,908.235205
2004,11,-117.083334,46.778658,2004_11,SW,,100,0,1,,,,,,,44.62,2.777,0.2028,,,,301.1811024,282.9724409,811.515748,764.089503
2004,12,-117.0829398,46.77873108,2004_12,SW,,100,0,1,,,,,,,45.47,2.858,0.2058,,,,405.511811,377.9527559,679.1338583,650.3221188
2004,13,-117.082498,46.778764,2004_13,WW,,100,0,1,,,,,,,44.66,1.865,0.168,,,,523.1299213,487.6968504,,
2004,14,-117.0816322,46.77868863,2004_14,WW,,100,0,1,,,,,,,45.37,2.404,0.2059,,,,473.4251969,442.9133858,,
2004,15,-117.081244,46.778707,2004_15,WW,,100,0,1,,,,,,,45.05,2.246,0.1971,,,,669.7834646,615.6496063,,
2004,16,-117.080408,46.778826,2004_16,WW,,100,0,1,,,,,,,45.21,1.803,0.1553,,,,649.6062992,606.2992126,,
2004,17,-117.07999,46.778797,2004_17,WW,,100,0,1,,,,,,,45.16,2.129,0.1725,,,,668.3070866,626.476378,,
2004,18,-117.0888801,46.77895174,2004_18,WB,,100,0,1,,,,,,,44.17,1.988,0.1634,,,,421.2598425,399.6062992,,
2004,19,-117.0884663,46.77882662,2004_19,WP,,100,0,1,,,,,,,45.45,2.503,0.2421,,,,73.5,68.5,,
2004,20,-117.088064,46.778867,2004_20,WP,,100,0,1,,,,,,,44.85,2.96,0.2065,,,,284.5,265.5,,
2004,21,-117.087646,46.778842,2004_21,SC,,100,0,1,,,,,,,61.434,3.6307,0.528,,,,222.5,213,,
2004,22,-117.087228,46.779015,2004_22,SC,,100,0,1,,,,,,,61.235,3.7845,0.5878,,,,249,238,,
2004,23,-117.086831,46.77900278,2004_23,SC,,100,0,1,,,,,,,61.481,3.3968,0.533,,,,258.5,248.5,520.5,456.6349693
2004,24,-117.086392,46.779077,2004_24,SP,,100,0,1,,,,,,,44.96,4.192,0.2516,,,,109,101,282,269.4666667
2004,25,-117.085974,46.779047,2004_25,SB,,100,0,1,,,,,,,44.52,1.317,0.1346,,,,490.6496063,460.6299213,,
2004,26,-117.085556,46.778952,2004_26,SW,,100,0,1,,,,,,,44.69,2.329,0.1721,,,,520.1771654,490.1574803,753.9370079,701.5802712
2004,27,-117.085117,46.77906282,2004_27,SW,,100,0,1,,,,,,,,,,,,,,,,
2004,28,-117.08472,46.778918,2004_28,SW,,100,0,1,,,,,,,44.92,2.708,0.1944,,,,507.8740157,478.3464567,862.6968504,822.9673902
2004,29,-117.084302,46.779007,2004_29,SW,,100,0,1,,,,,,,45.65,2.733,0.2209,,,,468.503937,439.4685039,894.1929134,849.7302823
2004,30,-117.083884,46.77896,2004_30,SW,,100,0,1,,,,,,,44.28,2.397,0.1808,,,,475.3937008,444.3897638,800.1968504,754.3522392
2004,31,-117.083466,46.779023,2004_31,SW,,100,0,1,,,,,,,45.57,2.473,0.2036,,,,478.3464567,447.3425197,766.2401575,729.7525309
2004,32,-117.083048,46.778944,2004_32,SW,,100,0,1,,,,,,,45.39,2.631,0.1937,,,,504.9212598,468.011811,749.015748,709.4202019
2004,33,-117.08263,46.779013,2004_33,SW,,100,0,1,,,,,,,44.65,2.862,0.2003,,,,297.2440945,276.0826772,452.7559055,428.5011249
2004,34,-117.082212,46.77905,2004_34,WW,,100,0,1,,,,,,,44.98,1.917,0.1733,,,,700.2952756,657.9724409,,
2004,35,-117.081794,46.778852,2004_35,WW,,100,0,1,,,,,,,45.06,2.012,0.1812,,,,542.3228346,506.8897638,,
2004,36,-117.0814058,46.77900737,2004_36,WW,,100,0,1,,,,,,,45.26,1.787,0.1682,,,,783.9566929,731.7913386,,
2004,37,-117.080958,46.778993,2004_37,WW,,100,0,1,,,,,,,44.79,1.628,0.1579,,,,389.2716535,362.6968504,,
2004,38,-117.08054,46.778849,2004_38,WW,,100,0,1,,,,,,,45.5,1.881,0.1585,,,,567.9133858,526.0826772,,
2004,39,-117.080122,46.779112,2004_39,WW,,100,0,1,,,,,,,45.49,1.702,0.1485,,,,498.0314961,463.0905512,,
2004,40,-117.079704,46.779083,2004_40,WW,,100,0,1,,,,,,,44.74,1.878,0.1603,,,,528.0511811,498.523622,,
2004,41,-117.079286,46.779047,2004_41,WW,,100,0,1,,,,,,,45.56,2.457,0.1914,,,,356.7913386,333.6614173,,
2004,42,-117.0887062,46.77911338,2004_42,WB,,100,0,1,,,,,,,45.25,1.671,0.1406,,,,413.3858268,390.7480315,,
2004,43,-117.088318,46.779153,2004_43,WB,,100,0,1,,,,,,,45.49,1.733,0.1558,,,,512.3031496,483.2677165,,
2004,44,-117.0879,46.779128,2004_44,WP,,100,0,1,,,,,,,45.06,2.695,0.2584,,,,136.5,130.5,,
2004,45,-117.0874635,46.77928833,2004_45,SC,,100,0,1,,,,,,,61.065,3.9181,0.4604,,,,206.5,197,,
2004,46,-117.087064,46.779278,2004_46,SC,,100,0,1,,,,,,,62.152,3.4408,0.4711,,,,242.5,232,,
2004,47,-117.086646,46.779363,2004_47,SC,,100,0,1,,,,,,,61.089,3.3387,0.5412,,,,328.5,313.5,,
2004,48,-117.086228,46.779333,2004_48,SP,,100,0,1,,,,,,,44.37,3.997,0.187,,,,224,208,,
2004,49,-117.08581,46.779238,2004_49,SB,,100,0,1,,,,,,,45.47,1.506,0.1422,,,,517.7165354,488.6811024,,
2004,50,-117.0853355,46.77932123,2004_50,SW,,100,0,1,,,,,,,43.81,2.265,0.1833,,,,490.1574803,459.6456693,804.1338583,770.0603897
2004,51,-117.0849635,46.77919681,2004_51,SW,,100,0,1,,,,,,,45.04,2.612,0.2113,,,,468.503937,434.0551181,810.5314961,776.7593504
2004,52,-117.084556,46.779293,2004_52,SW,,100,0,1,,,,,,,45.19,2.441,0.2005,,,,587.5984252,541.8307087,991.1417323,915.4820581
2004,53,-117.084138,46.779246,2004_53,SW,,100,0,1,,,,,,,44.6,2.586,0.1859,,,,595.9645669,557.5787402,1062.5,1012.204142
2004,54,-117.08372,46.779309,2004_54,SW,,100,0,1,,,,,,,45.46,2.172,0.1788,,,,624.015748,579.7244094,747.5393701,709.312925
2004,55,-117.083302,46.77923,2004_55,SW,,100,0,1,,,,,,,44.63,2.566,0.1863,,,,519.1929134,487.2047244,872.0472441,835.3294654
2004,56,-117.0829019,46.77931128,2004_56,SW,,100,0,1,,,,,,,44.58,2.522,0.1896,,,,595.9645669,552.6574803,866.1417323,827.3012959
2004,57,-117.082466,46.779336,2004_57,SW,,100,0,1,,,,,,,45.09,2.613,0.2064,,,,420.7677165,393.7007874,554.6259843,534.2993775
2004,58,-117.082048,46.779138,2004_58,WW,,100,0,1,,,,,,,45.59,2.219,0.1917,,,,601.3779528,565.4527559,,
2004,59,-117.0816002,46.77925244,2004_59,WW,,100,0,1,,,,,,,45.14,2.028,0.1785,,,,771.6535433,722.9330709,,
2004,60,-117.081212,46.779279,2004_60,WW,,100,0,1,,,,,,,44.98,1.856,0.1685,,,,743.1102362,689.9606299,,
2004,61,-117.080794,46.779135,2004_61,WW,,100,0,1,,,,,,,44.68,1.808,0.1557,,,,486.2204724,451.2795276,,
2004,62,-117.0803999,46.77941847,2004_62,WW,,100,0,1,,,,,,,45.41,1.994,0.1678,,,,766.7322835,723.9173228,,
2004,63,-117.079958,46.779369,2004_63,WW,,100,0,1,,,,,,,44.81,1.868,0.1579,,,,723.4251969,688.484252,,
2004,64,-117.07954,46.779333,2004_64,WW,,100,0,1,,,,,,,45.4,1.716,0.1433,,,,780.511811,730.8070866,,
2004,65,-117.079122,46.779254,2004_65,WW,,100,0,1,,,,,,,45.35,1.862,0.1585,,,,528.0511811,493.6023622,,
2004,66,-117.0787339,46.77928646,2004_66,WW,,100,0,1,,,,,,,45.31,2.08,0.1754,,,,549.2125984,512.3031496,,
2004,67,-117.078286,46.779271,2004_67,WW,,100,0,1,,,,,,,44.66,2.244,0.1796,,,,585.6299213,548.2283465,,
2004,68,-117.088231,46.779439,2004_68,WB,,100,0,1,,,,,,,44.93,1.67,0.1585,,,,456.6929134,437.007874,,
2004,69,-117.087813,46.779414,2004_69,WP,,100,0,1,,,,,,,44.62,2.81,0.2541,,,,105,97.5,,
2004,70,-117.087395,46.779587,2004_70,WP,,100,0,1,,,,,,,45.7,2.731,0.2214,,,,130.5,121.5,,
2004,71,-117.086977,46.779564,2004_71,SC,,100,0,1,,,,,,,61.999,3.6857,0.4724,,,,227.5,218,,
2004,72,-117.086559,46.779649,2004_72,SC,,100,0,1,,,,,,,61.291,3.6651,0.5731,,,,319,303,,
2004,73,-117.0861725,46.77963697,2004_73,SC,,100,0,1,,,,,,,60.852,3.6704,0.5945,,,,261.5,251,,
2004,74,-117.0856916,46.77950963,2004_74,SB,,100,0,1,,,,,,,44.86,1.58,0.1331,,,,595.4724409,569.8818898,,
2004,75,-117.085305,46.779642,2004_75,SB,,100,0,1,,,,,,,45.06,1.626,0.1616,,,,447.3425197,428.6417323,,
2004,76,-117.084887,46.77949,2004_76,SW,,100,0,1,,,,,,,44.23,2.372,0.1769,,,,631.3976378,589.0748031,1038.385827,983.3199117
2004,77,-117.084469,46.779579,2004_77,SW,,100,0,1,,,,,,,45.24,2.545,0.1996,,,,650.0984252,605.3149606,997.0472441,939.8916696
2004,78,-117.084051,46.779532,2004_78,SW,,100,0,1,,,,,,,45.39,2.439,0.1992,,,,621.5551181,572.3425197,868.1102362,826.1049022
2004,79,-117.083633,46.779595,2004_79,SW,,100,0,1,,,,,,,45.57,2.768,0.2119,,,,472.9330709,437.992126,857.7755906,820.071169
2004,80,-117.083215,46.779516,2004_80,SW,,100,0,1,,,,,,,44.38,2.355,0.1768,,,,583.1692913,544.7834646,856.2992126,807.8996919
2004,81,-117.082797,46.779585,2004_81,SW,,100,0,1,,,,,,,44.84,2.421,0.1805,,,,507.8740157,471.4566929,859.2519685,803.8163576
2004,82,-117.082379,46.779622,2004_82,SW,,100,0,1,,,,,,,44.46,2.514,0.1828,,,,598.9173228,562.5,831.2007874,791.8540046
2004,83,-117.081961,46.779424,2004_83,WW,,100,0,1,,,,,,,45.17,2.024,0.1798,,,,562.5,521.1614173,,
2004,84,-117.081543,46.779563,2004_84,WW,,100,0,1,,,,,,,45.4,1.825,0.1692,,,,611.7125984,573.3267717,,
2004,85,-117.081125,46.779565,2004_85,WW,,100,0,1,,,,,,,44.82,1.841,0.1667,,,,702.2637795,658.9566929,,
2004,86,-117.080707,46.779421,2004_86,WW,,100,0,1,,,,,,,44.71,2.016,0.169,,,,576.2795276,539.8622047,,
2004,87,-117.080289,46.779684,2004_87,WW,,100,0,1,,,,,,,45.06,1.989,0.1607,,,,627.9527559,585.1377953,,
2004,88,-117.079871,46.779655,2004_88,WW,,100,0,1,,,,,,,45.62,1.857,0.1582,,,,655.019685,607.2834646,,
2004,89,-117.079447,46.77960671,2004_89,WW,,100,0,1,,,,,,,45.19,1.842,0.1577,,,,581.6929134,547.2440945,,
2004,90,-117.079035,46.77954,2004_90,WW,,100,0,1,,,,,,,45.66,2.139,0.1782,,,,512.7952756,477.3622047,,
2004,91,-117.078617,46.779552,2004_91,WW,,100,0,1,,,,,,,45.43,1.993,0.1669,,,,638.2874016,601.3779528,,
2004,92,-117.078199,46.779557,2004_92,WW,,100,0,1,,,,,,,44.91,2.064,0.1704,,,,702.2637795,657.480315,,
2004,93,-117.077781,46.779494,2004_93,WW,,100,0,1,,,,,,,44.73,2.377,0.197,,,,454.2322835,425.6889764,,
2004,94,-117.077363,46.779658,2004_94,WW,,100,0,1,,,,,,,44.65,2.548,0.2015,,,,418.3070866,388.7795276,,
2004,95,-117.088073,46.77971682,2004_95,WB,,100,0,1,,,,,,,44.51,1.798,0.1631,,,,503.4448819,473.9173228,,
2004,96,-117.087663,46.7797,2004_96,WB,,100,0,1,,,,,,,45.57,1.873,0.1712,,,,491.6338583,468.996063,,
2004,97,-117.087245,46.779873,2004_97,WP,,100,0,1,,,,,,,45.25,2.759,0.2759,,,,169,157.5,,
2004,98,-117.086827,46.77985,2004_98,SC,,100,0,1,,,,,,,60.862,3.9489,0.4848,,,,284.5,273,,
2004,99,-117.086409,46.779935,2004_99,SC,,100,0,1,,,,,,,61.657,3.4902,0.4676,,,,349,333.5,,
2004,100,-117.085991,46.779905,2004_100,SC,,100,0,1,,,,,,,61.377,3.3736,0.5687,,,,298.5,286.5,,
2004,101,-117.085573,46.77981,2004_101,SP,,100,0,1,,,,,,,44.87,4.167,0.2179,,,,224.5,208,378,340.4680851
2004,102,-117.085155,46.779928,2004_102,SB,,100,0,1,,,,,,,44.93,1.527,0.1494,,,,546.7519685,523.6220472,,
2004,103,-117.084737,46.779776,2004_103,SW,,100,0,1,,,,,,,45.49,2.255,0.1928,,,,511.3188976,472.4409449,710.1377953,670.8839473
2004,104,-117.0843452,46.77988297,2004_104,SW,,100,0,1,,,,,,,45.53,2.667,0.2106,,,,458.1692913,424.2125984,984.7440945,932.687138
2004,105,-117.083901,46.779818,2004_105,SW,,100,0,1,,,,,,,44.7,2.184,0.1827,,,,582.6771654,543.7992126,950.7874016,894.416607
2004,106,-117.083483,46.779881,2004_106,SW,,100,0,1,,,,,,,44.42,2.001,0.1578,,,,512.3031496,483.7598425,838.0905512,790.4717699
2004,107,-117.083065,46.779802,2004_107,SW,,100,0,1,,,,,,,44.66,1.609,0.1436,,,,313.484252,289.3700787,459.1535433,425.6386861
2004,108,-117.082647,46.779871,2004_108,SW,,100,0,1,,,,,,,44.48,2.165,0.1632,,,,437.007874,406.988189,732.7755906,682.0804239
2004,109,-117.0821935,46.77987977,2004_109,SW,,100,0,1,,,,,,,44.28,2.507,0.1915,,,,472.4409449,439.4685039,764.7637795,726.2850988
2004,110,-117.0817533,46.77967045,2004_110,WW,,100,0,1,,,,,,,45.42,1.941,0.175,,,,483.2677165,455.2165354,,
2004,111,-117.081393,46.779849,2004_111,WW,,100,0,1,,,,,,,44.69,1.86,0.1705,,,,492.1259843,458.6614173,,
2004,112,-117.080975,46.779851,2004_112,WW,,100,0,1,,,,,,,45.53,1.993,0.183,,,,583.6614173,545.7677165,,
2004,113,-117.0805391,46.77969063,2004_113,WW,,100,0,1,,,,,,,45.26,1.81,0.1541,,,,600.8858268,561.515748,,
2004,114,-117.080139,46.77997,2004_114,WW,,100,0,1,,,,,,,45.46,2.12,0.1734,,,,,546.2598425,,
2004,115,-117.0797031,46.77992463,2004_115,WW,,100,0,1,,,,,,,45.06,1.879,0.1612,,,,522.6377953,486.7125984,,
2004,116,-117.079303,46.779905,2004_116,WW,,100,0,1,,,,,,,45.22,1.701,0.1502,,,,581.6929134,545.2755906,,
2004,117,-117.078885,46.779826,2004_117,WW,,100,0,1,,,,,,,,,,,,,,,,
2004,118,-117.078467,46.779838,2004_118,WW,,100,0,1,,,,,,,45.07,2.078,0.171,,,,580.2165354,543.3070866,,
2004,119,-117.0780192,46.77982663,2004_119,WW,,100,0,1,,,,,,,44.59,2.037,0.1734,,,,701.2795276,659.9409449,,
2004,120,-117.077631,46.77978,2004_120,WW,,100,0,1,,,,,,,44.18,1.985,0.1711,,,,581.2007874,540.3543307,,
2004,121,-117.077213,46.779944,2004_121,WW,,100,0,1,,,,,,,44.61,2.588,0.2098,,,,311.023622,287.8937008,,
2004,122,-117.087699,46.779986,2004_122,WB,,100,0,1,,,,,,,45.22,1.974,0.174,,,,326.2795276,309.5472441,,
2004,123,-117.087281,46.780159,2004_123,WB,,100,0,1,,,,,,,45.1,1.84,0.1672,,,,501.9685039,476.8700787,,
2004,124,-117.086863,46.780136,2004_124,WP,,100,0,1,,,,,,,44.45,3.28,0.2448,,,,76.5,72,,
2004,125,-117.086445,46.780221,2004_125,SC,,100,0,1,,,,,,,60.986,3.6913,0.4742,,,,262.5,250,,
2004,126,-117.0860113,46.78018382,2004_126,SC,,100,0,1,,,,,,,61.077,3.9451,0.6396,,,,245.5,234,,
2004,127,-117.0855933,46.78008882,2004_127,SP,,100,0,1,,,,,,,45.07,4.302,0.2483,,,,255,237,426,385.8834081
2004,128,-117.085191,46.780214,2004_128,SP,,100,0,1,,,,,,,44.76,4.665,0.2565,,,,140,130,,
2004,129,-117.084773,46.780062,2004_129,SB,,100,0,1,,,,,,,44.46,1.569,0.148,,,,302.1653543,283.9566929,,
2004,130,-117.084355,46.780151,2004_130,SW,,100,0,1,,,,,,,44.6,2.375,0.1813,,,,461.1220472,431.5944882,776.5748031,735.4861892
2004,131,-117.083937,46.780104,2004_131,SW,,100,0,1,,,,,,,44.13,2.521,0.1849,,,,548.7204724,512.7952756,848.4251969,779.4906496
2004,132,-117.083519,46.780167,2004_132,SW,,100,0,1,,,,,,,45.14,2.384,0.1791,,,,590.0590551,550.1968504,863.6811024,801.2463239
2004,133,-117.083101,46.780088,2004_133,SW,,100,0,1,,,,,,,44.37,2.568,0.189,,,,613.1889764,567.9133858,959.6456693,909.1380025
2004,134,-117.082683,46.780157,2004_134,SW,,100,0,1,,,,,,,44.81,2.196,0.1667,,,,595.9645669,557.5787402,843.503937,773.659662
2004,135,-117.082265,46.780194,2004_135,SW,,100,0,1,,,,,,,44.56,2.287,0.1726,,,,476.3779528,446.3582677,870.0787402,827.7505852
2004,136,-117.081847,46.779996,2004_136,SW,,100,0,1,,,,,,,44.93,2.366,0.1748,,,,592.519685,551.1811024,1036.417323,955.6575314
2004,137,-117.0814529,46.78014727,2004_137,SW,,100,0,1,,,,,,,44.58,2.653,0.2011,,,,456.2007874,425.6889764,784.9409449,752.4285981
2004,138,-117.081011,46.780137,2004_138,WW,,100,0,1,,,,,,,44.96,1.962,0.1787,,,,638.2874016,599.9015748,,
2004,139,-117.080593,46.779993,2004_139,WW,,100,0,1,,,,,,,,,,,,,,,,
2004,140,-117.080175,46.780256,2004_140,WW,,100,0,1,,,,,,,45.4,2.097,0.1693,,,,624.507874,581.2007874,,
2004,141,-117.079757,46.780227,2004_141,WW,,100,0,1,,,,,,,45.73,2.188,0.1787,,,,460.1377953,435.0393701,,
2004,142,-117.079339,46.780191,2004_142,WW,,100,0,1,,,,,,,49.62,2.019,0.1755,,,,537.8937008,505.9055118,,
2004,143,-117.0789031,46.78010382,2004_143,WW,,100,0,1,,,,,,,45.23,1.792,0.1565,,,,535.9251969,504.4291339,,
2004,144,-117.078503,46.780124,2004_144,WW,,100,0,1,,,,,,,45.02,2.198,0.1814,,,,556.1023622,527.0669291,,
2004,145,-117.078085,46.780129,2004_145,WW,,100,0,1,,,,,,,44.25,1.865,0.1626,,,,522.6377953,485.7283465,,
2004,146,-117.077667,46.780066,2004_146,WW,,100,0,1,,,,,,,44.47,2.31,0.1872,,,,483.2677165,447.8346457,,
2004,147,-117.077249,46.78023,2004_147,WW,,100,0,1,,,,,,,44.81,2.697,0.214,,,,294.7834646,275.0984252,,
2004,148,-117.076831,46.780004,2004_148,WW,,100,0,1,,,,,,,44.28,1.961,0.1868,,,,561.515748,523.6220472,,
2004,149,-117.087103,46.780422,2004_149,WB,,100,0,1,,,,,,,45.13,1.787,0.16,,,,567.9133858,537.4015748,,
2004,150,-117.086685,46.780507,2004_150,WP,,100,0,1,,,,,,,44.76,3.432,0.2137,,,,91.5,87,,
2004,151,-117.0862251,46.78045544,2004_151,SC,,100,0,1,,,,,,,62.714,3.3995,0.477,,,,238,227,,
2004,152,-117.0858333,46.78037122,2004_152,SC,,100,0,1,,,,,,,61.606,3.5219,0.5403,,,,346,332,,
2004,153,-117.085431,46.7805,2004_153,SC,,100,0,1,,,,,,,61.634,3.0492,0.4621,,,,354,341,635.5,557.620098
2004,154,-117.085013,46.780348,2004_154,SP,,100,0,1,,,,,,,44.29,4.071,0.2552,,,,159.5,148,,
2004,155,-117.084595,46.780437,2004_155,SB,,100,0,1,,,,,,,45,1.495,0.147,,,,436.023622,415.3543307,,
2004,156,-117.084177,46.78039,2004_156,SW,,100,0,1,,,,,,,44.83,2.333,0.173,,,,607.7755906,566.4370079,903.0511811,856.7408641
2004,157,-117.083759,46.780453,2004_157,SW,,100,0,1,,,,,,,45.59,2.756,0.2159,,,,415.8464567,386.3188976,883.8582677,831.4814815
2004,158,-117.083341,46.780374,2004_158,SW,,100,0,1,,,,,,,44.88,2.54,0.196,,,,410.4330709,380.9055118,706.2007874,659.7402093
2004,159,-117.082923,46.780443,2004_159,SW,,100,0,1,,,,,,,44.72,2.327,0.1813,,,,520.1771654,482.7755906,673.7204724,631.2041319
2004,160,-117.082505,46.78048,2004_160,SW,,100,0,1,,,,,,,44.59,2.045,0.1603,,,,452.7559055,423.7204724,586.6141732,544.7131609
2004,161,-117.082087,46.780282,2004_161,SW,,100,0,1,,,,,,,44.93,2.439,0.1768,,,,520.1771654,485.2362205,808.0708661,748.4590809
2004,162,-117.0816451,46.78040873,2004_162,SW,,100,0,1,,,,,,,44.59,2.669,0.1913,,,,497.0472441,466.0433071,844.980315,790.2693593
2004,163,-117.081251,46.780423,2004_163,SW,,100,0,1,,,,,,,44.23,2.62,0.1921,,,,574.3110236,538.3858268,807.0866142,763.136353
2004,164,-117.080833,46.780279,2004_164,WW,,100,0,1,,,,,,,45.08,2.122,0.1711,,,,695.8661417,648.1299213,,
2004,165,-117.080415,46.780542,2004_165,WW,,100,0,1,,,,,,,45.62,2.24,0.1824,,,,598.9173228,563.976378,,
2004,166,-117.079997,46.780513,2004_166,WW,,100,0,1,,,,,,,45.53,2.161,0.1773,,,,634.3503937,590.0590551,,
2004,167,-117.079579,46.780477,2004_167,WW,,100,0,1,,,,,,,43.12,2.19,0.1763,,,,371.0629921,352.8543307,959.6456693,868.2508436
2004,168,-117.079161,46.780398,2004_168,WW,,100,0,1,,,,,,,45.26,2.019,0.17,,,,575.7874016,536.4173228,,
2004,169,-117.078743,46.78041,2004_169,WW,,100,0,1,,,,,,,44.45,2.064,0.1651,,,,553.6417323,512.3031496,,
2004,170,-117.078325,46.780415,2004_170,WW,,100,0,1,,,,,,,44.92,2.205,0.1834,,,,522.1456693,487.2047244,,
2004,171,-117.077907,46.780352,2004_171,WW,,100,0,1,,,,,,,44.43,1.969,0.174,,,,544.7834646,506.8897638,,
2004,172,-117.077489,46.780516,2004_172,WW,,100,0,1,,,,,,,44.59,2.024,0.1832,,,,509.8425197,475.3937008,,
2004,173,-117.077071,46.78029,2004_173,WW,,100,0,1,,,,,,,44.28,1.895,0.1714,,,,547.2440945,514.2716535,,
2004,174,-117.076653,46.780414,2004_174,WW,,100,0,1,,,,,,,44.27,1.778,0.1625,,,,694.3897638,647.1456693,,
2004,175,-117.086879,46.780708,2004_175,WB,,100,0,1,,,,,,,45.26,1.7,0.157,,,,442.9133858,419.2913386,,
2004,176,-117.0864768,46.78080097,2004_176,WB,,100,0,1,,,,,,,45.1,2.043,0.1837,,,,561.023622,526.0826772,,
2004,177,-117.086043,46.780763,2004_177,WP,,100,0,1,,,,,,,44.88,3.225,0.2299,,,,207,193,,
2004,178,-117.085625,46.780668,2004_178,SC,,100,0,1,,,,,,,62.455,3.4128,0.4864,,,,322,307,,
2004,179,-117.085207,46.780786,2004_179,SC,,100,0,1,,,,,,,60.235,3.7852,0.6998,,,,373,353.5,680.5,601.9807692
2004,180,-117.084789,46.780634,2004_180,SP,,100,0,1,,,,,,,43.67,3.921,0.2615,,,,89.5,83,,
2004,181,-117.084371,46.780723,2004_181,SB,,100,0,1,,,,,,,45.31,1.776,0.1623,,,,438.484252,412.4015748,,
2004,182,-117.0839212,46.78065692,2004_182,SW,,100,0,1,,,,,,,45.35,2.524,0.1915,,,,472.4409449,439.4685039,814.4685039,755.9119448
2004,183,-117.083535,46.780739,2004_183,SW,,100,0,1,,,,,,,46.16,2.271,0.1922,,,,522.6377953,483.2677165,683.5629921,641.9246373
2004,184,-117.083117,46.78066,2004_184,SW,,100,0,1,,,,,,,44.36,2.135,0.1754,,,,630.4133858,581.6929134,796.7519685,738.453044
2004,185,-117.082699,46.780729,2004_185,SW,,100,0,1,,,,,,,44.29,2.363,0.1775,,,,579.2322835,548.2283465,1021.161417,967.0999305
2004,186,-117.082281,46.780766,2004_186,SW,,100,0,1,,,,,,,44.98,2.628,0.1828,,,,577.2637795,536.9094488,1033.464567,957.9868177
2004,187,-117.081863,46.780568,2004_187,SW,,100,0,1,,,,,,,44.46,2.376,0.1829,,,,329.7244094,308.0708661,744.5866142,692.6387109
2004,188,-117.081445,46.780707,2004_188,SW,,100,0,1,,,,,,,45.14,2.963,0.2042,,,,326.7716535,309.0551181,736.2204724,698.7855332
2004,189,-117.081027,46.780709,2004_189,SW,,100,0,1,,,,,,,44.16,2.537,0.2009,,,,565.9448819,531.988189,718.503937,674.625834
2004,190,-117.080609,46.780565,2004_190,WW,,100,0,1,,,,,,,44.93,2.091,0.1757,,,,595.4724409,554.6259843,,
2004,191,-117.080191,46.780828,2004_191,WW,,100,0,1,,,,,,,45.03,2.039,0.1746,,,,550.6889764,514.7637795,,
2004,192,-117.079773,46.780799,2004_192,WW,,100,0,1,,,,,,,45.45,2.187,0.1874,,,,538.8779528,506.8897638,,
2004,193,-117.079355,46.780763,2004_193,WW,,100,0,1,,,,,,,43.06,1.796,0.1481,,,,575.2952756,536.4173228,950.2952756,853.8885085
2004,194,-117.0789131,46.78066353,2004_194,WW,,100,0,1,,,,,,,45.24,1.893,0.1629,,,,622.0472441,583.6614173,,
2004,195,-117.078519,46.780696,2004_195,WW,,100,0,1,,,,,,,44.34,1.725,0.1478,,,,537.8937008,502.4606299,,
2004,196,-117.078101,46.780701,2004_196,WW,,100,0,1,,,,,,,44.47,1.928,0.1668,,,,701.7716535,653.5433071,,
2004,197,-117.077683,46.780638,2004_197,WW,,100,0,1,,,,,,,44.39,1.997,0.1796,,,,601.8700787,561.515748,,
2004,198,-117.077265,46.780802,2004_198,WW,,100,0,1,,,,,,,44.96,2.102,0.184,,,,600.3937008,558.5629921,,
2004,199,-117.076847,46.780576,2004_199,WW,,100,0,1,,,,,,,44.02,2.054,0.1819,,,,673.7204724,628.4448819,,
2004,200,-117.0866262,46.7810531,2004_200,WB,,100,0,1,,,,,,,45.01,1.393,0.1505,,,,201.2795276,188.976378,,
2004,201,-117.086242,46.781049,2004_201,WB,,100,0,1,,,,,,,45.18,1.494,0.1561,,,,473.4251969,444.8818898,,
2004,202,-117.085824,46.780954,2004_202,WP,,100,0,1,,,,,,,44.74,3.454,0.2609,,,,58.5,54.5,,
2004,203,-117.085406,46.781072,2004_203,SC,,100,0,1,,,,,,,60.254,3.7393,0.6025,,,,211,202,465,416.456044
2004,204,-117.084988,46.78092,2004_204,SC,,100,0,1,,,,,,,56.462,4.0623,0.6374,,,,231.5,220,578.5,514.4957447
2004,205,-117.08457,46.781009,2004_205,SP,,100,0,1,,,,,,,44.24,4.816,0.244,,,,66.5,62.5,,
2004,206,-117.084152,46.780962,2004_206,SB,,100,0,1,,,,,,,45.31,1.631,0.1522,,,,517.2244094,491.6338583,,
2004,207,-117.083755,46.78103938,2004_207,SB,,100,0,1,,,,,,,45.43,1.501,0.1434,,,,486.7125984,463.5826772,,
2004,208,-117.083316,46.780946,2004_208,SW,,100,0,1,,,,,,,44.6,2.482,0.187,,,,420.2755906,391.7322835,705.7086614,680.0465283
2004,209,-117.082898,46.781015,2004_209,SW,,100,0,1,,,,,,,44.81,2.655,0.1948,,,,480.3149606,451.2795276,747.5393701,711.3681102
2004,210,-117.08248,46.781052,2004_210,SW,,100,0,1,,,,,,,44.26,2.377,0.19,,,,578.2480315,537.8937008,980.3149606,922.6493747
2004,211,-117.082062,46.780854,2004_211,SW,,100,0,1,,,,,,,44.23,2.311,0.1653,,,,802.1653543,725.3937008,1452.755906,1343.11395
2004,212,-117.081644,46.780993,2004_212,SW,,100,0,1,,,,,,,44.69,2.27,0.1704,,,,614.6653543,569.8818898,869.0944882,811.7430753
2004,213,-117.081226,46.780995,2004_213,SW,,100,0,1,,,,,,,44.6,2.24,0.1768,,,,720.4724409,666.3385827,948.3267717,899.6946295
2004,214,-117.080808,46.780851,2004_214,SW,,100,0,1,,,,,,,44.21,2.394,0.1947,,,,738.1889764,692.4212598,876.476378,815.6803286
2004,215,-117.0804377,46.78111806,2004_215,SW,,100,0,1,,,,,,,44.2,2.558,0.2011,,,,635.8267717,591.5354331,736.7125984,695.5299066
2004,216,-117.079972,46.781085,2004_216,WW,,100,0,1,,,,,,,45.12,1.972,0.1721,,,,607.2834646,566.9291339,,
2004,217,-117.079554,46.781049,2004_217,WW,,100,0,1,,,,,,,45.18,1.987,0.1671,,,,665.3543307,628.9370079,,
2004,218,-117.079136,46.78097,2004_218,WW,,100,0,1,,,,,,,45.51,1.85,0.165,,,,565.4527559,528.5433071,,
2004,219,-117.078718,46.780982,2004_219,WW,,100,0,1,,,,,,,44.12,1.891,0.1574,,,,709.1535433,664.3700787,,
2004,220,-117.0783,46.780987,2004_220,WW,,100,0,1,,,,,,,44.46,1.857,0.1606,,,,620.0787402,586.6141732,,
2004,221,-117.077882,46.780924,2004_221,WW,,100,0,1,,,,,,,44.35,1.816,0.1652,,,,650.0984252,613.1889764,,
2004,222,-117.077464,46.781088,2004_222,WW,,100,0,1,,,,,,,44.33,1.898,0.1678,,,,586.6141732,546.7519685,,
2004,223,-117.077046,46.780862,2004_223,WW,,100,0,1,,,,,,,44.56,2.213,0.1909,,,,500,466.5354331,,
2004,224,-117.076628,46.780986,2004_224,WW,,100,0,1,,,,,,,44.73,1.994,0.1744,,,,582.6771654,546.2598425,,
2004,225,-117.086295,46.781365,2004_225,WB,,100,0,1,,,,,,,45.47,1.623,0.1528,,,,328.7401575,310.0393701,,
2004,226,-117.0858613,46.78132062,2004_226,WP,,100,0,1,,,,,,,44.78,3.459,0.1991,,,,168,156,,
2004,227,-117.0854328,46.78122203,2004_227,SC,,100,0,1,,,,,,,61.879,3.6758,0.6484,,,,218,209,,
2004,228,-117.085041,46.781358,2004_228,SC,,100,0,1,,,,,,,59.38,4.0305,0.5347,,,,86,83,256.5,230.85
2004,229,-117.084623,46.781206,2004_229,SC,,100,0,1,,,,,,,59.604,3.6027,0.4979,,,,257.5,247,622.5,556.9736842
2004,230,-117.084205,46.781295,2004_230,SP,,100,0,1,,,,,,,44,4.039,0.2284,,,,200.5,186.5,329.5,313.6204819
2004,231,-117.083787,46.781248,2004_231,SB,,100,0,1,,,,,,,45.34,1.647,0.1582,,,,408.9566929,384.3503937,,
2004,232,-117.0832823,46.78127044,2004_232,SW,,100,0,1,,,,,,,45.25,2.451,0.184,,,,399.6062992,369.0944882,721.9488189,669.5493078
2004,233,-117.082951,46.781232,2004_233,SW,,100,0,1,,,,,,,,,,,,,,,,
2004,234,-117.082533,46.781301,2004_234,SW,,100,0,1,,,,,,,44.77,2.541,0.1822,,,,472.4409449,441.4370079,861.7125984,818.6269685
2004,235,-117.082115,46.781338,2004_235,SW,,100,0,1,,,,,,,44.94,2.558,0.188,,,,496.5551181,463.5826772,880.4133858,818.5093196
2004,236,-117.081697,46.78114,2004_236,SW,,100,0,1,,,,,,,44.48,2.284,0.1823,,,,574.8031496,533.9566929,746.5551181,695.9412118
2004,237,-117.0812437,46.78126348,2004_237,SW,,100,0,1,,,,,,,44.38,2.646,0.1959,,,,463.0905512,429.1338583,803.6417323,763.4596457
2004,238,-117.080861,46.781281,2004_238,SW,,100,0,1,,,,,,,44.19,2.495,0.1963,,,,557.5787402,522.1456693,983.2677165,914.6676433
2004,239,-117.080455,46.78115338,2004_239,SW,,100,0,1,,,,,,,44.29,2.369,0.1952,,,,560.0393701,523.1299213,695.8661417,661.600006
2004,240,-117.0801105,46.78144636,2004_240,SW,,100,0,1,,,,,,,45.09,2.659,0.2055,,,,380.9055118,353.8385827,579.2322835,555.6588766
2004,241,-117.079607,46.781371,2004_241,WW,,100,0,1,,,,,,,45.55,1.881,0.1687,,,,618.1102362,581.2007874,,
2004,242,-117.079189,46.781335,2004_242,WW,,100,0,1,,,,,,,45.58,1.925,0.1681,,,,709.1535433,662.4015748,,
2004,243,-117.078771,46.781256,2004_243,WW,,100,0,1,,,,,,,42.35,1.729,0.1427,,,,647.1456693,606.2992126,969.980315,930.8682055
2004,244,-117.0783888,46.78129255,2004_244,WW,,100,0,1,,,,,,,44.68,1.81,0.1567,,,,719.488189,671.7519685,,
2004,245,-117.077935,46.781273,2004_245,WW,,100,0,1,,,,,,,44.4,1.863,0.1627,,,,583.1692913,554.1338583,,
2004,246,-117.077517,46.78121,2004_246,WW,,100,0,1,,,,,,,44.39,1.683,0.1505,,,,649.1141732,618.1102362,,
2004,247,-117.077099,46.781374,2004_247,WW,,100,0,1,,,,,,,44.27,2.123,0.1847,,,,706.6929134,659.4488189,,
2004,248,-117.0766989,46.78116437,2004_248,WW,,100,0,1,,,,,,,43.91,1.978,0.1758,,,,780.511811,727.8543307,,
2004,249,-117.085864,46.781526,2004_249,WB,,100,0,1,,,,,,,44.87,1.846,0.1675,,,,625.492126,590.0590551,,
2004,250,-117.085446,46.781644,2004_250,WP,,100,0,1,,,,,,,45.01,3.527,0.2264,,,,181.5,169,,
2004,251,-117.085028,46.781492,2004_251,SC,,100,0,1,,,,,,,50.608,3.7805,0.3575,,,,34,32,,
2004,252,-117.0845785,46.78155584,2004_252,SC,,100,0,1,,,,,,,59.861,3.8822,0.5115,,,,195,187,,
2004,253,-117.084192,46.781534,2004_253,SC,,100,0,1,,,,,,,59.118,4.0461,0.5308,,,,105.5,100,,
2004,254,-117.083774,46.781597,2004_254,SP,,100,0,1,,,,,,,44.79,4.299,0.2557,,,,256,238.5,472,443.9047619
2004,255,-117.083356,46.781518,2004_255,SB,,100,0,1,,,,,,,45.26,1.552,0.1496,,,,645.1771654,618.6023622,850.3937008,807.2577884
2004,256,-117.082938,46.781587,2004_256,SW,,100,0,1,,,,,,,44.53,2.281,0.1805,,,,566.9291339,527.5590551,832.6771654,772.8716231
2004,257,-117.08252,46.781624,2004_257,SW,,100,0,1,,,,,,,44.62,2.529,0.1855,,,,433.5629921,407.9724409,638.7795276,609.2064013
2004,258,-117.082102,46.781426,2004_258,SW,,100,0,1,,,,,,,44.5,2.43,0.1839,,,,591.0433071,549.7047244,802.1653543,742.5986201
2004,259,-117.081684,46.781565,2004_259,SW,,100,0,1,,,,,,,44.57,2.749,0.2087,,,,531.003937,495.0787402,911.4173228,864.916439
2004,260,-117.081266,46.781567,2004_260,SW,,100,0,1,,,,,,,44.08,2.224,0.1817,,,,483.2677165,449.8031496,762.3031496,723.7055218
2004,261,-117.080848,46.781423,2004_261,SW,,100,0,1,,,,,,,44.65,2.345,0.1923,,,,536.9094488,501.476378,1030.019685,979.5697413
2004,262,-117.08043,46.781686,2004_262,SW,,100,0,1,,,,,,,44.26,2.559,0.2086,,,,455.2165354,428.6417323,960.1377953,901.134914
2004,263,-117.080012,46.781657,2004_263,SW,,100,0,1,,,,,,,45.02,2.346,0.1955,,,,505.9055118,472.9330709,796.7519685,755.8928932
2004,264,-117.079594,46.781621,2004_264,WW,,100,0,1,,,,,,,45.02,1.816,0.1557,,,,606.7913386,571.3582677,,
2004,265,-117.0791581,46.78153382,2004_265,WW,,100,0,1,,,,,,,45.13,1.856,0.1605,,,,799.7047244,746.5551181,,
2004,266,-117.078758,46.781554,2004_266,WW,,100,0,1,,,,,,,44.52,1.955,0.1523,,,,726.8700787,676.1811024,,
2004,267,-117.07834,46.781559,2004_267,WW,,100,0,1,,,,,,,42.93,1.982,0.1624,,,,673.7204724,639.2716535,987.6968504,887.342625
2004,268,-117.077922,46.781496,2004_268,WW,,100,0,1,,,,,,,44.52,2.012,0.172,,,,479.3307087,448.8188976,,
2004,269,-117.077504,46.78166,2004_269,WW,,100,0,1,,,,,,,44.33,1.525,0.1458,,,,470.4724409,437.5,,
2004,270,-117.077086,46.781434,2004_270,WW,,100,0,1,,,,,,,44.57,1.778,0.1584,,,,693.4055118,652.5590551,,
2004,271,-117.076668,46.781558,2004_271,WW,,100,0,1,,,,,,,44.59,2.009,0.1764,,,,427.6574803,399.6062992,,
2004,272,-117.08559,46.781812,2004_272,WB,,100,0,1,,,,,,,44.61,1.61,0.1587,,,,453.2480315,431.1023622,,
2004,273,-117.085172,46.78193,2004_273,WP,,100,0,1,,,,,,,44.81,4.152,0.2591,,,,202,188.5,,
2004,274,-117.084754,46.781778,2004_274,SC,,100,0,1,,,,,,,62.544,3.2819,0.4583,,,,441,424,,
2004,275,-117.084357,46.78187778,2004_275,SC,,100,0,1,,,,,,,62.047,3.2606,0.667,,,,329,316,,
2004,276,-117.083918,46.78182,2004_276,SC,,100,0,1,,,,,,,61.637,3.2541,0.4356,,,,330,316.5,,
2004,277,-117.0835,46.781883,2004_277,SP,,100,0,1,,,,,,,42.39,3.876,0.1937,,,,223.5,210.5,,
2004,278,-117.083082,46.781804,2004_278,SB,,100,0,1,,,,,,,44.2,1.605,0.1531,,,,472.9330709,445.8661417,717.0275591,682.1720527
2004,279,-117.0826501,46.78185937,2004_279,SW,,100,0,1,,,,,,,44.34,2.388,0.1786,,,,634.8425197,596.9488189,929.6259843,885.8788791
2004,280,-117.082246,46.78191,2004_280,SW,,100,0,1,,,,,,,44.39,2.449,0.1911,,,,550.6889764,512.3031496,840.0590551,803.7975132
2004,281,-117.0818123,46.78170481,2004_281,SW,,100,0,1,,,,,,,43.48,2.764,0.2341,,,,458.1692913,428.6417323,722.4409449,688.8390405
2004,282,-117.08141,46.781851,2004_282,SW,,100,0,1,,,,,,,44.39,2.596,0.2002,,,,520.6692913,487.6968504,799.7047244,752.0402044
2004,283,-117.080992,46.781853,2004_283,SW,,100,0,1,,,,,,,43.93,2.337,0.193,,,,473.4251969,445.3740157,617.1259843,584.4305679
2004,284,-117.080574,46.781709,2004_284,SW,,100,0,1,,,,,,,44.54,2.499,0.2001,,,,437.992126,409.4488189,908.9566929,865.9291572
2004,285,-117.080156,46.781972,2004_285,SW,,100,0,1,,,,,,,45.13,2.207,0.1819,,,,497.5393701,465.0590551,804.1338583,745.4379562
2004,286,-117.079738,46.781943,2004_286,SW,,100,0,1,,,,,,,44.19,2.339,0.1894,,,,590.0590551,547.2440945,887.7952756,852.1050133
2004,287,-117.07932,46.781907,2004_287,WW,,100,0,1,,,,,,,45.02,2.097,0.1723,,,,644.6850394,610.2362205,,
2004,288,-117.0788662,46.78180208,2004_288,WW,,100,0,1,,,,,,,45.64,1.979,0.1694,,,,749.015748,698.3267717,,
2004,289,-117.078484,46.78184,2004_289,WW,,100,0,1,,,,,,,44.91,2.131,0.1775,,,,774.1141732,726.3779528,,
2004,290,-117.078066,46.781845,2004_290,WW,,100,0,1,,,,,,,44.72,1.894,0.1682,,,,665.3543307,620.5708661,,
2004,291,-117.077648,46.781782,2004_291,WW,,100,0,1,,,,,,,44.68,1.749,0.1605,,,,522.6377953,487.2047244,,
2004,292,-117.07723,46.781946,2004_292,WW,,100,0,1,,,,,,,44.06,2.375,0.1998,,,,469.980315,446.3582677,,
2004,293,-117.076812,46.78172,2004_293,WW,,100,0,1,,,,,,,44.45,2.085,0.1857,,,,555.1181102,516.2401575,,
2004,297,-117.085536,46.782098,2004_297,WB,,100,0,1,,,,,,,44.95,2.023,0.1809,,,,329.7244094,302.1653543,443.4055118,390.4615701
2004,298,-117.085118,46.782216,2004_298,WB,,100,0,1,,,,,,,44.03,1.61,0.1567,,,,558.5629921,529.5275591,761.3188976,671.4409722
2004,299,-117.0847,46.782064,2004_299,WP,,100,0,1,,,,,,,44.76,3.839,0.2499,,,,22.5,20,,
2004,300,-117.084282,46.782153,2004_300,SC,,100,0,1,,,,,,,59.841,3.9388,0.4217,,,,211.5,203,441,390.3588517
2004,301,-117.083864,46.782106,2004_301,SC,,100,0,1,,,,,,,61.812,3.3184,0.5116,,,,338.5,323.5,,
2004,302,-117.0834303,46.78215462,2004_302,SP,,100,0,1,,,,,,,42.37,3.952,0.1762,,,,273.5,254,,
2004,303,-117.0830123,46.78207922,2004_303,SB,,100,0,1,,,,,,,45.45,1.623,0.1597,,,,555.1181102,517.2244094,698.8188976,611.4665354
2004,304,-117.08261,46.782159,2004_304,SB,,100,0,1,,,,,,,42.48,1.39,0.1345,,,,470.4724409,446.8503937,,
2004,305,-117.082192,46.782196,2004_305,SW,,100,0,1,,,,,,,44.57,2.364,0.1826,,,,505.9055118,472.9330709,624.015748,577.4474086
2004,306,-117.081774,46.781998,2004_306,SW,,100,0,1,,,,,,,44.48,2.487,0.1853,,,,582.6771654,550.1968504,702.7559055,649.2853475
2004,307,-117.081356,46.782137,2004_307,SW,,100,0,1,,,,,,,44.74,2.6,0.189,,,,494.0944882,462.5984252,780.511811,731.3886901
2004,308,-117.080938,46.782139,2004_308,SW,,100,0,1,,,,,,,44.83,2.579,0.2068,,,,514.7637795,482.7755906,838.0905512,772.5415695
2004,309,-117.080499,46.78197702,2004_309,SW,,100,0,1,,,,,,,44.39,2.571,0.2009,,,,649.6062992,600.3937008,955.7086614,887.443757
2004,310,-117.080102,46.782258,2004_310,SW,,100,0,1,,,,,,,44,2.267,0.1936,,,,449.3110236,421.7519685,706.2007874,669.0323249
2004,311,-117.079684,46.782229,2004_311,SW,,100,0,1,,,,,,,44.65,2.445,0.1979,,,,507.3818898,472.4409449,848.9173228,777.7178054
2004,312,-117.0793018,46.78221346,2004_312,SW,,100,0,1,,,,,,,44.66,2.474,0.2033,,,,464.5669291,436.023622,797.2440945,755.0059968
2004,313,-117.078848,46.782114,2004_313,WW,,100,0,1,,,,,,,,,,,,,,,,
2004,314,-117.07843,46.782126,2004_314,WW,,100,0,1,,,,,,,45.04,2.078,0.1754,,,,484.7440945,448.3267717,,
2004,315,-117.0780418,46.78214737,2004_315,WW,,100,0,1,,,,,,,44.75,2.402,0.1949,,,,529.5275591,492.1259843,,
2004,316,-117.077594,46.782068,2004_316,WW,,100,0,1,,,,,,,44.48,2.293,0.1932,,,,514.7637795,490.1574803,,
2004,323,-117.0851352,46.78249247,2004_323,WB,,100,0,1,,,,,,,45.52,2.039,0.1826,,,,332.6771654,310.0393701,458.1692913,401.7792247
2004,324,-117.084751,46.78235,2004_324,WP,,100,0,1,,,,,,,44.5,3.522,0.263,,,,103,97,192,179.5555556
2004,325,-117.084333,46.782439,2004_325,WP,,100,0,1,,,,,,,45.06,3.307,0.2298,,,,138.5,130.5,277.5,261.0690789
2004,326,-117.083915,46.782392,2004_326,SC,,100,0,1,,,,,,,62.012,3.4335,0.4918,,,,284,272,,
2004,327,-117.083497,46.782455,2004_327,SC,,100,0,1,,,,,,,61.84,3.1323,0.4149,,,,299,287.5,,
2004,328,-117.083079,46.782376,2004_328,SP,,100,0,1,,,,,,,41.58,3.654,0.1938,,,,233.5,218.5,,
2004,329,-117.0826453,46.78243781,2004_329,SB,,100,0,1,,,,,,,45.5,1.614,0.1524,,,,551.1811024,521.6535433,,
2004,330,-117.082243,46.782482,2004_330,SB,,100,0,1,,,,,,,44.82,1.503,0.1514,,,,583.1692913,549.2125984,,
2004,331,-117.081825,46.782284,2004_331,SW,,100,0,1,,,,,,,44.76,2.436,0.181,,,,507.8740157,476.8700787,674.2125984,643.2538567
2004,332,-117.081407,46.782423,2004_332,SW,,100,0,1,,,,,,,44.4,2.305,0.1736,,,,468.996063,439.9606299,731.2992126,695.9137668
2004,333,-117.080989,46.782425,2004_333,SW,,100,0,1,,,,,,,45.15,2.339,0.1894,,,,485.7283465,453.2480315,707.6771654,655.0795382
2004,334,-117.080571,46.782281,2004_334,SW,,100,0,1,,,,,,,44.71,2.132,0.1753,,,,568.4055118,530.511811,804.6259843,746.3964722
2004,335,-117.080153,46.782544,2004_335,SW,,100,0,1,,,,,,,44.36,2.202,0.1776,,,,520.1771654,479.8228346,1002.46063,905.8379186
2004,336,-117.079735,46.782515,2004_336,SW,,100,0,1,,,,,,,44.93,2.301,0.1943,,,,471.4566929,438.976378,1065.944882,989.8059618
2004,337,-117.079317,46.782479,2004_337,SW,,100,0,1,,,,,,,44.97,2.278,0.1964,,,,569.3897638,531.988189,860.2362205,798.3891719
2004,338,-117.0788911,46.78239455,2004_338,WW,,100,0,1,,,,,,,45.25,1.954,0.1665,,,,590.0590551,550.6889764,,
2004,348,-117.084617,46.782636,2004_348,WB,,100,0,1,,,,,,,44.69,1.808,0.1594,,,,762.3031496,714.0748031,863.6811024,767.7165354
2004,349,-117.084199,46.782725,2004_349,WP,,100,0,1,,,,,,,45.12,3.815,0.2755,,,,245,226,291.5,273.1538462
2004,350,-117.083781,46.782678,2004_350,SC,,100,0,1,,,,,,,61.846,3.2876,0.4353,,,,265,255,,
2004,351,-117.083363,46.782741,2004_351,SC,,100,0,1,,,,,,,62.76,3.3241,0.4354,,,,300,288,,
2004,352,-117.0829188,46.78264763,2004_352,SP,,100,0,1,,,,,,,42.65,3.758,0.1649,,,,219,204,,
2004,353,-117.082527,46.782731,2004_353,SP,,100,0,1,,,,,,,43.22,3.742,0.2034,,,,260.5,241.5,,
2004,354,-117.082109,46.782768,2004_354,SB,,100,0,1,,,,,,,45.82,1.85,0.1647,,,,435.0393701,408.4645669,,
2004,355,-117.081691,46.78257,2004_355,SW,,100,0,1,,,,,,,44.79,2.046,0.1612,,,,551.6732283,512.7952756,757.3818898,713.7630375
2004,356,-117.081273,46.782709,2004_356,SW,,100,0,1,,,,,,,44.33,2.401,0.1783,,,,613.1889764,566.9291339,891.7322835,811.2752353
2004,357,-117.080855,46.782711,2004_357,SW,,100,0,1,,,,,,,44.19,2.372,0.189,,,,634.8425197,590.5511811,845.4724409,800.9738914
2004,358,-117.0804141,46.78255608,2004_358,SW,,100,0,1,,,,,,,44.41,2.332,0.1859,,,,531.003937,489.1732283,916.8307087,844.6393143
2004,359,-117.080019,46.78283,2004_359,SW,,100,0,1,,,,,,,44.11,2.071,0.1728,,,,547.7362205,507.3818898,662.4015748,632.6307175
2004,360,-117.079601,46.782801,2004_360,SW,,100,0,1,,,,,,,44.83,2.414,0.1946,,,,399.1141732,372.5393701,666.3385827,620.06507
2004,371,-117.0842298,46.78296597,2004_371,WB,,100,0,1,,,,,,,45.28,1.695,0.1572,,,,714.0748031,678.6417323,796.7519685,721.3835391
2004,372,-117.083798,46.782964,2004_372,WP,,100,0,1,,,,,,,44.59,3.252,0.2589,,,,27,25.5,27,24.10714286
2004,373,-117.08338,46.783027,2004_373,SC,,100,0,1,,,,,,,61.542,3.4199,0.4249,,,,286,275,,
2004,374,-117.082962,46.782948,2004_374,SC,,100,0,1,,,,,,,60.426,3.8099,0.5306,,,,275,262.5,,
2004,375,-117.0825283,46.78300622,2004_375,SP,,100,0,1,,,,,,,42.59,3.786,0.1751,,,,281,261,,
2004,376,-117.082126,46.783054,2004_376,SP,,100,0,1,,,,,,,42.66,3.76,0.1836,,,,239.5,224.5,,
2004,377,-117.0816503,46.78282132,2004_377,SW,,100,0,1,,,,,,,45,2.512,0.1856,,,,565.9448819,532.9724409,1057.57874,981.4939387
2004,378,-117.08129,46.782995,2004_378,SW,,100,0,1,,,,,,,43.87,2.206,0.1568,,,,556.5944882,520.6692913,816.9291339,754.9551996
2004,379,-117.080872,46.782997,2004_379,SW,,100,0,1,,,,,,,44.53,2.455,0.1965,,,,630.9055118,592.519685,936.515748,888.4892994
2004,380,-117.080454,46.782853,2004_380,SW,,100,0,1,,,,,,,44.61,2.236,0.1856,,,,544.2913386,504.9212598,792.3228346,750.984252
2004,381,-117.080036,46.783116,2004_381,SW,,100,0,1,,,,,,,44.14,2.322,0.1919,,,,422.2440945,389.7637795,601.8700787,563.8208209
2004,394,-117.0839099,46.78312585,2004_394,WP,,100,0,1,,,,,,,45.12,3.336,0.2352,,,,478.5,448,,
2004,395,-117.083498,46.783313,2004_395,WP,,100,0,1,,,,,,,,,,,,,,,,
2004,396,-117.08308,46.783234,2004_396,SC,,100,0,1,,,,,,,61.199,3.3218,0.4776,,,,261,251,513,458.4255319
2004,397,-117.082662,46.783303,2004_397,SC,,100,0,1,,,,,,,61.113,3.4727,0.4541,,,,270.5,260,,
2004,398,-117.0822755,46.78335797,2004_398,SC,,100,0,1,,,,,,,61.757,3.3261,0.4176,,,,255,244.5,,
2004,399,-117.081826,46.783142,2004_399,SB,,100,0,1,,,,,,,44.86,1.464,0.1427,,,,572.3425197,537.8937008,761.8110236,677.1653543
2004,400,-117.081408,46.783281,2004_400,SB,,100,0,1,,,,,,,45.66,1.648,0.1517,,,,483.7598425,468.503937,611.7125984,586.64241
2004,401,-117.08099,46.783283,2004_401,SW,,100,0,1,,,,,,,44.61,2.332,0.1867,,,,538.3858268,499.015748,718.011811,673.1360728
2004,402,-117.080572,46.783139,2004_402,SW,,100,0,1,,,,,,,44.27,2.306,0.1891,,,,589.5669291,556.1023622,779.0354331,736.2834886
2004,419,-117.0832106,46.7834571,2004_419,WP,,100,0,1,,,,,,,,,,,,,,,,
2004,420,-117.0827709,46.78351532,2004_420,SC,,100,0,1,,,,,,,60.907,3.1823,0.5147,,,,260,250,518,447.7627119
2004,421,-117.0823668,46.78355231,2004_421,SC,,100,0,1,,,,,,,,,,,,,,,,
2004,422,-117.081933,46.783428,2004_422,SP,,100,0,1,,,,,,,42.47,3.805,0.232,,,,244.5,228.5,,
2004,423,-117.0814836,46.78355263,2004_423,SB,,100,0,1,,,,,,,45.36,1.929,0.1713,,,,545.2755906,514.7637795,,
2004,424,-117.081097,46.783569,2004_424,SB,,100,0,0,,,,,,,,,,,,,,,,
2004,425,-117.080679,46.783425,2004_425,SW,,100,0,1,,,,,,,44.08,1.949,0.1678,,,,523.6220472,486.2204724,699.3110236,660.8489173
2005,1,-117.087514,46.778729,2005_1,SW,,100,0,1,,,,,,,46.24000168,2.684999943,0.2228,,,,284.9409449,276.5748031,623.0314961,597.6016391
2005,2,-117.0870646,46.77869163,2005_2,SW,,100,0,1,,,,,,,46.36000061,2.555000067,0.2173,,,,319.3897638,308.5629921,979.3307087,943.588712
2005,3,-117.086678,46.778791,2005_3,SW,,100,0,1,,,,,,,45.15999985,2.128000021,0.2012,,,,370.0787402,360.7283465,679.1338583,645.6554286
2005,4,-117.08626,46.778761,2005_4,SW,,100,0,1,,,,,,,45.27000046,2.04399991,0.1777,,,,376.9685039,367.6181102,621.5551181,600.122183
2005,5,-117.085842,46.778666,2005_5,WW,,100,0,1,,,,,,,44.93000031,2.196000099,0.1869,,,,490.6496063,481.7913386,,
2005,6,-117.0854188,46.77877321,2005_6,WW,,100,0,1,,,,,,,45.16999817,2.424999952,0.2038,,,,461.1220472,453.2480315,,
2005,7,-117.085006,46.778632,2005_7,WW,,100,0,1,,,,,,,45.88999939,2.339999914,0.2099,,,,422.7362205,413.8779528,,
2005,8,-117.084588,46.778721,2005_8,WW,,100,0,1,,,,,,,45.36999893,2.244999886,0.1981,,,,530.019685,523.1299213,,
2005,9,-117.08417,46.778674,2005_9,WW,,100,0,1,,,,,,,46.45999908,1.807999969,0.18,,,,436.023622,428.1496063,,
2005,10,-117.083752,46.778737,2005_10,WW,,100,0,1,,,,,,,45.47000122,2.739000082,0.2207,,,,416.8307087,407.9724409,,
2005,11,-117.083334,46.778658,2005_11,WW,,100,0,1,,,,,,,45.79999924,2.983999968,0.2361,,,,412.8937008,404.0354331,,
2005,12,-117.0829398,46.77873108,2005_12,WW,,100,0,1,,,,,,,41.75999832,1.855000019,0.1804,,,,668.3070866,655.511811,,
2005,13,-117.082498,46.778764,2005_13,WL,,100,0,1,,,,,,,45.67,4.274,0.2775,,,,144,141,,
2005,14,-117.0816322,46.77868863,2005_14,SB,,100,0,1,,,,,,,45.23,1.699,0.1626,,,,472.4409449,469.488189,,
2005,15,-117.081244,46.778707,2005_15,SB,,100,0,1,,,,,,,45.5,1.594,0.1698,,,,349.4094488,345.4724409,,
2005,16,-117.080408,46.778826,2005_16,WB,,100,0,1,,,,,,,45.68,1.522,0.1662,,,,492.6168991,485.2337982,,
2005,17,-117.07999,46.778797,2005_17,SC,,100,0,1,,,,,,,,,,,,,,,,
2005,18,-117.0888801,46.77895174,2005_18,SW,,100,0,0,,,,,,,,,,,,,,,,
2005,19,-117.0884663,46.77882662,2005_19,SW,,100,0,1,,,,,,,46.09000015,2.632999897,0.2297,,,,240.1574803,233.7598425,692.9133858,652.4934383
2005,20,-117.088064,46.778867,2005_20,SW,,100,0,1,,,,,,,45.36000061,2.54399991,0.2332,,,,257.3818898,249.015748,484.7440945,464.3338168
2005,21,-117.087646,46.778842,2005_21,SW,,100,0,1,,,,,,,44.45000076,2.069999933,0.1934,,,,303.6417323,296.2598425,445.8661417,433.0046184
2005,22,-117.087228,46.779015,2005_22,SW,,100,0,1,,,,,,,43.44,2.31,0.1975,,,,297.2440945,290.3543307,455.2165354,438.1990949
2005,23,-117.086831,46.77900278,2005_23,SW,,100,0,1,,,,,,,45.54000092,2.029000044,0.1897,,,,455.2165354,444.3897638,757.3818898,709.7750281
2005,24,-117.086392,46.779077,2005_24,SW,,100,0,1,,,,,,,46.11999893,2.368000031,0.1975,,,,315.9448819,304.1338583,506.8897638,480.2113552
2005,25,-117.085974,46.779047,2005_25,SW,,100,0,1,,,,,,,44.70999908,2.00999999,0.1976,,,,285.4330709,279.5275591,489.1732283,446.8989987
2005,26,-117.085556,46.778952,2005_26,WW,,100,0,1,,,,,,,45.56000137,2.255000114,0.1937,,,,645.6692913,642.2244094,,
2005,27,-117.085117,46.77906282,2005_27,WW,,100,0,1,,,,,,,44.77000046,2.111000061,0.191,,,,700.2952756,690.9448819,,
2005,28,-117.08472,46.778918,2005_28,WW,,100,0,1,,,,,,,45.70999908,2.400000095,0.2201,,,,510.8267717,500.984252,,
2005,29,-117.084302,46.779007,2005_29,WW,,100,0,1,,,,,,,46.59999847,2.362999916,0.2101,,,,551.6732283,540.3543307,,
2005,30,-117.083884,46.77896,2005_30,WW,,100,0,1,,,,,,,45.58000183,2.085999966,0.1945,,,,292.3228346,284.9409449,,
2005,31,-117.083466,46.779023,2005_31,WW,,100,0,1,,,,,,,45.02999878,2.255000114,0.1952,,,,564.9606299,552.6574803,,
2005,32,-117.083048,46.778944,2005_32,WW,,100,0,1,,,,,,,45.61000061,1.851999998,0.168,,,,497.0472441,487.6968504,,
2005,33,-117.08263,46.779013,2005_33,WW,,100,0,1,,,,,,,47.04999924,2.819999933,0.2369,,,,347.4409449,338.5826772,,
2005,34,-117.082212,46.77905,2005_34,WL,,100,0,1,,,,,,,45.38,3.999,0.2285,,,,167.5,164,,
2005,35,-117.081794,46.778852,2005_35,WP,,100,0,1,,,,,,,44.86,2.962,0.28,,,,98.5,94.5,,
2005,36,-117.0814058,46.77900737,2005_36,WP,,100,0,1,,,,,,,48.61,3.563,0.2648,,,,56,53,,
2005,37,-117.080958,46.778993,2005_37,SB,,100,0,1,,,,,,,45.7,1.581,0.1604,,,,402.5590551,398.6220472,,
2005,38,-117.08054,46.778849,2005_38,WB,,100,0,1,,,,,,,45.88,1.623,0.1736,,,,358.9007383,353.1583265,,
2005,39,-117.080122,46.779112,2005_39,WB,,100,0,1,,,,,,,45.55,1.461,0.1399,,,,342.4938474,337.5717801,,
2005,40,-117.079704,46.779083,2005_40,SC,,100,0,1,,,,,,,57.928,4.3378,0.7739,,,,68.5,66.5,,
2005,41,-117.079286,46.779047,2005_41,SP,,100,0,1,,,,,,,,,,,,,,,,
2005,42,-117.0887062,46.77911338,2005_42,SW,,100,0,1,,,,,,,45.74,2.255,,,,,,,,
2005,43,-117.088318,46.779153,2005_43,SW,,100,0,1,,,,,,,45.74000168,2.255000114,0.1932,,,,283.9566929,275.5905512,572.8346457,567.4810508
2005,44,-117.0879,46.779128,2005_44,SW,,100,0,1,,,,,,,45.27000046,2.265000105,0.2037,,,,281.496063,274.1141732,465.5511811,448.1241315
2005,45,-117.0874635,46.77928833,2005_45,SW,,100,0,1,,,,,,,46.58000183,2.246999979,0.205,,,,306.1023622,297.7362205,417.3228346,396.9656232
2005,46,-117.087064,46.779278,2005_46,SW,,100,0,1,,,,,,,45.91999817,2.148999929,0.1849,,,,355.8070866,345.9645669,500.492126,474.7315019
2005,47,-117.086646,46.779363,2005_47,SW,,100,0,1,,,,,,,45.40999985,1.950000048,0.1818,,,,390.2559055,380.4133858,555.6102362,523.6326687
2005,48,-117.086228,46.779333,2005_48,SW,,100,0,1,,,,,,,46.41999817,2.628000021,0.2153,,,,311.023622,299.7047244,558.0708661,532.7040086
2005,49,-117.08581,46.779238,2005_49,SW,,100,0,1,,,,,,,45.13000107,2.055999994,0.1945,,,,387.7952756,379.9212598,635.3346457,607.0076233
2005,50,-117.0853355,46.77932123,2005_50,WW,,100,0,1,,,,,,,51.22000122,2.710999966,0.2482,,,,465.0590551,455.2165354,,
2005,51,-117.0849635,46.77919681,2005_51,WW,,100,0,1,,,,,,,45.34999847,2.092000008,0.1935,,,,516.7322835,507.8740157,,
2005,52,-117.084556,46.779293,2005_52,WW,,100,0,1,,,,,,,,,,,,,505.4133858,492.1259843,,
2005,53,-117.084138,46.779246,2005_53,WW,,100,0,1,,,,,,,45.41999817,2.397000074,0.2005,,,,531.496063,523.1299213,,
2005,54,-117.08372,46.779309,2005_54,WW,,100,0,1,,,,,,,45.50999832,2.076999903,0.1806,,,,642.7165354,628.9370079,,
2005,55,-117.083302,46.77923,2005_55,WW,,100,0,1,,,,,,,44.93999863,1.825999975,0.1457,,,,639.7637795,631.8897638,,
2005,56,-117.0829019,46.77931128,2005_56,WW,,100,0,1,,,,,,,45.34000015,2.351000071,0.2025,,,,492.1259843,486.7125984,,
2005,57,-117.082466,46.779336,2005_57,WW,,100,0,1,,,,,,,45.63000107,2.296000004,0.201,,,,619.0944882,613.1889764,,
2005,58,-117.082048,46.779138,2005_58,WL,,100,0,1,,,,,,,45.29,3.735,0.2489,,,,136.5,133.5,,
2005,59,-117.0816002,46.77925244,2005_59,WP,,100,0,1,,,,,,,45.03,2.891,0.2585,,,,140.5,136,,
2005,60,-117.081212,46.779279,2005_60,WP,,100,0,1,,,,,,,38.4,2.764,0.1848,,,,127,122,,
2005,61,-117.080794,46.779135,2005_61,SB,,100,0,1,,,,,,,45.67,1.787,0.1744,,,,591.5354331,586.6141732,,
2005,62,-117.0803999,46.77941847,2005_62,SB,,100,0,1,,,,,,,45.54,1.839,0.1952,,,,488.6811024,485.2362205,,
2005,63,-117.079958,46.779369,2005_63,WB,,100,0,1,,,,,,,45.22,1.33,0.1404,,,,578.7530763,571.7801477,,
2005,64,-117.07954,46.779333,2005_64,SC,,100,0,1,,,,,,,58.385,4.179,0.5784,,,,119.5,116,,
2005,65,-117.079122,46.779254,2005_65,SP,,100,0,1,,,,,,,,,,,,,,,,
2005,66,-117.0787339,46.77928646,2005_66,SP,,100,0,1,,,,,,,,,,,,,,,,
2005,67,-117.078286,46.779271,2005_67,SP,,100,0,1,,,,,,,,,,,,,,,,
2005,68,-117.088231,46.779439,2005_68,SW,,100,0,1,,,,,,,,,,,,,,,,
2005,69,-117.087813,46.779414,2005_69,SW,,100,0,1,,,,,,,45.38999939,2.559999943,0.2267,,,,324.8031496,312.5,672.7362205,629.3338837
2005,70,-117.087395,46.779587,2005_70,SW,,100,0,1,,,,,,,45.29999924,2.138000011,0.19,,,,345.4724409,338.0905512,511.8110236,493.1997137
2005,71,-117.086977,46.779564,2005_71,SW,,100,0,1,,,,,,,46.11999893,2.325999975,0.1791,,,,280.511811,273.6220472,408.4645669,389.7766456
2005,72,-117.086559,46.779649,2005_72,SW,,100,0,1,,,,,,,45.50999832,2.111000061,0.2107,,,,428.6417323,418.3070866,795.2755906,749.3059032
2005,73,-117.0861725,46.77963697,2005_73,SW,,100,0,1,,,,,,,45.56999969,2.11500001,0.2029,,,,404.0354331,396.1614173,673.2283465,654.5275591
2005,74,-117.0856916,46.77950963,2005_74,SW,,100,0,1,,,,,,,45.72999954,2.049000025,0.1802,,,,431.5944882,419.2913386,877.4606299,833.094643
2005,75,-117.085305,46.779642,2005_75,SW,,100,0,1,,,,,,,45.59000015,2.269999981,0.1937,,,,400.0984252,389.2716535,689.9606299,668.5665019
2005,76,-117.084887,46.77949,2005_76,WW,,100,0,1,,,,,,,44.95000076,2.151000023,0.1854,,,,296.7519685,293.7992126,,
2005,77,-117.084469,46.779579,2005_77,WW,,100,0,1,,,,,,,46.29000092,2.428999901,0.2056,,,,613.1889764,601.3779528,,
2005,78,-117.084051,46.779532,2005_78,WW,,100,0,1,,,,,,,45.24000168,2.180000067,0.1942,,,,789.3700787,780.019685,,
2005,79,-117.083633,46.779595,2005_79,WW,,100,0,1,,,,,,,44.93999863,2.135999918,0.1833,,,,652.5590551,637.3031496,,
2005,80,-117.083215,46.779516,2005_80,WW,,100,0,1,,,,,,,45.68000031,2.013000011,0.1806,,,,647.6377953,636.3188976,,
2005,81,-117.082797,46.779585,2005_81,WW,,100,0,1,,,,,,,43.06,1.878,0.157,,,,564.9606299,553.6417323,,
2005,82,-117.082379,46.779622,2005_82,WW,,100,0,1,,,,,,,45.04000092,2.450000048,0.2031,,,,460.6299213,454.2322835,,
2005,83,-117.081961,46.779424,2005_83,WL,,100,0,1,,,,,,,45.43,3.922,0.2442,,,,116,114,,
2005,84,-117.081543,46.779563,2005_84,WL,,100,0,1,,,,,,,45.88,3.941,0.2222,,,,161,158,,
2005,85,-117.081125,46.779565,2005_85,WP,,100,0,1,,,,,,,52.31,3.974,0.3131,,,,241.5,234,,
2005,86,-117.080707,46.779421,2005_86,SB,,100,0,1,,,,,,,45.67,1.732,0.1684,,,,440.4527559,438.484252,,
2005,87,-117.080289,46.779684,2005_87,SB,,100,0,1,,,,,,,44.97,1.799,0.1762,,,,488.6811024,487.2047244,,
2005,88,-117.079871,46.779655,2005_88,WB,,100,0,1,,,,,,,45.73,1.277,0.1268,,,,661.197703,652.9942576,,
2005,89,-117.079447,46.77960671,2005_89,SC,,100,0,1,,,,,,,58.999,4.2696,0.6059,,,,141.5,138,,
2005,90,-117.079035,46.77954,2005_90,SC,,100,0,1,,,,,,,59.524,4.2682,0.6166,,,,120,116.5,,
2005,91,-117.078617,46.779552,2005_91,SP,,100,0,1,,,,,,,,,,,,,,,,
2005,92,-117.078199,46.779557,2005_92,SP,,100,0,1,,,,,,,,,,,,,,,,
2005,93,-117.077781,46.779494,2005_93,SC,,100,0,1,,,,,,,58.747,4.289,0.6212,,,,95.5,93,,
2005,94,-117.077363,46.779658,2005_94,SC,,100,0,1,,,,,,,58.504,4.4731,0.6474,,,,90.5,87.5,,
2005,95,-117.088073,46.77971682,2005_95,SW,,100,0,0,,,,,,,,,,,,,,,,
2005,96,-117.087663,46.7797,2005_96,SW,,100,0,1,,,,,,,45.61999893,2.303999901,0.2143,,,,207.1850394,202.7559055,546.7519685,524.2054956
2005,97,-117.087245,46.779873,2005_97,SW,,100,0,1,,,,,,,45.34999847,2.368999958,0.2224,,,,369.0944882,359.7440945,563.976378,538.1059019
2005,98,-117.086827,46.77985,2005_98,SW,,100,0,1,,,,,,,45.06000137,1.980999947,0.1911,,,,413.8779528,401.5748031,623.0314961,596.8537021
2005,99,-117.086409,46.779935,2005_99,SW,,100,0,1,,,,,,,46.36000061,2.190999985,0.1978,,,,337.1062992,329.7244094,535.4330709,511.095204
2005,100,-117.085991,46.779905,2005_100,SW,,100,0,1,,,,,,,45.38000107,2.072000027,0.2051,,,,466.5354331,458.1692913,725.3937008,699.4867829
2005,101,-117.085573,46.77981,2005_101,SW,,100,0,1,,,,,,,46.16999817,2.499000072,0.2247,,,,478.8385827,464.5669291,911.9094488,862.8820591
2005,102,-117.085155,46.779928,2005_102,SW,,100,0,1,,,,,,,45.13999939,1.876000047,0.1833,,,,333.1692913,325.7874016,546.7519685,488.3908033
2005,103,-117.084737,46.779776,2005_103,WW,,100,0,1,,,,,,,45.15999985,2.048000097,0.1814,,,,573.3267717,567.9133858,,
2005,104,-117.0843452,46.77988297,2005_104,WW,,100,0,1,,,,,,,46.31000137,1.963000059,0.1883,,,,703.2480315,685.0393701,,
2005,105,-117.083901,46.779818,2005_105,WW,,100,0,1,,,,,,,45.54999924,1.899999976,0.2016,,,,652.5590551,643.7007874,,
2005,106,-117.083483,46.779881,2005_106,WW,,100,0,1,,,,,,,45.77000046,2.653000116,0.2126,,,,547.2440945,536.4173228,,
2005,107,-117.083065,46.779802,2005_107,WW,,100,0,1,,,,,,,44.91999817,1.629999995,0.1737,,,,382.3818898,375.492126,,
2005,108,-117.082647,46.779871,2005_108,WW,,100,0,1,,,,,,,45.59000015,1.786999941,0.1569,,,,578.2480315,571.8503937,,
2005,109,-117.0821935,46.77987977,2005_109,WW,,100,0,1,,,,,,,45.54000092,1.847000003,0.1794,,,,599.4094488,587.5984252,,
2005,110,-117.0817533,46.77967045,2005_110,WL,,100,0,1,,,,,,,45.68,4.066,0.2514,,,,117.5,115,,
2005,111,-117.081393,46.779849,2005_111,WL,,100,0,1,,,,,,,45.86,4.137,0.2422,,,,123.5,121,,
2005,112,-117.080975,46.779851,2005_112,WP,,100,0,1,,,,,,,45.13,3.17,0.269,,,,159.5,154,,
2005,113,-117.0805391,46.77969063,2005_113,SB,,100,0,1,,,,,,,45.39,1.649,0.135,,,,560.0393701,558.0708661,,
2005,114,-117.080139,46.77997,2005_114,SB,,100,0,1,,,,,,,45.93,1.62,0.1332,,,,409.9409449,406.988189,513.7795276,495.7521757
2005,115,-117.0797031,46.77992463,2005_115,WB,,100,0,1,,,,,,,45.63,1.439,0.1499,,,,415.0943396,408.9417555,,
2005,116,-117.079303,46.779905,2005_116,WB,,100,0,1,,,,,,,45.4,1.364,0.1389,,,,524.2001641,521.7392125,900.7383101,847.4051207
2005,117,-117.078885,46.779826,2005_117,SC,,100,0,1,,,,,,,60.289,3.977,0.5728,,,,164,160,395.5,379.3099415
2005,118,-117.078467,46.779838,2005_118,SP,,100,10.5,1,,,,,,,,,,,,,0,0,191.5,171.7867647
2005,119,-117.0780192,46.77982663,2005_119,SP,,100,0,1,,,,,,,,,,,,,,,,
2005,120,-117.077631,46.77978,2005_120,SP,,100,0,1,,,,,,,,,,,,,,,,
2005,121,-117.077213,46.779944,2005_121,SC,,100,0,1,,,,,,,59.593,4.5651,0.698,,,,36.5,35.5,,
2005,122,-117.087699,46.779986,2005_122,SW,,100,0,0,,,,,,,,,,,,,,,,
2005,123,-117.087281,46.780159,2005_123,SW,,100,0,1,,,,,,,45.79000092,2.200000048,0.2129,,,,369.5866142,357.7755906,557.0866142,523.6614173
2005,124,-117.086863,46.780136,2005_124,SW,,100,0,1,,,,,,,45.29999924,2.525000095,0.2092,,,,297.7362205,290.3543307,556.1023622,519.5700902
2005,125,-117.086445,46.780221,2005_125,SW,,100,0,1,,,,,,,42.88000107,1.69599998,0.1691,,,,382.3818898,374.015748,578.7401575,555.7438598
2005,126,-117.0860113,46.78018382,2005_126,SW,,100,0,1,,,,,,,45.90000153,1.881999969,0.1749,,,,302.1653543,294.7834646,401.0826772,383.8934196
2005,127,-117.0855933,46.78008882,2005_127,SW,,100,0,1,,,,,,,44.88000107,2.391000032,0.2032,,,,394.1929134,381.3976378,927.1653543,888.7998914
2005,128,-117.085191,46.780214,2005_128,SW,,100,0,1,,,,,,,45.58000183,2.79399991,0.2358,,,,297.7362205,291.8307087,682.0866142,661.6240157
2005,129,-117.084773,46.780062,2005_129,SW,,100,0,1,,,,,,,45.61999893,2.730999947,0.2329,,,,346.9488189,341.5354331,758.3661417,729.1982132
2005,130,-117.084355,46.780151,2005_130,WW,,100,0,1,,,,,,,45.25999832,2.032000065,0.1734,,,,588.5826772,573.3267717,,
2005,131,-117.083937,46.780104,2005_131,WW,,100,0,1,,,,,,,45.65999985,2.598999977,0.2297,,,,601.3779528,596.4566929,,
2005,132,-117.083519,46.780167,2005_132,WW,,100,0,1,,,,,,,44.90000153,2.039000034,0.1795,,,,569.3897638,553.1496063,,
2005,133,-117.083101,46.780088,2005_133,WW,,100,0,1,,,,,,,46.49000168,2.122999907,0.2056,,,,689.9606299,676.6732283,,
2005,134,-117.082683,46.780157,2005_134,WW,,100,0,1,,,,,,,44.79000092,1.907999992,0.1578,,,,600.8858268,590.0590551,,
2005,135,-117.082265,46.780194,2005_135,WW,,100,0,1,,,,,,,45.04999924,1.924999952,0.1594,,,,347.9330709,342.0275591,,
2005,136,-117.081847,46.779996,2005_136,WW,,100,0,1,,,,,,,45.40000153,2.15899992,0.187,,,,626.9685039,614.1732283,,
2005,137,-117.0814529,46.78014727,2005_137,WW,,100,0,1,,,,,,,45.02999878,2.253999949,0.1946,,,,494.5866142,485.7283465,,
2005,138,-117.081011,46.780137,2005_138,WL,,100,0,1,,,,,,,45.9,3.938,0.2568,,,,286.5,281,,
2005,139,-117.080593,46.779993,2005_139,WP,,100,0,1,,,,,,,38.87,3.338,0.206,,,,144.5,139,,
2005,140,-117.080175,46.780256,2005_140,WP,,100,0,1,,,,,,,45.25,3.142,0.2494,,,,82,79,,
2005,141,-117.079757,46.780227,2005_141,SB,,100,0,1,,,,,,,45.93,1.721,0.1483,,,,459.6456693,457.1850394,,
2005,142,-117.079339,46.780191,2005_142,WB,,100,0,1,,,,,,,45,1.626,0.1664,,,,461.4438064,455.2912223,,
2005,143,-117.0789031,46.78010382,2005_143,SC,,100,0,1,,,,,,,50.862,3.8424,0.5791,,,,116,113,,
2005,144,-117.078503,46.780124,2005_144,SC,,100,0,1,,,,,,,57.776,4.2921,0.6696,,,,106,103,,
2005,145,-117.078085,46.780129,2005_145,SP,,100,5.3,1,,,,,,,,,,,,,0,0,219.5,204.4230513
2005,146,-117.077667,46.780066,2005_146,SP,,100,0,1,,,,,,,,,,,,,,,,
2005,147,-117.077249,46.78023,2005_147,SP,,100,0,1,,,,,,,,,,,,,,,,
2005,148,-117.076831,46.780004,2005_148,SC,,100,0,1,,,,,,,59.344,4.2482,0.6199,,,,81.5,79,,
2005,149,-117.087103,46.780422,2005_149,SW,,100,0,1,,,,,,,,,,,,,,,,
2005,150,-117.086685,46.780507,2005_150,SW,,100,0,1,,,,,,,44.43999863,2.496000051,0.215,,,,250.984252,242.6181102,594.488189,541.4765033
2005,151,-117.0862251,46.78045544,2005_151,SW,,100,0,1,,,,,,,44.99000168,1.914000034,0.192,,,,391.7322835,378.9370079,599.9015748,563.172907
2005,152,-117.0858333,46.78037122,2005_152,SW,,100,0,1,,,,,,,45.33000183,2.250999928,0.2001,,,,329.2322835,322.3425197,711.1220472,688.1826264
2005,153,-117.085431,46.7805,2005_153,SW,,100,0,1,,,,,,,45.29999924,2.009000063,0.1854,,,,449.8031496,436.515748,683.0708661,648.4223439
2005,154,-117.085013,46.780348,2005_154,SW,,100,0,1,,,,,,,45.20000076,2.34800005,0.2167,,,,435.5314961,429.6259843,662.4015748,642.7748615
2005,155,-117.084595,46.780437,2005_155,SW,,100,0,1,,,,,,,45.40000153,1.924000025,0.1627,,,,355.8070866,347.9330709,531.988189,505.2214876
2005,156,-117.084177,46.78039,2005_156,WW,,100,0,1,,,,,,,44.63000107,2.282999992,0.1996,,,,604.8228346,582.1850394,,
2005,157,-117.083759,46.780453,2005_157,WW,,100,0,1,,,,,,,45.65999985,1.822000027,0.1929,,,,553.1496063,540.3543307,,
2005,158,-117.083341,46.780374,2005_158,WW,,100,0,1,,,,,,,46.59000015,1.90199995,0.1772,,,,599.4094488,587.5984252,,
2005,159,-117.082923,46.780443,2005_159,WW,,100,0,1,,,,,,,47.91999817,2.247999907,0.2171,,,,404.0354331,395.6692913,,
2005,160,-117.082505,46.78048,2005_160,WW,,100,0,1,,,,,,,51.83000183,2.739000082,0.2573,,,,332.6771654,326.2795276,,
2005,161,-117.082087,46.780282,2005_161,WW,,100,0,1,,,,,,,45.84999847,1.957999945,0.1838,,,,546.2598425,534.9409449,,
2005,162,-117.0816451,46.78040873,2005_162,WW,,100,0,1,,,,,,,45.36000061,2.361999989,0.1979,,,,457.1850394,447.8346457,,
2005,163,-117.081251,46.780423,2005_163,WW,,100,0,1,,,,,,,45.33000183,2.04399991,0.1923,,,,537.4015748,529.5275591,,
2005,164,-117.080833,46.780279,2005_164,WL,,100,0,1,,,,,,,45.32,3.805,0.2533,,,,160.5,157.5,282,271.3181818
2005,165,-117.080415,46.780542,2005_165,WL,,100,0,1,,,,,,,45.83,3.951,0.2711,,,,227.5,223.5,419.5,400.6762821
2005,166,-117.079997,46.780513,2005_166,WP,,100,0,1,,,,,,,45.47,3.767,0.2629,,,,104.5,101,516,516
2005,167,-117.079579,46.780477,2005_167,SB,,100,0,1,,,,,,,43.14,1.874,0.2107,,,,430.1181102,427.6574803,558.0708661,534.0160874
2005,168,-117.079161,46.780398,2005_168,WB,,100,0,1,,,,,,,45.7,1.666,0.17,,,,493.8474159,487.2846596,,
2005,169,-117.078743,46.78041,2005_169,WB,all rows taken for biomass.  The location had lodged barley so the area was harvested with a square of 1 meter by 2 meters.,100,0,1,,,,,,,44.62,1.455,0.1496,,,,761.5,742,702.5,671.5073529
2005,170,-117.078325,46.780415,2005_170,SC,,100,0,1,,,,,,,58.733,4.8814,0.6931,,,,114.5,111,351.5,335.4497717
2005,171,-117.077907,46.780352,2005_171,SP,,100,10.5,1,,,,,,,,,,,,,0,0,121,111.8679245
2005,172,-117.077489,46.780516,2005_172,SP,,100,10.5,1,,,,,,,,,,,,,0,0,112,105.1076923
2005,173,-117.077071,46.78029,2005_173,SP,,100,0,1,,,,,,,,,,,,,,,,
2005,174,-117.076653,46.780414,2005_174,SC,,100,0,1,,,,,,,61.162,3.795,0.6052,,,,134.5,131,,
2005,175,-117.086879,46.780708,2005_175,SW,,100,0,0,,,,,,,,,,,,,,,,
2005,176,-117.0864768,46.78080097,2005_176,SW,,100,0,1,,,,,,,45.34999847,2.311000109,0.2091,,,,398.1299213,383.8582677,774.6062992,734.6266193
2005,177,-117.086043,46.780763,2005_177,SW,,100,0,1,,,,,,,48.75,2.59800005,0.2429,,,,361.2204724,352.3622047,657.480315,629.0998697
2005,178,-117.085625,46.780668,2005_178,SW,,100,0,1,,,,,,,45.11999893,2.10800004,0.2004,,,,475.8858268,466.0433071,710.6299213,689.3110236
2005,179,-117.085207,46.780786,2005_179,SW,,100,0,1,,,,,,,45.52999878,2.150000095,0.2138,,,,495.5708661,479.8228346,552.6574803,525.9159893
2005,180,-117.084789,46.780634,2005_180,SW,,100,0,1,,,,,,,46.13999939,2.390000105,0.2189,,,,260.3346457,253.4448819,487.6968504,469.1767168
2005,181,-117.084371,46.780723,2005_181,SW,,100,0,1,,,,,,,44.56000137,1.794999957,0.1664,,,,263.2874016,256.3976378,343.503937,327.8901217
2005,182,-117.0839212,46.78065692,2005_182,WW,,100,0,1,,,,,,,42.00999832,1.588000059,0.1696,,,,586.1220472,575.7874016,,
2005,183,-117.083535,46.780739,2005_183,WW,,100,0,1,,,,,,,9.930999756,0.439799994,0.04028,,,,606.7913386,593.503937,,
2005,184,-117.083117,46.78066,2005_184,WW,,100,0,1,,,,,,,45.36000061,1.942000031,0.1558,,,,651.0826772,642.7165354,,
2005,185,-117.082699,46.780729,2005_185,WW,,100,0,1,,,,,,,45.93000031,2.157999992,0.1759,,,,651.0826772,636.8110236,,
2005,186,-117.082281,46.780766,2005_186,WW,,100,0,1,,,,,,,45.43000031,2.249000072,0.1927,,,,659.9409449,645.1771654,,
2005,187,-117.081863,46.780568,2005_187,WW,,100,0,1,,,,,,,43.81999969,2.14199996,0.1893,,,,488.1889764,477.3622047,,
2005,188,-117.081445,46.780707,2005_188,WW,,100,0,1,,,,,,,45.91999817,2.368999958,0.1999,,,,486.2204724,475.8858268,,
2005,189,-117.081027,46.780709,2005_189,WW,,100,0,1,,,,,,,46.74000168,2.388000011,0.2087,,,,569.8818898,558.0708661,,
2005,190,-117.080609,46.780565,2005_190,WL,,100,0,1,,,,,,,45.56,4.296,0.2517,,,,216,212,,
2005,191,-117.080191,46.780828,2005_191,WL,,100,0,1,,,,,,,45.35,3.643,0.2184,,,,153.5,150.5,,
2005,192,-117.079773,46.780799,2005_192,WP,,100,0,1,,,,,,,44.78,3.225,0.2603,,,,175.5,170,512,486.7160494
2005,193,-117.079355,46.780763,2005_193,SB,,100,0,1,,,,,,,45.32,1.901,0.1866,,,,535.4330709,531.003937,654.0354331,626.497099
2005,194,-117.0789131,46.78066353,2005_194,WB,,100,0,1,,,,,,,45.48,1.551,0.1646,,,,513.1255127,506.5627564,,
2005,195,-117.078519,46.780696,2005_195,WB,,100,10.5,1,,,,,,,45.37,1.505,0.1485,,,,420.4265792,412.633306,195.2420016,181.6599494
2005,196,-117.078101,46.780701,2005_196,SC,,100,0,1,,,,,,,61.718,3.4046,0.4559,,,,77,75,288,274.3937008
2005,197,-117.077683,46.780638,2005_197,SP,,100,0,1,,,,,,,,,,,,,,,,
2005,198,-117.077265,46.780802,2005_198,SP,,100,0,1,,,,,,,,,,,,,,,,
2005,199,-117.076847,46.780576,2005_199,SP,,100,0,1,,,,,,,,,,,,,,,,
2005,200,-117.0866262,46.7810531,2005_200,SW,,100,0,0,,,,,,,,,,,,,,,,
2005,201,-117.086242,46.781049,2005_201,SW,,100,0,1,,,,,,,45.75,2.065000057,0.2001,,,,311.023622,302.1653543,520.1771654,489.5785086
2005,202,-117.085824,46.780954,2005_202,SW,,100,0,1,,,,,,,45.70999908,2.476000071,0.2053,,,,416.3385827,405.511811,858.7598425,805.4575075
2005,203,-117.085406,46.781072,2005_203,SW,,100,0,1,,,,,,,44.70999908,2.388000011,0.1964,,,,412.8937008,403.0511811,662.4015748,632.9615048
2005,204,-117.084988,46.78092,2005_204,SW,,100,0,1,,,,,,,45.41999817,2.25999999,0.2132,,,,468.996063,453.2480315,741.6338583,706.8697712
2005,205,-117.08457,46.781009,2005_205,SW,,100,0,1,,,,,,,45.06000137,2.417000055,0.2381,,,,499.507874,483.7598425,971.9488189,922.2872004
2005,206,-117.084152,46.780962,2005_206,SW,,100,0,1,,,,,,,44.5,1.950999975,0.1838,,,,425.1968504,414.8622047,689.9606299,659.6991988
2005,207,-117.083755,46.78103938,2005_207,SW,,100,0,1,,,,,,,44.72000122,2.082999945,0.1909,,,,476.8700787,468.996063,820.8661417,786.8992669
2005,208,-117.083316,46.780946,2005_208,WW,,100,0,1,,,,,,,45.43999863,1.944000006,0.1905,,,,596.9488189,587.5984252,,
2005,209,-117.082898,46.781015,2005_209,WW,,100,0,1,,,,,,,45.52999878,2.035000086,0.1798,,,,557.5787402,548.2283465,,
2005,210,-117.08248,46.781052,2005_210,WW,,100,0,1,,,,,,,45.25999832,1.988000035,0.1615,,,,682.0866142,671.2598425,,
2005,211,-117.082062,46.780854,2005_211,WW,,100,0,1,,,,,,,46.08000183,1.608999968,0.1516,,,,580.2165354,565.9448819,,
2005,212,-117.081644,46.780993,2005_212,WW,,100,0,1,,,,,,,,,,,,,,,,
2005,213,-117.081226,46.780995,2005_213,WW,,100,0,1,,,,,,,45.56000137,2.138999939,0.1845,,,,791.3385827,779.5275591,,
2005,214,-117.080808,46.780851,2005_214,WW,,100,0,1,,,,,,,45.95000076,2.319999933,0.2122,,,,587.5984252,576.2795276,,
2005,215,-117.0804377,46.78111806,2005_215,WW,,100,0,1,,,,,,,46.09999847,3.23300004,0.2584,,,,376.9685039,367.6181102,,
2005,216,-117.079972,46.781085,2005_216,WL,,100,0,1,,,,,,,45.65,4.094,0.2586,,,,119,116,429,412.6259542
2005,217,-117.079554,46.781049,2005_217,WP,,100,0,1,,,,,,,45.06,3.193,0.2309,,,,308.5,300,639,622.7542373
2005,218,-117.079136,46.78097,2005_218,SB,,100,0,1,,,,,,,45.67,1.597,0.1603,,,,572.8346457,565.9448819,,
2005,219,-117.078718,46.780982,2005_219,SB,,100,0,1,,,,,,,45.24,1.582,0.1599,,,,477.3622047,472.9330709,,
2005,220,-117.0783,46.780987,2005_220,WB,,100,0,1,,,,,,,45.63,1.519,0.1573,,,,337.9819524,331.8293683,472.5184578,442.6751867
2005,221,-117.077882,46.780924,2005_221,SC,,100,0,1,,,,,,,61.986,3.5647,0.5194,,,,87,85,344,333.8823529
2005,222,-117.077464,46.781088,2005_222,SC,,100,0,1,,,,,,,61.505,3.5669,0.5083,,,,107,104,,
2005,223,-117.077046,46.780862,2005_223,SP,,100,10.5,1,,,,,,,,,,,,,0,0,195.5,180.745283
2005,224,-117.076628,46.780986,2005_224,SP,,100,0,1,,,,,,,,,,,,,,,,
2005,225,-117.086295,46.781365,2005_225,SW,,100,0,0,,,,,,,,,,,,,,,,
2005,226,-117.0858613,46.78132062,2005_226,SW,,100,0,1,,,,,,,46.68999863,2.512000084,0.2116,,,,356.2992126,343.996063,698.8188976,647.0545348
2005,227,-117.0854328,46.78122203,2005_227,SW,,100,0,1,,,,,,,44.90000153,1.758000016,0.1739,,,,320.8661417,310.5314961,373.0314961,354.0637929
2005,228,-117.085041,46.781358,2005_228,SW,,100,0,1,,,,,,,45.65000153,2.381999969,0.2095,,,,244.0944882,238.1889764,419.2913386,397.453248
2005,229,-117.084623,46.781206,2005_229,SW,,100,0,1,,,,,,,45.63999939,2.036000013,0.1856,,,,476.3779528,466.5354331,861.7125984,788.686107
2005,230,-117.084205,46.781295,2005_230,SW,,100,0,1,,,,,,,43.11,2.099,0.1832,,,,342.0275591,335.6299213,544.7834646,514.0914384
2005,231,-117.083787,46.781248,2005_231,SW,,100,0,1,,,,,,,44.86999893,1.965000033,0.187,,,,404.5275591,396.6535433,658.4645669,633.300316
2005,232,-117.0832823,46.78127044,2005_232,WW,,100,0,1,,,,,,,45.68000031,2.467999935,0.211,,,,499.015748,494.5866142,,
2005,233,-117.082951,46.781232,2005_233,WW,,100,0,1,,,,,,,44.93000031,1.952000022,0.1801,,,,594.488189,584.6456693,,
2005,234,-117.082533,46.781301,2005_234,WW,,100,0,1,,,,,,,45.70000076,2.33100009,0.1897,,,,507.8740157,500.492126,,
2005,235,-117.082115,46.781338,2005_235,WW,,100,0,1,,,,,,,45.47000122,1.623000026,0.1327,,,,594.980315,584.6456693,,
2005,236,-117.081697,46.78114,2005_236,WW,,100,0,1,,,,,,,45.27999878,1.888000011,0.1819,,,,638.7795276,632.3818898,,
2005,237,-117.0812437,46.78126348,2005_237,WW,,100,0,1,,,,,,,44.59999847,2.167999983,0.1905,,,,579.7244094,574.8031496,,
2005,238,-117.080861,46.781281,2005_238,WW,,100,0,1,,,,,,,45.15000153,2.003000021,0.1765,,,,624.015748,619.0944882,,
2005,239,-117.080455,46.78115338,2005_239,WW,,100,0,1,,,,,,,44.86999893,1.878999949,0.174,,,,522.1456693,516.7322835,,
2005,240,-117.0801105,46.78144636,2005_240,WW,,100,0,1,,,,,,,45.47999954,2.829999924,0.2348,,,,432.0866142,424.7047244,,
2005,241,-117.079607,46.781371,2005_241,WL,,100,0,1,,,,,,,45.46,4.14,0.2734,,,,131.5,129.5,562.5,537.6106195
2005,242,-117.079189,46.781335,2005_242,WP,,100,0,1,,,,,,,45,3.325,0.2284,,,,205.5,198,674.5,645.173913
2005,243,-117.078771,46.781256,2005_243,SB,,100,0,1,,,,,,,45.98,2.12,0.1819,,,,357.2834646,354.8228346,601.3779528,573.1883612
2005,244,-117.0783888,46.78129255,2005_244,SB,,100,0,1,,,,,,,44.78,1.653,0.1611,,,,475.3937008,469.488189,,
2005,245,-117.077935,46.781273,2005_245,WB,,100,0,1,,,,,,,45.26,1.648,0.1593,,,,592.2887613,582.4444217,331.4191961,312.0864096
2005,246,-117.077517,46.78121,2005_246,SC,,100,0,1,,,,,,,60.359,4.1375,0.5601,,,,113,110,372.5,354.9292453
2005,247,-117.077099,46.781374,2005_247,SC,,100,0,1,,,,,,,58.372,4.1978,0.6868,,,,144,140,,
2005,248,-117.0766989,46.78116437,2005_248,SP,,100,0,1,,,,,,,,,,,,,,,,
2005,249,-117.085864,46.781526,2005_249,SW,,100,0,1,,,,,,,45.86000061,2.280999899,0.2184,,,,414.8622047,404.0354331,825.7874016,781.449823
2005,250,-117.085446,46.781644,2005_250,SW,,100,0,1,,,,,,,45.34000015,2.288000107,0.2203,,,,392.7165354,384.3503937,807.5787402,778.4768036
2005,251,-117.085028,46.781492,2005_251,SW,,100,0,1,,,,,,,45.63000107,1.860000014,0.1599,,,,341.5354331,333.6614173,569.3897638,542.906519
2005,252,-117.0845785,46.78155584,2005_252,SW,,100,0,1,,,,,,,45.45999908,2.664000034,0.2445,,,,331.6929134,325.7874016,605.3149606,580.6082275
2005,253,-117.084192,46.781534,2005_253,SW,,100,0,1,,,,,,,45.5,1.99000001,0.1957,,,,407.9724409,400.5905512,726.3779528,703.0966081
2005,254,-117.083774,46.781597,2005_254,SW,,100,0,1,,,,,,,45.27000046,2.549000025,0.2033,,,,373.523622,365.1574803,852.8543307,827.5845728
2005,255,-117.083356,46.781518,2005_255,SW,,100,0,1,,,,,,,44.84999847,1.674999952,0.1667,,,,387.7952756,375.984252,472.4409449,458.6470487
2005,256,-117.082938,46.781587,2005_256,WW,,100,0,1,,,,,,,45.31999969,1.896999955,0.1761,,,,580.2165354,568.8976378,,
2005,257,-117.08252,46.781624,2005_257,WW,,100,0,1,,,,,,,45.24000168,2.298000097,0.1998,,,,513.7795276,505.4133858,,
2005,258,-117.082102,46.781426,2005_258,WW,,100,0,1,,,,,,,45.90999985,2.184000015,0.2034,,,,679.6259843,669.7834646,,
2005,259,-117.081684,46.781565,2005_259,WW,,100,0,1,,,,,,,43.77999878,1.904000044,0.1722,,,,517.7165354,509.3503937,,
2005,260,-117.081266,46.781567,2005_260,WW,,100,0,1,,,,,,,43.59000015,1.968000054,0.165,,,,573.8188976,563.484252,874.507874,863.0011915
2005,261,-117.080848,46.781423,2005_261,WW,,100,0,1,,,,,,,45.5,2.176000118,0.1844,,,,511.3188976,503.4448819,,
2005,262,-117.08043,46.781686,2005_262,WW,,100,0,1,,,,,,,45.31999969,2.177000046,0.1854,,,,582.1850394,575.2952756,,
2005,263,-117.080012,46.781657,2005_263,WW,,100,0,1,,,,,,,43.82,2.251,0.1814,,,,385.8267717,380.4133858,,
2005,264,-117.079594,46.781621,2005_264,WL,,100,0,1,,,,,,,45.22,4.105,0.2502,,,,240.5,235,,
2005,265,-117.0791581,46.78153382,2005_265,WP,,100,0,1,,,,,,,9.947,0.742,0.06203,,,,199.5,191,,
2005,266,-117.078758,46.781554,2005_266,WP,,100,0,1,,,,,,,44.42,3.469,0.2606,,,,77,74.5,457.5,436.0546875
2005,267,-117.07834,46.781559,2005_267,SB,,100,0,1,,,,,,,45.94,1.969,0.1733,,,,680.6102362,669.2913386,912.8937008,880.2903543
2005,268,-117.077922,46.781496,2005_268,WB,,100,0,1,,,,,,,45.33,1.401,0.1579,,,,615.2584085,601.7227235,,
2005,269,-117.077504,46.78166,2005_269,WB,,100,0,1,,,,,,,45.67,1.68,0.1761,,,,465.5455291,458.1624282,,
2005,270,-117.077086,46.781434,2005_270,SC,,100,0,1,,,,,,,60.388,3.8096,0.5951,,,,97.5,95,,
2005,271,-117.076668,46.781558,2005_271,SP,,100,0,1,,,,,,,,,,,,,,,,
2005,272,-117.08559,46.781812,2005_272,SW,,100,0,1,,,,,,,45.84000015,2.282000065,0.1939,,,,321.8503937,312.992126,664.3700787,622.8469488
2005,273,-117.085172,46.78193,2005_273,SW,,100,0,1,,,,,,,45.5,2.542000055,0.2326,,,,349.4094488,338.5826772,795.7677165,760.1363262
2005,274,-117.084754,46.781778,2005_274,SW,,100,0,1,,,,,,,45.93999863,2.371000051,0.1985,,,,302.1653543,293.7992126,536.4173228,515.4635212
2005,275,-117.084357,46.78187778,2005_275,SW,,100,0,1,,,,,,,45.31000137,2.286000013,0.1899,,,,477.8543307,467.519685,848.9173228,802.1266043
2005,276,-117.083918,46.78182,2005_276,SW,,100,0,1,,,,,,,44.68000031,1.978999972,0.1782,,,,429.6259843,422.7362205,622.5393701,593.0949404
2005,277,-117.0835,46.781883,2005_277,SW,,100,0,1,,,,,,,47.93000031,2.776000023,0.2265,,,,257.3818898,251.9685039,431.5944882,408.7069017
2005,278,-117.083082,46.781804,2005_278,SW,,100,0,1,,,,,,,44.81999969,2.213000059,0.2141,,,,436.023622,423.2283465,767.7165354,733.9176943
2005,279,-117.0826501,46.78185937,2005_279,WW,,100,0,1,,,,,,,44.99000168,1.988999963,0.1736,,,,424.2125984,417.8149606,,
2005,280,-117.082246,46.78191,2005_280,WW,,100,0,1,,,,,,,45.58000183,2.246999979,0.213,,,,483.2677165,475.3937008,,
2005,281,-117.0818123,46.78170481,2005_281,WW,,100,0,1,,,,,,,50.88000107,2.239000082,0.2077,,,,504.9212598,496.0629921,,
2005,282,-117.08141,46.781851,2005_282,WW,,100,0,1,,,,,,,45.61999893,1.963999987,0.1808,,,,616.1417323,608.2677165,,
2005,283,-117.080992,46.781853,2005_283,WW,,100,0,1,,,,,,,45.29999924,2.242000103,0.2104,,,,554.1338583,550.1968504,841.0433071,823.702208
2005,284,-117.080574,46.781709,2005_284,WW,,100,0,1,,,,,,,45.34999847,2.190000057,0.2036,,,,525.5905512,521.6535433,,
2005,285,-117.080156,46.781972,2005_285,WW,,100,0,1,,,,,,,45.38000107,1.700999975,0.1599,,,,544.7834646,536.4173228,,
2005,286,-117.079738,46.781943,2005_286,WW,,100,0,1,,,,,,,45.63999939,2.400000095,0.1886,,,,636.3188976,631.3976378,,
2005,287,-117.07932,46.781907,2005_287,WL,,100,0,1,,,,,,,45.88,4.476,0.2594,,,,133,129.5,695,636.8169305
2005,288,-117.0788662,46.78180208,2005_288,WP,,100,0,1,,,,,,,44.83,3.049,0.236,,,,219.5,211,,
2005,289,-117.078484,46.78184,2005_289,WP,,100,0,1,,,,,,,44.49,3.207,0.2633,,,,108,103.5,,
2005,290,-117.078066,46.781845,2005_290,SB,,100,0,1,,,,,,,44.93,1.939,0.183,,,,520.1771654,515.2559055,,
2005,291,-117.077648,46.781782,2005_291,WB,,100,0,1,,,,,,,45.88,1.667,0.1744,,,,398.2772765,392.5348646,,
2005,292,-117.07723,46.781946,2005_292,WB,,100,0,0,,,,,,,,,,,,,,,,
2005,293,-117.076812,46.78172,2005_293,SC,,100,0,1,,,,,,,60.467,3.9983,0.6094,,,,134,130,,
2005,297,-117.085536,46.782098,2005_297,SW,,100,0,0,,,,,,,,,,,,,,,,
2005,298,-117.085118,46.782216,2005_298,SW,,100,0,1,,,,,,,45.22999954,2.407999992,0.2126,,,,188.484252,184.0551181,426.1811024,404.6023124
2005,299,-117.0847,46.782064,2005_299,SW,,100,0,1,,,,,,,45.70000076,2.144999981,0.1937,,,,350.3937008,340.0590551,700.7874016,673.0334451
2005,300,-117.084282,46.782153,2005_300,SW,,100,0,1,,,,,,,45.63999939,2.302000046,0.1859,,,,424.2125984,411.4173228,781.003937,756.011811
2005,301,-117.083864,46.782106,2005_301,SW,,100,0,1,,,,,,,45.52000046,2.107000113,0.2198,,,,453.2480315,445.8661417,802.6574803,760.4123498
2005,302,-117.0834303,46.78215462,2005_302,SW,,100,0,1,,,,,,,44.84999847,2.470000029,0.224,,,,320.8661417,312.992126,670.7677165,643.0500423
2005,303,-117.0830123,46.78207922,2005_303,SW,,100,0,1,,,,,,,42.84,2.013,0.1761,,,,418.3070866,411.4173228,687.5,655.0707547
2005,304,-117.08261,46.782159,2005_304,SW,,100,0,1,,,,,,,45.02000046,2.171000004,0.2026,,,,391.7322835,384.3503937,517.2244094,496.0266878
2005,305,-117.082192,46.782196,2005_305,WW,,100,0,1,,,,,,,45.11000061,1.822000027,0.1671,,,,555.1181102,541.8307087,,
2005,306,-117.081774,46.781998,2005_306,WW,,100,0,1,,,,,,,45.20999908,2.132999897,0.1832,,,,619.5866142,605.3149606,,
2005,307,-117.081356,46.782137,2005_307,WW,,100,0,1,,,,,,,45.91999817,2.355999947,0.1885,,,,378.4448819,376.9685039,,
2005,308,-117.080938,46.782139,2005_308,WW,,100,0,1,,,,,,,44.95999908,2.186000109,0.1888,,,,610.7283465,599.9015748,965.5511811,946.9828892
2005,309,-117.080499,46.78197702,2005_309,WW,,100,0,1,,,,,,,42.88999939,1.985000014,0.1571,,,,530.511811,520.1771654,,
2005,310,-117.080102,46.782258,2005_310,WW,,100,0,1,,,,,,,46.27000046,1.730999947,0.1837,,,,610.2362205,596.9488189,,
2005,311,-117.079684,46.782229,2005_311,WW,,100,0,1,,,,,,,44.99000168,2.003999949,0.1706,,,,608.7598425,597.9330709,,
2005,312,-117.0793018,46.78221346,2005_312,WW,,100,0,1,,,,,,,45.59999847,2.315000057,0.2034,,,,557.5787402,548.7204724,,
2005,313,-117.078848,46.782114,2005_313,WL,,100,0,1,,,,,,,46.1,4.222,0.2258,,,,238.5,232.5,,
2005,314,-117.07843,46.782126,2005_314,WP,,100,0,1,,,,,,,45.11,2.913,0.2432,,,,100.5,97,,
2005,315,-117.0780418,46.78214737,2005_315,WP,,100,0,0,,,,,,,,,,,,,,,,
2005,316,-117.077594,46.782068,2005_316,SB,,100,0,1,,,,,,,45.47,2.04,0.1725,,,,528.0511811,512.3031496,,
2005,323,-117.0851352,46.78249247,2005_323,SW,,100,0,0,,,,,,,,,,,,,,,,
2005,324,-117.084751,46.78235,2005_324,SW,,100,0,1,,,,,,,45.72999954,2.727999926,0.2346,,,,226.3779528,221.4566929,724.4094488,693.1849036
2005,325,-117.084333,46.782439,2005_325,SW,,100,0,1,,,,,,,43.17,2.266,0.1884,,,,323.8188976,312.992126,658.9566929,618.4055118
2005,326,-117.083915,46.782392,2005_326,SW,,100,0,1,,,,,,,45.18999863,2.101000071,0.1989,,,,435.5314961,428.6417323,792.3228346,760.4172171
2005,327,-117.083497,46.782455,2005_327,SW,,100,0,1,,,,,,,45.36999893,2.059000015,0.1782,,,,419.2913386,410.9251969,692.9133858,656.9845436
2005,328,-117.083079,46.782376,2005_328,SW,,100,0,1,,,,,,,45.45999908,2.358999968,0.2014,,,,407.480315,393.2086614,667.8149606,637.4597351
2005,329,-117.0826453,46.78243781,2005_329,SW,,100,0,1,,,,,,,45.33000183,2.153000116,0.2022,,,,415.3543307,402.5590551,598.9173228,572.4165563
2005,330,-117.082243,46.782482,2005_330,SW,,100,0,1,,,,,,,46.02000046,2.576999903,0.2042,,,,420.2755906,406.988189,909.4488189,863.5942566
2005,331,-117.081825,46.782284,2005_331,WW,,100,0,1,,,,,,,45.83000183,2.177999973,0.1954,,,,522.1456693,516.7322835,,
2005,332,-117.081407,46.782423,2005_332,WW,,100,0,1,,,,,,,45.61000061,1.769999981,0.1764,,,,517.2244094,510.3346457,,
2005,333,-117.080989,46.782425,2005_333,WW,,100,0,1,,,,,,,45.70000076,1.958999991,0.1759,,,,611.2204724,602.3622047,,
2005,334,-117.080571,46.782281,2005_334,WW,,100,0,1,,,,,,,45.43999863,1.888000011,0.1711,,,,625,614.6653543,809.0551181,787.7641939
2005,335,-117.080153,46.782544,2005_335,WW,,100,0,1,,,,,,,45.36000061,1.92900002,0.1659,,,,605.3149606,595.9645669,769.6850394,748.3048994
2005,336,-117.079735,46.782515,2005_336,WW,,100,0,1,,,,,,,45.49000168,2.130000114,0.1956,,,,658.9566929,578.7401575,,
2005,337,-117.079317,46.782479,2005_337,WW,,100,0,1,,,,,,,45.86000061,1.75999999,0.171,,,,521.6535433,510.3346457,,
2005,338,-117.0788911,46.78239455,2005_338,WL,,100,0,1,,,,,,,45.67,3.712,0.273,,,,200.5,194,,
2005,348,-117.084617,46.782636,2005_348,SW,,100,0,1,,,,,,,45.16999817,2.13499999,0.2005,,,,379.4291339,369.5866142,902.0669291,858.5938241
2005,349,-117.084199,46.782725,2005_349,SW,,100,0,1,,,,,,,44.52000046,2.10800004,0.1938,,,,345.4724409,335.6299213,760.3346457,722.9411385
2005,350,-117.083781,46.782678,2005_350,SW,,100,0,1,,,,,,,45.88999939,2.510999918,0.2062,,,,415.3543307,406.003937,743.1102362,711.6225143
2005,351,-117.083363,46.782741,2005_351,SW,,100,0,1,,,,,,,45.15999985,2.08100009,0.2244,,,,379.4291339,372.0472441,618.6023622,589.6053765
2005,352,-117.0829188,46.78264763,2005_352,SW,,100,0,1,,,,,,,44.49000168,2.460999966,0.2235,,,,369.0944882,361.2204724,646.6535433,625.0984252
2005,353,-117.082527,46.782731,2005_353,SW,,100,0,1,,,,,,,45.97999954,2.46600008,0.214,,,,418.3070866,407.9724409,673.2283465,639.5669291
2005,354,-117.082109,46.782768,2005_354,SW,,100,0,1,,,,,,,44.97000122,1.899999976,0.1863,,,,414.8622047,406.003937,644.1929134,615.5621172
2005,355,-117.081691,46.78257,2005_355,WW,,100,0,1,,,,,,,45.02000046,1.792999983,0.1698,,,,623.0314961,616.6338583,,
2005,356,-117.081273,46.782709,2005_356,WW,,100,0,1,,,,,,,45.97999954,2.335000038,0.1979,,,,376.476378,367.6181102,,
2005,357,-117.080855,46.782711,2005_357,WW,,100,0,1,,,,,,,46.06000137,2.392999887,0.2048,,,,482.7755906,478.3464567,,
2005,358,-117.0804141,46.78255608,2005_358,WW,,100,0,1,,,,,,,44.11999893,1.531000018,0.1481,,,,448.8188976,442.9133858,,
2005,359,-117.080019,46.78283,2005_359,WW,,100,0,1,,,,,,,45.41999817,2.194999933,0.1844,,,,526.0826772,518.7007874,,
2005,360,-117.079601,46.782801,2005_360,WW,,100,0,1,,,,,,,45.90999985,2.867000103,0.2222,,,,540.3543307,533.9566929,,
2005,371,-117.0842298,46.78296597,2005_371,SW,,100,0,1,,,,,,,46.66999817,2.933000088,0.232,,,,387.3031496,379.4291339,1169.291339,1106.426213
2005,372,-117.083798,46.782964,2005_372,SW,,100,0,1,,,,,,,44.68000031,2.045000076,0.1961,,,,324.8031496,316.9291339,661.9094488,643.2641122
2005,373,-117.08338,46.783027,2005_373,SW,,100,0,1,,,,,,,45.25,2.313999891,0.2123,,,,360.7283465,352.8543307,722.9330709,696.9282841
2005,374,-117.082962,46.782948,2005_374,SW,,100,0,1,,,,,,,45.22999954,2.042000055,0.1872,,,,459.6456693,445.8661417,806.1023622,757.4582541
2005,375,-117.0825283,46.78300622,2005_375,SW,,100,0,1,,,,,,,45.61999893,2.226999998,0.2159,,,,448.3267717,439.4685039,777.0669291,738.975413
2005,376,-117.082126,46.783054,2005_376,SW,,100,0,1,,,,,,,45.34000015,2.375,0.2224,,,,374.015748,367.6181102,532.480315,509.5285772
2005,377,-117.0816503,46.78282132,2005_377,WW,,100,0,1,,,,,,,45.74000168,2.173000097,0.2017,,,,602.3622047,589.0748031,,
2005,378,-117.08129,46.782995,2005_378,WW,,100,0,1,,,,,,,44.61999893,1.715999961,0.1533,,,,471.9488189,456.6929134,,
2005,379,-117.080872,46.782997,2005_379,WW,,100,0,1,,,,,,,45.38000107,2.157999992,0.1961,,,,673.2283465,664.3700787,,
2005,380,-117.080454,46.782853,2005_380,WW,,100,0,1,,,,,,,45.79000092,2.407000065,0.2125,,,,650.5905512,632.8740157,,
2005,381,-117.080036,46.783116,2005_381,WW,,100,0,1,,,,,,,45.83000183,2.765000105,0.2256,,,,488.1889764,477.8543307,,
2005,394,-117.0839099,46.78312585,2005_394,SW,,100,0,1,,,,,,,45.27999878,2.563999891,0.2194,,,,258.8582677,252.4606299,586.6141732,569.1899899
2005,395,-117.083498,46.783313,2005_395,SW,,100,0,1,,,,,,,43.75,2.366,0.1935,,,,337.5984252,331.6929134,670.2755906,636.761811
2005,396,-117.08308,46.783234,2005_396,SW,,100,0,1,,,,,,,45.81999969,2.165999889,0.2064,,,,310.5314961,304.6259843,396.1614173,375.1528573
2005,397,-117.082662,46.783303,2005_397,SW,,100,0,1,,,,,,,45.68000031,1.980999947,0.2018,,,,409.4488189,401.5748031,564.9606299,556.4649814
2005,398,-117.0822755,46.78335797,2005_398,SW,,100,0,1,,,,,,,44.59000015,2.089999914,0.2029,,,,438.976378,430.1181102,729.8228346,700.4339957
2005,399,-117.081826,46.783142,2005_399,SW,,100,0,1,,,,,,,44.99000168,1.876000047,0.1849,,,,387.7952756,382.3818898,621.5551181,591.7545303
2005,400,-117.081408,46.783281,2005_400,SW,,100,0,1,,,,,,,45.77000046,2.056999922,0.1838,,,,300.1968504,291.8307087,629.4291339,592.6443143
2005,401,-117.08099,46.783283,2005_401,WW,,100,0,1,,,,,,,44.65000153,1.978000045,0.178,,,,539.3700787,524.1141732,,
2005,402,-117.080572,46.783139,2005_402,WW,,100,0,1,,,,,,,47.02999878,2.546000004,0.211,,,,491.6338583,482.2834646,,
2005,419,-117.0832106,46.7834571,2005_419,SW,,100,0,1,,,,,,,45.11000061,2.676000118,0.2349,,,,340.0590551,328.7401575,936.023622,886.7592209
2005,420,-117.0827709,46.78351532,2005_420,SW,,100,0,1,,,,,,,45.88999939,2.733999968,0.2325,,,,297.2440945,289.8622047,837.5984252,804.8797367
2005,421,-117.0823668,46.78355231,2005_421,SW,,100,0,1,,,,,,,50.34000015,2.723999977,0.2439,,,,244.0944882,238.1889764,712.1062992,674.2953453
2005,422,-117.081933,46.783428,2005_422,SW,,100,0,1,,,,,,,45.72000122,2.618000031,0.2162,,,,355.8070866,345.9645669,773.1299213,723.6496063
2005,423,-117.0814836,46.78355263,2005_423,SW,,100,0,1,,,,,,,46.63000107,3.114000082,0.2343,,,,501.476378,486.7125984,1156.988189,1109.764181
2005,424,-117.081097,46.783569,2005_424,SW,,100,0,1,,,,,,,45.41999817,2.720999956,0.2369,,,,441.9291339,434.5472441,693.4055118,648.462562
2005,425,-117.080679,46.783425,2005_425,WW,,100,0,1,,,,,,,44.74000168,2.355999947,0.2078,,,,508.3661417,492.6181102,,
2006,1,-117.087514,46.778729,2006_1,WW,,100,0,1,,,,,,,44.88,2.233,0.2336,,,,469.488189,443.8976378,,
2006,2,-117.0870646,46.77869163,2006_2,WW,,100,0,1,,,,,,,44.55,1.95,0.2046,,,,455.7086614,436.515748,,
2006,3,-117.086678,46.778791,2006_3,WW,,100,0,1,,,,,,,44.81,2.504,0.2555,,,,498.0314961,475.8858268,,
2006,4,-117.08626,46.778761,2006_4,WW,,100,0,1,,,,,,,44.5,2.444,0.2464,,,,489.6653543,466.5354331,,
2006,5,-117.085842,46.778666,2006_5,SC,,100,0,1,,,,,,,59.45,4.8037,0.7706,,,,156.5,150,,
2006,6,-117.0854188,46.77877321,2006_6,WP,,100,0,0,,,,,,,,,,,,,,,,
2006,7,-117.085006,46.778632,2006_7,WL,,100,0,1,,,,,,,44.28,3.979,0.3622,,,,95,93.5,,
2006,8,-117.084588,46.778721,2006_8,WL,,100,0,1,,,,,,,44.73,3.898,0.3224,,,,101,98,,
2006,9,-117.08417,46.778674,2006_9,WB,Winter Barley planted with mini concord.  Spacing was paired rows 12 inches between pairs.  One person took 4 paired rows while others took 3 paired rows.,100,0,1,,,,,,,45.47,1.856,0.2045,,,,408.5315833,390.8941756,,
2006,10,-117.083752,46.778737,2006_10,SB,,100,0,1,,,,,,,43.87,1.886,0.162,,,,317.9133858,303.1496063,,
2006,11,-117.083334,46.778658,2006_11,SP,,100,0,1,,,,,,,42.67,3.919,0.2749,,,,94.5,91,,
2006,12,-117.0829398,46.77873108,2006_12,SP,,100,0,1,,,,,,,43.22,4.035,0.2966,,,,50,48.5,,
2006,13,-117.082498,46.778764,2006_13,SW,,100,0,1,,,,,,,44.86,2.135,0.2015,,,,252.9527559,239.6653543,340.5511811,300.6428396
2006,14,-117.0816322,46.77868863,2006_14,SW,,100,0,0,,,,,,,,,,,,,,,,
2006,15,-117.081244,46.778707,2006_15,SW,,100,0,1,,,,,,,44.74,2.399,0.2178,,,,327.7559055,305.1181102,515.2559055,473.7030099
2006,16,-117.080408,46.778826,2006_16,SW,,100,0,1,,,,,,,45.45,2.66,0.2375,,,,356.7913386,330.2165354,500.984252,459.5494642
2006,17,-117.07999,46.778797,2006_17,SW,,100,0,1,,,,,,,45.62,2.622,0.2402,,,,497.0472441,468.996063,642.2244094,583.429217
2006,18,-117.0888801,46.77895174,2006_18,WW,,100,0,0,,,,,,,,,,,,,,,,
2006,19,-117.0884663,46.77882662,2006_19,WW,,100,0,1,,,,,,,44.95,2.237,0.2412,,,,291.3385827,275.5905512,,
2006,20,-117.088064,46.778867,2006_20,WW,,100,0,1,,,,,,,44.24,2.028,0.2163,,,,465.0590551,443.8976378,,
2006,21,-117.087646,46.778842,2006_21,WW,,100,0,1,,,,,,,44.73,2.196,0.2385,,,,539.3700787,509.3503937,,
2006,22,-117.087228,46.779015,2006_22,WW,,100,0,1,,,,,,,44.51,1.987,0.2201,,,,388.7795276,372.5393701,,
2006,23,-117.086831,46.77900278,2006_23,WW,,100,0,1,,,,,,,44.48,2.166,0.2437,,,,542.3228346,510.8267717,,
2006,24,-117.086392,46.779077,2006_24,WW,,100,0,1,,,,,,,44.62,2.238,0.2478,,,,473.4251969,454.2322835,,
2006,25,-117.085974,46.779047,2006_25,WW,,100,0,1,,,,,,,44.14,2.195,0.2505,,,,613.1889764,590.5511811,,
2006,26,-117.085556,46.778952,2006_26,SC,,100,0,1,,,,,,,59.133,4.5801,0.7907,,,,183,175,,
2006,27,-117.085117,46.77906282,2006_27,WP,,100,0,1,,,,,,,42.67,3.733,0.3069,,,,29,27.5,99.5,86.60185185
2006,28,-117.08472,46.778918,2006_28,WL,,100,0,1,,,,,,,44.75,3.964,0.3503,,,,123,121,,
2006,29,-117.084302,46.779007,2006_29,WL,,100,0,1,,,,,,,44.28,3.779,0.3381,,,,110.5,107.5,,
2006,30,-117.083884,46.77896,2006_30,WB,Winter Barley planted with mini concord.  Spacing was paired rows 12 inches between pairs.  One person took 4 paired rows while others took 3 paired rows.,100,0,1,,,,,,,45.11,1.559,0.1809,,,,339.6226415,331.0090238,327.7276456,276.7477896
2006,31,-117.083466,46.779023,2006_31,SB,,100,0,1,,,,,,,44.06,2.107,0.1751,,,,339.5669291,323.8188976,,
2006,32,-117.083048,46.778944,2006_32,SP,,100,0,1,,,,,,,43.01,3.884,0.279,,,,83,78.5,208.5,183.48
2006,33,-117.08263,46.779013,2006_33,SP,,100,0,1,,,,,,,43.57,4.284,0.3118,,,,24,23.5,,
2006,34,-117.082212,46.77905,2006_34,SW,,100,0,1,,,,,,,44.34,1.837,0.1842,,,,218.011811,208.1692913,299.2125984,291.824633
2006,35,-117.081794,46.778852,2006_35,SW,,100,0,1,,,,,,,44.37,2.182,0.2042,,,,314.4685039,291.8307087,388.2874016,353.9256846
2006,36,-117.0814058,46.77900737,2006_36,SW,,100,0,1,,,,,,,45.06,2.143,0.2037,,,,444.3897638,420.2755906,564.4685039,515.3842862
2006,37,-117.080958,46.778993,2006_37,SW,,100,0,0,,,,,,,,,,,,,,,,
2006,38,-117.08054,46.778849,2006_38,SW,,100,0,1,,,,,,,44.92,2.502,0.2309,,,,343.503937,321.3582677,503.9370079,446.7895121
2006,39,-117.080122,46.779112,2006_39,SW,,100,0,0,,,,,,,,,,,,,,,,
2006,40,-117.079704,46.779083,2006_40,SW,,100,0,0,,,,,,,,,,,,,,,,
2006,41,-117.079286,46.779047,2006_41,SW,,100,0,1,,,,,,,44.53,2.708,0.2289,,,,312.992126,300.6889764,468.011811,427.5107889
2006,42,-117.0887062,46.77911338,2006_42,WW,,100,0,0,,,,,,,,,,,,,,,,
2006,43,-117.088318,46.779153,2006_43,WW,,100,0,1,,,,,,,44.86,2.293,0.2564,,,,640.2559055,610.7283465,,
2006,44,-117.0879,46.779128,2006_44,WW,,100,0,1,,,,,,,44.41,2.056,0.239,,,,378.4448819,363.1889764,,
2006,45,-117.0874635,46.77928833,2006_45,WW,,100,0,1,,,,,,,44.24,1.934,0.2275,,,,433.0708661,411.9094488,,
2006,46,-117.087064,46.779278,2006_46,WW,,100,0,1,,,,,,,44.9,2.04,0.235,,,,471.4566929,445.8661417,,
2006,47,-117.086646,46.779363,2006_47,WW,,100,0,1,,,,,,,44.47,2.043,0.2436,,,,520.6692913,499.507874,,
2006,48,-117.086228,46.779333,2006_48,WW,,100,0,1,,,,,,,44.87,2.251,0.2608,,,,613.1889764,591.0433071,,
2006,49,-117.08581,46.779238,2006_49,WW,,100,0,1,,,,,,,44.73,2.21,0.2612,,,,751.476378,721.4566929,,
2006,50,-117.0853355,46.77932123,2006_50,SC,,100,0,1,,,,,,,59.595,4.3148,0.6509,,,,105.5,101.5,,
2006,51,-117.0849635,46.77919681,2006_51,WP,,100,0,0,,,,,,,,,,,,,,,,
2006,52,-117.084556,46.779293,2006_52,WP,,100,0,0,,,,,,,,,,,,,,,,
2006,53,-117.084138,46.779246,2006_53,WL,,100,0,1,,,,,,,44.24,4.036,0.3249,,,,195.5,192,,
2006,54,-117.08372,46.779309,2006_54,WB,Winter Barley planted with mini concord.  Spacing was paired rows 12 inches between pairs.  One person took 4 paired rows while others took 3 paired rows.,100,0,1,,,,,,,44.72,1.368,0.166,,,,575.8818704,561.5258409,,
2006,55,-117.083302,46.77923,2006_55,SB,,100,0,1,,,,,,,43.58,1.729,0.1494,,,,479.3307087,457.1850394,,
2006,56,-117.0829019,46.77931128,2006_56,SB,,100,0,1,,,,,,,43.5,1.935,0.1583,,,,485.7283465,464.0748031,,
2006,57,-117.082466,46.779336,2006_57,SP,,100,0,1,,,,,,,43.23,3.85,0.2873,,,,57.5,56,,
2006,58,-117.082048,46.779138,2006_58,SW,,100,0,1,,,,,,,44.3,2.241,0.2123,,,,305.1181102,296.2598425,512.7952756,461.9395458
2006,59,-117.0816002,46.77925244,2006_59,SW,,100,0,1,,,,,,,44.74,2.837,0.2395,,,,388.2874016,374.507874,623.523622,571.5633202
2006,60,-117.081212,46.779279,2006_60,SW,,100,0,1,,,,,,,44.73,2.521,0.2219,,,,367.6181102,352.3622047,534.4488189,481.003937
2006,61,-117.080794,46.779135,2006_61,SW,,100,0,0,,,,,,,,,,,,,,,,
2006,62,-117.0803999,46.77941847,2006_62,SW,,100,0,1,,,,,,,44.7,2.486,0.2278,,,,368.1102362,352.8543307,802.6574803,743.4450432
2006,63,-117.079958,46.779369,2006_63,SW,,100,0,1,,,,,,,45.14,2.644,0.2388,,,,351.8700787,330.7086614,584.1535433,542.4282902
2006,64,-117.07954,46.779333,2006_64,SW,,100,0,1,,,,,,,45.17,2.459,0.2312,,,,421.2598425,397.1456693,685.0393701,618.7452375
2006,65,-117.079122,46.779254,2006_65,SW,,100,0,1,,,,,,,45.02,2.918,0.2505,,,,380.9055118,357.7755906,669.2913386,640.5046143
2006,66,-117.0787339,46.77928646,2006_66,SW,,100,0,1,,,,,,,45.29,2.573,0.2344,,,,375,353.3464567,531.496063,474.9539286
2006,67,-117.078286,46.779271,2006_67,SW,,100,0,1,,,,,,,44.68,2.645,0.2478,,,,318.4055118,304.1338583,601.3779528,544.6441836
2006,68,-117.088231,46.779439,2006_68,WW,,100,0,1,,,,,,,44.63,2.353,0.2783,,,,547.2440945,521.1614173,,
2006,69,-117.087813,46.779414,2006_69,WW,,100,0,1,,,,,,,44.98,2.405,0.2802,,,,276.5748031,261.3188976,,
2006,70,-117.087395,46.779587,2006_70,WW,,100,0,1,,,,,,,45.37,2.304,0.2807,,,,491.6338583,465.0590551,,
2006,71,-117.086977,46.779564,2006_71,WW,,100,0,1,,,,,,,44.9,2.067,0.2407,,,,441.4370079,417.8149606,,
2006,72,-117.086559,46.779649,2006_72,WW,,100,0,1,,,,,,,44.7,1.992,0.2439,,,,482.2834646,462.5984252,,
2006,73,-117.0861725,46.77963697,2006_73,WW,,100,0,1,,,,,,,43.14,1.886,0.1689,,,,507.8740157,487.6968504,,
2006,74,-117.0856916,46.77950963,2006_74,WW,,100,0,1,,,,,,,43.49,2.223,0.1902,,,,667.3228346,638.7795276,,
2006,75,-117.085305,46.779642,2006_75,WW,,100,0,1,,,,,,,39.91,2.086,0.1796,,,,627.4606299,600.8858268,,
2006,76,-117.084887,46.77949,2006_76,SC,,100,0,1,,,,,,,59.266,4.2567,0.6921,,,,136,130.5,,
2006,77,-117.084469,46.779579,2006_77,WP,,100,0,0,,,,,,,,,,,,,,,,
2006,78,-117.084051,46.779532,2006_78,WL,,100,0,1,,,,,,,45.11,4.049,0.3628,,,,92.5,90,,
2006,79,-117.083633,46.779595,2006_79,WL,,100,0,1,,,,,,,43.2,3.877,0.274,,,,97,93,,
2006,80,-117.083215,46.779516,2006_80,WB,Winter Barley planted with mini concord.  Spacing was paired rows 12 inches between pairs.  One person took 4 paired rows while others took 3 paired rows.,100,0,1,,,,,,,45.16,2.055,0.2158,,,,518,495.5,,
2006,81,-117.082797,46.779585,2006_81,SB,,100,0,1,,,,,,,44.03,1.933,0.1613,,,,324.3110236,309.0551181,,
2006,82,-117.082379,46.779622,2006_82,SP,,100,0,1,,,,,,,42.89,3.667,0.2706,,,,49,47,,
2006,83,-117.081961,46.779424,2006_83,SW,,100,0,1,,,,,,,45.56,2.511,0.2235,,,,306.5944882,288.3858268,375.492126,336.648113
2006,84,-117.081543,46.779563,2006_84,SW,,100,0,1,,,,,,,45.01,2.726,0.2416,,,,217.519685,202.2637795,415.8464567,379.9091086
2006,85,-117.081125,46.779565,2006_85,SW,,100,0,1,,,,,,,45.33,2.293,0.2093,,,,377.9527559,356.2992126,449.8031496,406.4486292
2006,86,-117.080707,46.779421,2006_86,SW,,100,0,1,,,,,,,44.44,2.417,0.2252,,,,367.6181102,349.4094488,654.5275591,583.9796784
2006,87,-117.080289,46.779684,2006_87,SW,,100,0,1,,,,,,,44.54,2.375,0.2238,,,,244.5866142,227.8543307,389.7637795,355.5739743
2006,88,-117.079871,46.779655,2006_88,SW,,100,0,1,,,,,,,45.37,2.864,0.2489,,,,281.988189,265.2559055,510.8267717,464.7371381
2006,89,-117.079447,46.77960671,2006_89,SW,,100,0,1,,,,,,,44.71,2.611,0.2369,,,,312.5,290.8464567,539.3700787,477.373518
2006,90,-117.079035,46.77954,2006_90,SW,,100,0,1,,,,,,,44.62,2.509,0.2302,,,,441.4370079,424.2125984,722.9330709,673.5017498
2006,91,-117.078617,46.779552,2006_91,SW,,100,0,1,,,,,,,45.07,2.722,0.2462,,,,338.5826772,319.3897638,593.996063,526.1107987
2006,92,-117.078199,46.779557,2006_92,SW,,100,0,1,,,,,,,44.78,2.305,0.2194,,,,470.9645669,448.3267717,530.019685,485.5142153
2006,93,-117.077781,46.779494,2006_93,SW,,100,0,1,,,,,,,45.15,2.924,0.2632,,,,210.1377953,197.8346457,483.2677165,450.6144924
2006,94,-117.077363,46.779658,2006_94,SW,,100,0,1,,,,,,,45.34,3.055,0.265,,,,154.0354331,147.1456693,336.1220472,304.487031
2006,95,-117.088073,46.77971682,2006_95,WW,,100,0,0,,,,,,,,,,,,,,,,
2006,96,-117.087663,46.7797,2006_96,WW,,100,0,1,,,,,,,39.2,1.888,0.17,,,,249.015748,237.2047244,,
2006,97,-117.087245,46.779873,2006_97,WW,,100,0,1,,,,,,,43.31,2.106,0.186,,,,454.7244094,430.6102362,,
2006,98,-117.086827,46.77985,2006_98,WW,,100,0,1,,,,,,,41.94,2.175,0.1813,,,,438.484252,412.8937008,,
2006,99,-117.086409,46.779935,2006_99,WW,,100,0,1,,,,,,,37.66,1.832,0.1528,,,,531.003937,507.3818898,,
2006,100,-117.085991,46.779905,2006_100,WW,,100,0,1,,,,,,,43.28,2.045,0.1774,,,,426.6732283,404.0354331,,
2006,101,-117.085573,46.77981,2006_101,WW,,100,0,1,,,,,,,44.57,2.284,0.1985,,,,596.4566929,567.9133858,,
2006,102,-117.085155,46.779928,2006_102,WW,,100,0,1,,,,,,,42.8,2.083,0.1765,,,,536.9094488,509.3503937,,
2006,103,-117.084737,46.779776,2006_103,SC,,100,0,1,,,,,,,59.505,4.392,0.6506,,,,132.5,127.5,,
2006,104,-117.0843452,46.77988297,2006_104,SC,,100,0,1,,,,,,,57.345,4.7574,0.7235,,,,118.5,114.5,,
2006,105,-117.083901,46.779818,2006_105,WP,,100,0,0,,,,,,,,,,,,,,,,
2006,106,-117.083483,46.779881,2006_106,WL,,100,0,1,,,,,,,44.88,3.709,0.3335,,,,82.5,79.5,,
2006,107,-117.083065,46.779802,2006_107,WB,Winter Barley planted with mini concord.  Spacing was paired rows 12 inches between pairs.  One person took 4 paired rows while others took 3 paired rows.,100,0,1,,,,,,,45.05,1.427,0.1811,,,,308.4495488,298.6054143,,
2006,108,-117.082647,46.779871,2006_108,SB,,100,0,1,,,,,,,43.68,1.935,0.1541,,,,361.7125984,350.8858268,,
2006,109,-117.0821935,46.77987977,2006_109,SP,,100,0,1,,,,,,,42.67,3.585,0.2583,,,,52.5,50,,
2006,110,-117.0817533,46.77967045,2006_110,SW,,100,0,1,,,,,,,44.97,2.649,0.2404,,,,295.2755906,283.9566929,456.6929134,396.4696721
2006,111,-117.081393,46.779849,2006_111,SW,,100,0,1,,,,,,,44.95,2.287,0.2145,,,,270.6692913,251.9685039,379.9212598,346.3987957
2006,112,-117.080975,46.779851,2006_112,SW,,100,0,1,,,,,,,45.34,2.788,0.2273,,,,295.2755906,272.1456693,421.2598425,377.5441985
2006,113,-117.0805391,46.77969063,2006_113,SW,,100,0,1,,,,,,,44.94,2.481,0.2199,,,,244.0944882,226.8700787,488.1889764,440.327312
2006,114,-117.080139,46.77997,2006_114,SW,,100,0,1,,,,,,,44.35,2.238,0.2017,,,,181.5944882,170.2755906,330.2165354,294.8361924
2006,115,-117.0797031,46.77992463,2006_115,SW,,100,0,1,,,,,,,44.89,2.878,0.2437,,,,227.3622047,209.1535433,512.3031496,456.4752423
2006,116,-117.079303,46.779905,2006_116,SW,,100,0,1,,,,,,,45.26,2.637,0.2261,,,,245.5708661,228.3464567,552.6574803,501.4854914
2006,117,-117.078885,46.779826,2006_117,SW,,100,0,1,,,,,,,44.65,2.547,0.2178,,,,338.5826772,321.8503937,514.2716535,469.8741007
2006,118,-117.078467,46.779838,2006_118,SW,,100,0,1,,,,,,,44.87,2.601,0.2164,,,,304.6259843,288.3858268,442.9133858,397.0016324
2006,119,-117.0780192,46.77982663,2006_119,SW,,100,0,1,,,,,,,45.18,2.768,0.2211,,,,242.1259843,228.8385827,409.9409449,377.4059493
2006,120,-117.077631,46.77978,2006_120,SW,,100,0,1,,,,,,,45.03,2.822,0.2354,,,,250,235.7283465,426.6732283,380.4074566
2006,121,-117.077213,46.779944,2006_121,SW,,100,0,1,,,,,,,45.54,2.674,0.2271,,,,197.8346457,186.515748,299.2125984,279.7832089
2006,122,-117.087699,46.779986,2006_122,WW,,100,0,1,,,,,,,40.62,2.008,0.1712,,,,305.1181102,287.4015748,,
2006,123,-117.087281,46.780159,2006_123,WW,,100,0,1,,,,,,,38.81,1.867,0.1681,,,,513.7795276,488.6811024,,
2006,124,-117.086863,46.780136,2006_124,WW,,100,0,1,,,,,,,42.09,1.923,0.1685,,,,561.023622,533.9566929,,
2006,125,-117.086445,46.780221,2006_125,WW,,100,0,1,,,,,,,43.28,2.062,0.1848,,,,593.503937,560.5314961,,
2006,126,-117.0860113,46.78018382,2006_126,WW,,100,0,1,,,,,,,43.03,1.867,0.1604,,,,464.5669291,437.007874,,
2006,127,-117.0855933,46.78008882,2006_127,WW,,100,0,1,,,,,,,43.49,2.207,0.1919,,,,574.3110236,541.8307087,,
2006,128,-117.085191,46.780214,2006_128,WW,,100,0,1,,,,,,,42.83,1.805,0.1629,,,,537.8937008,515.2559055,,
2006,129,-117.084773,46.780062,2006_129,WW,,100,0,1,,,,,,,41.12,2.042,0.1794,,,,567.9133858,543.3070866,,
2006,130,-117.084355,46.780151,2006_130,SC,,100,0,1,,,,,,,60.915,3.5258,0.5445,,,,116,112.5,,
2006,131,-117.083937,46.780104,2006_131,WP,,100,0,0,,,,,,,,,,,,,,,,
2006,132,-117.083519,46.780167,2006_132,WP,,100,0,0,,,,,,,,,,,,,,,,
2006,133,-117.083101,46.780088,2006_133,WL,,100,0,1,,,,,,,45.27,3.746,0.2761,,,,29,28.5,,
2006,134,-117.082683,46.780157,2006_134,WB,Winter Barley planted with mini concord.  Spacing was paired rows 12 inches between pairs.  One person took 4 paired rows while others took 3 paired rows.,100,0,1,,,,,,,45,1.494,0.1744,,,,593.5192781,569.7292863,,
2006,135,-117.082265,46.780194,2006_135,SB,,100,0,1,,,,,,,44.1,2.052,0.1629,,,,357.2834646,344.980315,,
2006,136,-117.081847,46.779996,2006_136,SP,,100,0,1,,,,,,,42.51,3.73,0.2825,,,,26,25.5,,
2006,137,-117.0814529,46.78014727,2006_137,SP,,100,0,1,,,,,,,42.91,3.842,0.2821,,,,20.5,20,,
2006,138,-117.081011,46.780137,2006_138,SW,,100,0,1,,,,,,,45.17,2.068,0.1812,,,,350.3937008,328.2480315,376.9685039,346.8110236
2006,139,-117.080593,46.779993,2006_139,SW,,100,0,1,,,,,,,45.13,2.601,0.2209,,,,239.6653543,223.9173228,464.5669291,411.2559701
2006,140,-117.080175,46.780256,2006_140,SW,,100,0,1,,,,,,,45.29,2.673,0.2208,,,,285.4330709,269.6850394,339.0748031,312.7899347
2006,141,-117.079757,46.780227,2006_141,SW,,100,0,1,,,,,,,45.32,2.152,0.1923,,,,213.5826772,198.8188976,383.8582677,347.4337606
2006,142,-117.079339,46.780191,2006_142,SW,,100,0,1,,,,,,,44.95,2.762,0.2247,,,,263.2874016,243.6023622,485.2362205,451.020846
2006,143,-117.0789031,46.78010382,2006_143,SW,,100,0,1,,,,,,,44.98,2.51,0.2161,,,,336.1220472,316.9291339,497.5393701,445.3499257
2006,144,-117.078503,46.780124,2006_144,SW,,100,0,1,,,,,,,45.46,2.486,0.2133,,,,270.1771654,254.4291339,545.7677165,495.2336687
2006,145,-117.078085,46.780129,2006_145,SW,,100,0,1,,,,,,,45.28,2.819,0.2394,,,,272.1456693,256.3976378,564.9606299,511.9955709
2006,146,-117.077667,46.780066,2006_146,SW,,100,0,1,,,,,,,45.75,2.701,0.2262,,,,243.1102362,229.3307087,391.7322835,359.8470976
2006,147,-117.077249,46.78023,2006_147,SW,,100,0,1,,,,,,,44.78,2.318,0.2047,,,,192.9133858,180.6102362,301.6732283,278.6287456
2006,148,-117.076831,46.780004,2006_148,SW,,100,0,1,,,,,,,44.83,2.386,0.2155,,,,458.6614173,431.5944882,497.5393701,442.7643936
2006,149,-117.087103,46.780422,2006_149,WW,,100,0,1,,,,,,,43.21,2.257,0.1912,,,,534.9409449,511.8110236,,
2006,150,-117.086685,46.780507,2006_150,WW,,100,0,1,,,,,,,42.73,2.027,0.187,,,,326.7716535,312.007874,,
2006,151,-117.0862251,46.78045544,2006_151,WW,,100,0,1,,,,,,,39.57,1.856,0.1586,,,,532.9724409,502.9527559,,
2006,152,-117.0858333,46.78037122,2006_152,WW,,100,0,1,,,,,,,38.21,1.683,0.1483,,,,481.7913386,461.6141732,,
2006,153,-117.085431,46.7805,2006_153,WW,,100,0,1,,,,,,,43.48,2.092,0.1771,,,,550.1968504,521.6535433,,
2006,154,-117.085013,46.780348,2006_154,WW,,100,0,1,,,,,,,43.58,2.179,0.1887,,,,569.3897638,547.2440945,,
2006,155,-117.084595,46.780437,2006_155,WW,,100,0,1,,,,,,,44.02,2.122,0.1841,,,,394.6850394,378.4448819,,
2006,156,-117.084177,46.78039,2006_156,SC,,100,0,1,,,,,,,58.89,4.6594,0.7912,,,,112.5,108,,
2006,157,-117.083759,46.780453,2006_157,SC,,100,0,1,,,,,,,59.603,4.6545,0.7552,,,,129.5,125,361.5,313.1302817
2006,158,-117.083341,46.780374,2006_158,WP,,100,0,0,,,,,,,,,,,,,,,,
2006,159,-117.082923,46.780443,2006_159,WL,,100,0,1,,,,,,,44.49,4.013,0.3226,,,,126.5,123,196.5,177.0925926
2006,160,-117.082505,46.78048,2006_160,WB,Winter Barley planted with mini concord.  Spacing was paired rows 12 inches between pairs.  One person took 4 paired rows while others took 3 paired rows.,100,0,1,,,,,,,44.38,1.492,0.1824,,,,260,248.5,,
2006,161,-117.082087,46.780282,2006_161,SB,,100,0,1,,,,,,,43.74,1.779,0.1476,,,,503.9370079,482.2834646,,
2006,162,-117.0816451,46.78040873,2006_162,SP,,100,0,1,,,,,,,42.91,3.718,0.269,,,,40,38.5,267,236.3103448
2006,163,-117.081251,46.780423,2006_163,SP,,100,0,1,,,,,,,43.22,3.746,0.2501,,,,16.5,16,,
2006,164,-117.080833,46.780279,2006_164,SW,,100,0,1,,,,,,,45.26,2.443,0.2097,,,,257.3818898,245.5708661,337.5984252,315.0918635
2006,165,-117.080415,46.780542,2006_165,SW,,100,0,1,,,,,,,44.95,2.64,0.2191,,,,258.8582677,247.0472441,385.8267717,357.3974306
2006,166,-117.079997,46.780513,2006_166,SW,,100,0,1,,,,,,,44.32,2.24,0.1967,,,,309.0551181,295.7677165,311.023622,287.6132419
2006,167,-117.079579,46.780477,2006_167,SW,,100,0,1,,,,,,,45.33,2.551,0.2277,,,,236.7125984,220.9645669,438.976378,396.7045786
2006,168,-117.079161,46.780398,2006_168,SW,,100,0,1,,,,,,,44.68,2.758,0.2406,,,,260.8267717,244.5866142,349.9015748,320.248899
2006,169,-117.078743,46.78041,2006_169,SW,,100,0,1,,,,,,,45.07,2.604,0.2334,,,,295.7677165,279.5275591,404.0354331,360.7459224
2006,170,-117.078325,46.780415,2006_170,SW,,100,0,1,,,,,,,44.82,2.466,0.2195,,,,275.5905512,257.8740157,398.6220472,358.7598425
2006,171,-117.077907,46.780352,2006_171,SW,,100,0,1,,,,,,,45.45,2.659,0.2321,,,,248.523622,233.2677165,350.3937008,312.3664774
2006,172,-117.077489,46.780516,2006_172,SW,,100,0,1,,,,,,,,,,,,,,,,
2006,173,-117.077071,46.78029,2006_173,SW,,100,0,1,,,,,,,45.77,2.72,0.2109,,,,281.988189,264.2716535,405.511811,363.3385827
2006,174,-117.076653,46.780414,2006_174,SW,,100,0,1,,,,,,,44.93,2.196,0.2062,,,,398.1299213,373.523622,420.7677165,382.5161059
2006,175,-117.086879,46.780708,2006_175,WW,,100,0,1,,,,,,,42.81,2.419,0.1926,,,,487.6968504,468.996063,,
2006,176,-117.0864768,46.78080097,2006_176,WW,,100,0,1,,,,,,,42.63,1.98,0.1739,,,,482.7755906,457.1850394,,
2006,177,-117.086043,46.780763,2006_177,WW,,100,0,1,,,,,,,44.01,1.916,0.1724,,,,454.7244094,437.992126,,
2006,178,-117.085625,46.780668,2006_178,WW,,100,0,1,,,,,,,40.66,1.948,0.1696,,,,437.992126,413.3858268,,
2006,179,-117.085207,46.780786,2006_179,WW,,100,0,1,,,,,,,41.08,1.835,0.1601,,,,547.2440945,516.7322835,,
2006,180,-117.084789,46.780634,2006_180,WW,,100,0,1,,,,,,,43.78,1.864,0.1707,,,,339.5669291,326.7716535,,
2006,181,-117.084371,46.780723,2006_181,WW,,100,0,1,,,,,,,42.6,2.092,0.1769,,,,595.4724409,561.515748,,
2006,182,-117.0839212,46.78065692,2006_182,SC,,100,0,1,,,,,,,59.183,4.2393,0.6206,,,,142,137.5,,
2006,183,-117.083535,46.780739,2006_183,SC,,100,0,1,,,,,,,58.128,4.4313,0.6819,,,,132,127,,
2006,184,-117.083117,46.78066,2006_184,WP,,100,0,1,,,,,,,,,,,,,,,,
2006,185,-117.082699,46.780729,2006_185,WL,,100,0,1,,,,,,,44.76,3.795,0.2896,,,,59,57.5,,
2006,186,-117.082281,46.780766,2006_186,WB,Winter Barley planted with mini concord.  Spacing was paired rows 12 inches between pairs.  One person took 4 paired rows while others took 3 paired rows.,100,0,1,,,,,,,44.62,1.462,0.1624,,,,639,624,,
2006,187,-117.081863,46.780568,2006_187,SB,,100,0,1,,,,,,,43.93,1.862,0.1594,,,,273.1299213,261.3188976,,
2006,188,-117.081445,46.780707,2006_188,SB,,100,0,1,,,,,,,43.73,2.085,0.1713,,,,339.5669291,324.3110236,373.0314961,324.375214
2006,189,-117.081027,46.780709,2006_189,SP,,100,0,1,,,,,,,43.16,3.572,0.2472,,,,47,45,,
2006,190,-117.080609,46.780565,2006_190,SW,,100,0,1,,,,,,,45.5,2.436,0.2101,,,,316.9291339,300.6889764,430.6102362,387.0653809
2006,191,-117.080191,46.780828,2006_191,SW,,100,0,1,,,,,,,45.05,2.5,0.2095,,,,379.4291339,359.2519685,473.4251969,444.4399807
2006,192,-117.079773,46.780799,2006_192,SW,,100,0,1,,,,,,,45.35,2.608,0.229,,,,304.6259843,296.2598425,519.6850394,484.0901737
2006,193,-117.079355,46.780763,2006_193,SW,,100,0,1,,,,,,,45.07,2.303,0.208,,,,298.7204724,287.4015748,460.6299213,414.5669291
2006,194,-117.0789131,46.78066353,2006_194,SW,,100,0,1,,,,,,,45.05,2.292,0.2123,,,,216.5354331,204.2322835,236.2204724,212.2994119
2006,195,-117.078519,46.780696,2006_195,SW,,100,0,1,,,,,,,44.68,2.172,0.1966,,,,376.9685039,355.8070866,507.3818898,459.5850451
2006,196,-117.078101,46.780701,2006_196,SW,,100,0,1,,,,,,,44.73,1.94,0.1797,,,,386.3188976,362.6968504,441.4370079,399.576602
2006,197,-117.077683,46.780638,2006_197,SW,,100,0,1,,,,,,,45.33,2.366,0.2217,,,,309.0551181,291.8307087,342.519685,310.0704517
2006,198,-117.077265,46.780802,2006_198,SW,,100,0,1,,,,,,,44.8,2.07,0.187,,,,306.1023622,292.3228346,335.6299213,300.9095846
2006,199,-117.076847,46.780576,2006_199,SW,,100,0,1,,,,,,,44.64,2.231,0.2082,,,,393.2086614,373.0314961,472.4409449,429.9212598
2006,200,-117.0866262,46.7810531,2006_200,WW,,100,0,1,,,,,,,43.91,1.89,0.1762,,,,280.019685,269.1929134,,
2006,201,-117.086242,46.781049,2006_201,WW,,100,0,1,,,,,,,41.84,1.719,0.1644,,,,314.4685039,299.7047244,,
2006,202,-117.085824,46.780954,2006_202,WW,,100,0,1,,,,,,,43.9,2.177,0.1833,,,,568.8976378,543.7992126,,
2006,203,-117.085406,46.781072,2006_203,WW,,100,0,1,,,,,,,43.99,2.08,0.1794,,,,529.5275591,506.3976378,,
2006,204,-117.084988,46.78092,2006_204,WW,,100,0,1,,,,,,,42.83,1.989,0.1827,,,,669.2913386,643.2086614,751.476378,679.5960288
2006,205,-117.08457,46.781009,2006_205,WW,,100,0,1,,,,,,,42.64,1.98,0.1731,,,,677.1653543,652.0669291,,
2006,206,-117.084152,46.780962,2006_206,WW,,100,0,1,,,,,,,43.19,2.28,0.1864,,,,621.0629921,597.4409449,,
2006,207,-117.083755,46.78103938,2006_207,WW,,100,0,1,,,,,,,42.39,2.252,0.1916,,,,524.6062992,502.9527559,,
2006,208,-117.083316,46.780946,2006_208,SC,,100,0,1,,,,,,,59.589,4.6927,0.7607,,,,105.5,102,,
2006,209,-117.082898,46.781015,2006_209,WP,,100,0,1,,,,,,,43.4,3.757,0.2973,,,,24,23,104.5,91.66666667
2006,210,-117.08248,46.781052,2006_210,WL,,100,0,1,,,,,,,44.63,4.112,0.3292,,,,198,194,,
2006,211,-117.082062,46.780854,2006_211,WB,Winter Barley planted with mini concord.  Spacing was paired rows 12 inches between pairs.  One person took 4 paired rows while others took 3 paired rows.,100,0,1,,,,,,,44.67,1.476,0.1665,,,,528.5,504,438,376.1086957
2006,212,-117.081644,46.780993,2006_212,WB,Winter Barley planted with mini concord.  Spacing was paired rows 12 inches between pairs.  One person took 4 paired rows while others took 3 paired rows.,100,0,1,,,,,,,44.59,1.693,0.1898,,,,365,348.5,,
2006,213,-117.081226,46.780995,2006_213,SB,,100,0,0,,,,,,,,,,,,,,,,
2006,214,-117.080808,46.780851,2006_214,SP,,100,0,1,,,,,,,42.92,3.782,0.2471,,,,18,17.5,,
2006,215,-117.0804377,46.78111806,2006_215,SP,,100,0,1,,,,,,,42.99,4.188,0.278,,,,30.5,29.5,,
2006,216,-117.079972,46.781085,2006_216,SW,,100,0,1,,,,,,,45.47,2.79,0.2393,,,,372.5393701,357.2834646,557.5787402,508.380616
2006,217,-117.079554,46.781049,2006_217,SW,,100,0,1,,,,,,,45.28,2.689,0.236,,,,289.3700787,273.1299213,394.6850394,356.7345548
2006,218,-117.079136,46.78097,2006_218,SW,,100,0,1,,,,,,,45.35,2.21,0.2044,,,,333.1692913,313.976378,448.3267717,391.1870851
2006,219,-117.078718,46.780982,2006_219,SW,,100,0,1,,,,,,,44.8,2.277,0.2095,,,,363.1889764,340.0590551,511.3188976,477.2309711
2006,220,-117.0783,46.780987,2006_220,SW,,100,0,1,,,,,,,45.3,2.472,0.2185,,,,413.3858268,390.7480315,510.8267717,459.7440945
2006,221,-117.077882,46.780924,2006_221,SW,,100,0,1,,,,,,,44.22,2.421,0.211,,,,360.2362205,343.503937,437.5,383.2116788
2006,222,-117.077464,46.781088,2006_222,SW,,100,0,1,,,,,,,44.78,2.398,0.2151,,,,370.0787402,351.8700787,482.2834646,429.1880373
2006,223,-117.077046,46.780862,2006_223,SW,,100,0,1,,,,,,,44.3,2.439,0.2229,,,,291.8307087,276.5748031,378.4448819,357.4201662
2006,224,-117.076628,46.780986,2006_224,SW,,100,0,1,,,,,,,44.99,2.504,0.2344,,,,312.5,298.2283465,416.8307087,387.2915246
2006,225,-117.086295,46.781365,2006_225,WW,,100,0,1,,,,,,,43.5,2.105,0.1941,,,,294.7834646,280.511811,,
2006,226,-117.0858613,46.78132062,2006_226,WW,,100,0,1,,,,,,,43.95,1.944,0.1767,,,,474.9015748,448.8188976,,
2006,227,-117.0854328,46.78122203,2006_227,WW,,100,0,1,,,,,,,42.79,1.992,0.1718,,,,452.2637795,427.1653543,,
2006,228,-117.085041,46.781358,2006_228,WW,,100,0,1,,,,,,,43.61,2.009,0.1739,,,,358.7598425,339.0748031,,
2006,229,-117.084623,46.781206,2006_229,WW,,100,0,1,,,,,,,44.19,1.851,0.1613,,,,581.2007874,554.1338583,,
2006,230,-117.084205,46.781295,2006_230,WW,,100,0,1,,,,,,,44.72,2.271,0.188,,,,547.7362205,524.1141732,,
2006,231,-117.083787,46.781248,2006_231,WW,,100,0,1,,,,,,,,,,,,,,,,
2006,232,-117.0832823,46.78127044,2006_232,SC,,100,0,1,,,,,,,58.156,4.3669,0.6332,,,,122,117,,
2006,233,-117.082951,46.781232,2006_233,SC,,100,0,1,,,,,,,59.646,4.3208,0.6114,,,,204.5,196.5,,
2006,234,-117.082533,46.781301,2006_234,WP,,100,5.3,1,,,,,,,43.29,3.421,0.2695,,,,9.5,9.5,89.5,77.29545455
2006,235,-117.082115,46.781338,2006_235,WL,,100,0,1,,,,,,,44.91,3.956,0.3068,,,,96.5,93.5,146.5,132.547619
2006,236,-117.081697,46.78114,2006_236,WB,Winter Barley planted with mini concord.  Spacing was paired rows 12 inches between pairs.  One person took 4 paired rows while others took 3 paired rows.,100,0,1,,,,,,,44.95,1.935,0.2069,,,,573,557.5,,
2006,237,-117.0812437,46.78126348,2006_237,SB,,100,0,1,,,,,,,43.7,2.147,0.1662,,,,402.0669291,383.3661417,,
2006,238,-117.080861,46.781281,2006_238,SB,,100,0,1,,,,,,,43.41,1.905,0.1497,,,,551.6732283,527.0669291,,
2006,239,-117.080455,46.78115338,2006_239,SP,,100,0,1,,,,,,,43.7,3.79,0.2663,,,,46,44.5,,
2006,240,-117.0801105,46.78144636,2006_240,SP,,100,0,1,,,,,,,42.98,3.928,0.2742,,,,53,51.5,,
2006,241,-117.079607,46.781371,2006_241,SW,,100,0,1,,,,,,,44.63,2.773,0.2351,,,,310.5314961,292.8149606,476.3779528,422.5933452
2006,242,-117.079189,46.781335,2006_242,SW,,100,0,1,,,,,,,44.85,2.527,0.2255,,,,388.2874016,375,576.2795276,533.058563
2006,243,-117.078771,46.781256,2006_243,SW,,100,0,1,,,,,,,44.72,2.828,0.261,,,,279.0354331,259.8425197,328.2480315,302.1966004
2006,244,-117.0783888,46.78129255,2006_244,SW,,100,0,1,,,,,,,44.76,2.318,0.2295,,,,387.7952756,370.5708661,487.2047244,443.8976378
2006,245,-117.077935,46.781273,2006_245,SW,,100,0,1,,,,,,,44.47,2.524,0.2319,,,,385.8267717,364.6653543,550.6889764,493.8718598
2006,246,-117.077517,46.78121,2006_246,SW,,100,0,1,,,,,,,44.78,2.276,0.2173,,,,447.3425197,424.7047244,520.1771654,468.1594488
2006,247,-117.077099,46.781374,2006_247,SW,,100,0,1,,,,,,,44.56,2.444,0.2363,,,,353.3464567,337.5984252,403.5433071,368.4525847
2006,248,-117.0766989,46.78116437,2006_248,SW,,100,0,1,,,,,,,44.74,2.363,0.2285,,,,487.2047244,472.4409449,554.6259843,506.3976378
2006,249,-117.085864,46.781526,2006_249,WW,,100,0,1,,,,,,,43.92,2.155,0.1889,,,,585.6299213,560.0393701,,
2006,250,-117.085446,46.781644,2006_250,WW,,100,0,1,,,,,,,44.16,2.25,0.1956,,,,648.1299213,614.6653543,,
2006,251,-117.085028,46.781492,2006_251,WW,,100,0,1,,,,,,,43.64,1.746,0.1562,,,,396.6535433,379.4291339,,
2006,252,-117.0845785,46.78155584,2006_252,WW,,100,0,1,,,,,,,,,,,,,,,,
2006,253,-117.084192,46.781534,2006_253,WW,,100,0,1,,,,,,,44.05,2.114,0.1894,,,,437.5,422.7362205,521.6535433,467.6893837
2006,254,-117.083774,46.781597,2006_254,WW,,100,0,1,,,,,,,44.42,2.248,0.189,,,,617.1259843,588.5826772,,
2006,255,-117.083356,46.781518,2006_255,WW,,100,0,1,,,,,,,44.49,2.33,0.2011,,,,615.1574803,583.6614173,,
2006,256,-117.082938,46.781587,2006_256,SC,,100,0,1,,,,,,,59.592,4.6067,0.6817,,,,121,116.5,383,336.1020408
2006,257,-117.08252,46.781624,2006_257,SC,,100,0,1,,,,,,,59.375,4.5819,0.7188,,,,123,118.5,,
2006,258,-117.082102,46.781426,2006_258,WL,,100,0,1,,,,,,,44.9,3.858,0.3381,,,,132,129.5,,
2006,259,-117.081684,46.781565,2006_259,WL,,100,0,1,,,,,,,44.31,4.103,0.3489,,,,196,193,,
2006,260,-117.081266,46.781567,2006_260,WB,Winter Barley planted with mini concord.  Spacing was paired rows 12 inches between pairs.  One person took 4 paired rows while others took 3 paired rows.,100,0,1,,,,,,,44.67,1.666,0.1868,,,,537.5,516,,
2006,261,-117.080848,46.781423,2006_261,SB,,100,0,1,,,,,,,44.06,2.297,0.1708,,,,332.1850394,318.4055118,542.8149606,481.4532694
2006,262,-117.08043,46.781686,2006_262,SB,,100,0,1,,,,,,,44.02,2.181,0.1711,,,,294.2913386,284.9409449,,
2006,263,-117.080012,46.781657,2006_263,SP,,100,0,1,,,,,,,43.19,3.878,0.26,,,,62.5,59.5,186,164.9072165
2006,264,-117.079594,46.781621,2006_264,SW,,100,0,1,,,,,,,44.8,2.079,0.2095,,,,389.2716535,367.1259843,455.2165354,403.3564238
2006,265,-117.0791581,46.78153382,2006_265,SW,,100,0,1,,,,,,,44.73,2.604,0.2444,,,,381.3976378,364.1732283,567.9133858,502.3849182
2006,266,-117.078758,46.781554,2006_266,SW,,100,0,1,,,,,,,44.79,2.58,0.2384,,,,389.7637795,369.0944882,521.6535433,467.519685
2006,267,-117.07834,46.781559,2006_267,SW,,100,0,1,,,,,,,44.7,2.643,0.2517,,,,326.7716535,310.5314961,574.8031496,509.8254023
2006,268,-117.077922,46.781496,2006_268,SW,,100,0,1,,,,,,,44.75,2.647,0.2523,,,,352.8543307,336.1220472,386.3188976,343.7583411
2006,269,-117.077504,46.78166,2006_269,SW,,100,0,0,,,,,,,,,,,,,,,,
2006,270,-117.077086,46.781434,2006_270,SW,,100,0,1,,,,,,,44.13,2.341,0.2357,,,,302.6574803,287.4015748,349.4094488,316.5238536
2006,271,-117.076668,46.781558,2006_271,SW,,100,0,1,,,,,,,44.9,2.7,0.2545,,,,288.3858268,273.1299213,374.507874,345.9194867
2006,272,-117.08559,46.781812,2006_272,WW,,100,0,1,,,,,,,44.82,2.38,0.2092,,,,112.6968504,108.2677165,,
2006,273,-117.085172,46.78193,2006_273,WW,,100,0,1,,,,,,,44.12,2.255,0.2019,,,,489.6653543,468.011811,,
2006,274,-117.084754,46.781778,2006_274,WW,,100,0,1,,,,,,,44.53,2.119,0.1911,,,,508.8582677,491.1417323,,
2006,275,-117.084357,46.78187778,2006_275,WW,,100,0,1,,,,,,,44.73,2.209,0.1919,,,,625.492126,592.519685,,
2006,276,-117.083918,46.78182,2006_276,WW,,100,0,1,,,,,,,44.5,2.185,0.194,,,,465.5511811,446.3582677,,
2006,277,-117.0835,46.781883,2006_277,WW,,100,0,1,,,,,,,44.31,2,0.1805,,,,313.976378,297.7362205,,
2006,278,-117.083082,46.781804,2006_278,WW,,100,0,1,,,,,,,44.31,2.199,0.1971,,,,622.0472441,587.1062992,,
2006,279,-117.0826501,46.78185937,2006_279,SC,,100,0,1,,,,,,,60.359,4.3635,0.6703,,,,129.5,124.5,,
2006,280,-117.082246,46.78191,2006_280,SC,,100,0,1,,,,,,,60.148,4.3734,0.6707,,,,140.5,135,,
2006,281,-117.0818123,46.78170481,2006_281,WL,,100,0,1,,,,,,,44.42,4.074,0.3537,,,,137.5,135.5,,
2006,282,-117.08141,46.781851,2006_282,WL,,100,0,1,,,,,,,44.22,3.848,0.2758,,,,98.5,96.5,,
2006,283,-117.080992,46.781853,2006_283,WB,Winter Barley planted with mini concord.  Spacing was paired rows 12 inches between pairs.  One person took 4 paired rows while others took 3 paired rows.,100,0,1,,,,,,,45.14,1.522,0.1754,,,,484.5,464.5,486,426.7317073
2006,284,-117.080574,46.781709,2006_284,SB,,100,0,1,,,,,,,43.73,1.904,0.1548,,,,323.8188976,314.4685039,,
2006,285,-117.080156,46.781972,2006_285,SB,,100,0,1,,,,,,,42.95,1.601,0.1359,,,,364.6653543,352.3622047,,
2006,286,-117.079738,46.781943,2006_286,SP,,100,0,1,,,,,,,43.04,3.642,0.2572,,,,75,71.5,315,273
2006,287,-117.07932,46.781907,2006_287,SW,,100,0,1,,,,,,,45.04,2.581,0.2415,,,,402.5590551,386.3188976,576.7716535,545.425368
2006,288,-117.0788662,46.78180208,2006_288,SW,,100,0,1,,,,,,,45.2,2.664,0.2537,,,,369.0944882,351.8700787,534.4488189,485.8625626
2006,289,-117.078484,46.78184,2006_289,SW,,100,0,1,,,,,,,44.42,2.471,0.2367,,,,402.0669291,382.3818898,481.2992126,434.5062336
2006,290,-117.078066,46.781845,2006_290,SW,,100,0,1,,,,,,,44.54,2.456,0.2462,,,,303.6417323,287.4015748,395.1771654,359.6112205
2006,291,-117.077648,46.781782,2006_291,SW,,100,0,1,,,,,,,45.41,2.972,0.2817,,,,289.8622047,276.0826772,465.5511811,421.2129734
2006,292,-117.07723,46.781946,2006_292,SW,,100,0,1,,,,,,,45.31,3.059,0.2827,,,,277.0669291,262.7952756,693.4055118,614.0079341
2006,293,-117.076812,46.78172,2006_293,SW,,100,0,1,,,,,,,44.85,2.473,0.2433,,,,270.6692913,255.4133858,351.3779528,329.4168307
2006,297,-117.085536,46.782098,2006_297,WW,,100,0,0,,,,,,,,,,,,,,,,
2006,298,-117.085118,46.782216,2006_298,WW,,100,0,1,,,,,,,44.43,1.951,0.1829,,,,437.5,413.3858268,,
2006,299,-117.0847,46.782064,2006_299,WW,,100,0,1,,,,,,,44.06,2.093,0.1911,,,,521.1614173,492.1259843,,
2006,300,-117.084282,46.782153,2006_300,WW,,100,0,1,,,,,,,44.02,2.168,0.1937,,,,567.4212598,545.7677165,,
2006,301,-117.083864,46.782106,2006_301,WW,,100,0,1,,,,,,,44.09,2.074,0.1954,,,,546.2598425,517.2244094,,
2006,302,-117.0834303,46.78215462,2006_302,WW,,100,0,1,,,,,,,44.31,2.276,0.2107,,,,495.0787402,468.011811,,
2006,303,-117.0830123,46.78207922,2006_303,WW,,100,0,1,,,,,,,43.97,2.151,0.1945,,,,490.6496063,468.503937,532.480315,468.447872
2006,304,-117.08261,46.782159,2006_304,WW,,100,0,1,,,,,,,45.09,2.279,0.2132,,,,494.5866142,469.980315,,
2006,305,-117.082192,46.782196,2006_305,SC,,100,0,1,,,,,,,60.584,3.874,0.5771,,,,156.5,151,,
2006,306,-117.081774,46.781998,2006_306,WP,,100,0,1,,,,,,,43,3.783,0.2914,,,,36,34.5,125.5,110.3534483
2006,307,-117.081356,46.782137,2006_307,WL,,100,0,1,,,,,,,44.23,4.156,0.3041,,,,138,133,169.5,150.078125
2006,308,-117.080938,46.782139,2006_308,WL,,100,0,1,,,,,,,44.15,3.838,0.3253,,,,101,98.5,,
2006,309,-117.080499,46.78197702,2006_309,SB,,100,0,1,,,,,,,43.57,1.838,0.1508,,,,516.2401575,489.6653543,524.6062992,456.7692778
2006,310,-117.080102,46.782258,2006_310,SB,,100,0,1,,,,,,,44.42,1.87,0.1482,,,,441.9291339,416.3385827,490.1574803,434.7483738
2006,311,-117.079684,46.782229,2006_311,SP,,100,0,1,,,,,,,43.27,3.899,0.2604,,,,37,35,275,235.2777778
2006,312,-117.0793018,46.78221346,2006_312,SP,,100,0,1,,,,,,,43.27,3.721,0.2671,,,,24.5,24,,
2006,313,-117.078848,46.782114,2006_313,SW,,100,0,1,,,,,,,44.41,2.445,0.229,,,,313.976378,297.2440945,428.6417323,382.9199475
2006,314,-117.07843,46.782126,2006_314,SW,,100,0,1,,,,,,,44.7,2.795,0.2578,,,,291.8307087,277.0669291,550.1968504,497.7971504
2006,315,-117.0780418,46.78214737,2006_315,SW,,100,0,1,,,,,,,44.24,2.765,0.2599,,,,479.3307087,457.6771654,845.9645669,764.5013123
2006,316,-117.077594,46.782068,2006_316,SW,,100,0,1,,,,,,,44.66,3.027,0.2807,,,,318.8976378,305.1181102,809.0551181,715.4909208
2006,323,-117.0851352,46.78249247,2006_323,WW,,100,0,0,,,,,,,,,,,,,,,,
2006,324,-117.084751,46.78235,2006_324,WW,,100,0,1,,,,,,,44.7,2.137,0.1996,,,,319.8818898,301.6732283,,
2006,325,-117.084333,46.782439,2006_325,WW,,100,0,1,,,,,,,44.12,2.033,0.1905,,,,515.2559055,488.1889764,,
2006,326,-117.083915,46.782392,2006_326,WW,,100,0,1,,,,,,,44.23,2.229,0.2025,,,,596.4566929,560.0393701,,
2006,327,-117.083497,46.782455,2006_327,WW,,100,0,1,,,,,,,44.5,2.029,0.189,,,,551.6732283,520.1771654,629.9212598,565.4112513
2006,328,-117.083079,46.782376,2006_328,WW,,100,0,1,,,,,,,44.54,2.24,0.217,,,,599.9015748,566.9291339,,
2006,329,-117.0826453,46.78243781,2006_329,WW,,100,0,1,,,,,,,44.3,2.201,0.1992,,,,633.3661417,610.2362205,,
2006,330,-117.082243,46.782482,2006_330,WW,,100,0,1,,,,,,,44.8,2.407,0.2143,,,,542.3228346,512.3031496,,
2006,331,-117.081825,46.782284,2006_331,SC,,100,0,1,,,,,,,60.017,4.2883,0.6014,,,,139,134,420,364.5833333
2006,332,-117.081407,46.782423,2006_332,WP,,100,0,0,,,,,,,,,,,,,,,,
2006,333,-117.080989,46.782425,2006_333,WL,,100,0,1,,,,,,,44.14,3.84,0.3281,,,,87.5,85.5,131.5,115.5067568
2006,334,-117.080571,46.782281,2006_334,WB,Winter Barley planted with mini concord.  Spacing was paired rows 12 inches between pairs.  One person took 4 paired rows while others took 3 paired rows.,100,0,1,,,,,,,44.88,1.547,0.1804,,,,583.5,559.5,,
2006,335,-117.080153,46.782544,2006_335,WB,Winter Barley planted with mini concord.  Spacing was paired rows 12 inches between pairs.  One person took 4 paired rows while others took 3 paired rows.,100,0,1,,,,,,,45.21,1.883,0.2069,,,,415.5,395.5,451.5,400.7696629
2006,336,-117.079735,46.782515,2006_336,SB,,100,0,1,,,,,,,43.97,1.906,0.1516,,,,474.4094488,441.4370079,598.9173228,525.8786249
2006,337,-117.079317,46.782479,2006_337,SP,,100,0,1,,,,,,,43.37,3.562,0.2602,,,,62.5,60,,
2006,338,-117.0788911,46.78239455,2006_338,SW,,100,0,1,,,,,,,44.3,2.472,0.2437,,,,322.8346457,310.5314961,462.1062992,451.1904024
2006,348,-117.084617,46.782636,2006_348,WW,,100,0,1,,,,,,,44.05,2.089,0.191,,,,389.2716535,370.5708661,,
2006,349,-117.084199,46.782725,2006_349,WW,,100,0,1,,,,,,,44.27,2.112,0.1945,,,,383.8582677,360.7283465,,
2006,350,-117.083781,46.782678,2006_350,WW,,100,0,1,,,,,,,44.32,2.152,0.2011,,,,525.5905512,497.5393701,,
2006,351,-117.083363,46.782741,2006_351,WW,,100,0,1,,,,,,,44.36,2.166,0.1993,,,,531.496063,508.8582677,,
2006,352,-117.0829188,46.78264763,2006_352,WW,,100,0,1,,,,,,,44.14,2.122,0.1979,,,,553.1496063,531.003937,,
2006,353,-117.082527,46.782731,2006_353,WW,,100,0,1,,,,,,,44.68,2.161,0.203,,,,521.6535433,490.6496063,,
2006,354,-117.082109,46.782768,2006_354,WW,,100,0,1,,,,,,,44.28,2.109,0.1941,,,,521.1614173,491.1417323,,
2006,355,-117.081691,46.78257,2006_355,SC,,100,0,1,,,,,,,60.79,4.0784,0.5727,,,,148.5,143,,
2006,356,-117.081273,46.782709,2006_356,WP,,100,0,0,,,,,,,,,,,,,,,,
2006,357,-117.080855,46.782711,2006_357,WP,,100,0,0,,,,,,,,,,,,,,,,
2006,358,-117.0804141,46.78255608,2006_358,WB,Winter Barley planted with mini concord.  Spacing was paired rows 12 inches between pairs.  One person took 4 paired rows while others took 3 paired rows.,100,0,1,,,,,,,45.11,1.707,0.1907,,,,508,494,,
2006,359,-117.080019,46.78283,2006_359,WB,Winter Barley planted with mini concord.  Spacing was paired rows 12 inches between pairs.  One person took 4 paired rows while others took 3 paired rows.,100,0,1,,,,,,,44.95,1.593,0.1817,,,,475.5,455,356.5,313.5481928
2006,360,-117.079601,46.782801,2006_360,SB,,100,0,1,,,,,,,43.63,2.254,0.1723,,,,339.5669291,329.2322835,,
2006,371,-117.0842298,46.78296597,2006_371,WW,,100,0,1,,,,,,,44.24,2.687,0.233,,,,410.4330709,394.1929134,,
2006,372,-117.083798,46.782964,2006_372,WW,,100,0,1,,,,,,,44.15,2.106,0.197,,,,597.4409449,563.976378,,
2006,373,-117.08338,46.783027,2006_373,WW,,100,0,1,,,,,,,44.36,2.18,0.2017,,,,504.4291339,476.3779528,,
2006,374,-117.082962,46.782948,2006_374,WW,,100,0,1,,,,,,,44.25,2.037,0.1967,,,,613.1889764,582.6771654,690.9448819,618.2138417
2006,375,-117.0825283,46.78300622,2006_375,WW,,100,0,1,,,,,,,43.96,2.149,0.1998,,,,497.5393701,474.9015748,,
2006,376,-117.082126,46.783054,2006_376,WW,,100,0,1,,,,,,,44.34,2.032,0.1892,,,,545.7677165,515.7480315,,
2006,377,-117.0816503,46.78282132,2006_377,SC,,100,0,1,,,,,,,59.884,4.1156,0.5893,,,,153,147,545,480.4074074
2006,378,-117.08129,46.782995,2006_378,SC,,100,0,1,,,,,,,58.663,4.2333,0.6997,,,,133.5,128.5,,
2006,379,-117.080872,46.782997,2006_379,WP,,100,0,0,,,,,,,,,,,,,,,,
2006,380,-117.080454,46.782853,2006_380,WL,,100,0,1,,,,,,,44.75,4.133,0.3526,,,,231.5,227,256.5,226.3235294
2006,381,-117.080036,46.783116,2006_381,WL,,100,0,1,,,,,,,44.61,4.039,0.3653,,,,49.5,47.5,,
2006,394,-117.0839099,46.78312585,2006_394,WW,,100,0,1,,,,,,,44.21,2.28,0.2085,,,,600.3937008,566.9291339,,
2006,395,-117.083498,46.783313,2006_395,WW,,100,0,1,,,,,,,44.18,1.963,0.1796,,,,599.4094488,572.3425197,,
2006,396,-117.08308,46.783234,2006_396,WW,,100,0,1,,,,,,,43.83,1.944,0.1794,,,,625,598.9173228,,
2006,397,-117.082662,46.783303,2006_397,WW,,100,0,1,,,,,,,44.11,1.986,0.1855,,,,414.3700787,394.6850394,,
2006,398,-117.0822755,46.78335797,2006_398,WW,,100,0,1,,,,,,,43.65,1.894,0.1768,,,,408.4645669,391.2401575,,
2006,399,-117.081826,46.783142,2006_399,WW,,100,0,1,,,,,,,45.45,2.248,0.1889,,,,672.2440945,633.8582677,,
2006,400,-117.081408,46.783281,2006_400,WW,,100,0,1,,,,,,,45.9,2.079,0.1839,,,,508.3661417,482.7755906,,
2006,401,-117.08099,46.783283,2006_401,SC,,100,0,1,,,,,,,59.539,4.0551,0.5863,,,,153,147.5,485,423.7864078
2006,402,-117.080572,46.783139,2006_402,WP,,100,0,0,,,,,,,,,,,,,,,,
2006,419,-117.0832106,46.7834571,2006_419,WW,,100,0,1,,,,,,,45.76,2.047,0.1767,,,,474.4094488,454.2322835,,
2006,420,-117.0827709,46.78351532,2006_420,WW,,100,0,1,,,,,,,45.31,1.933,0.1643,,,,564.4685039,536.9094488,,
2006,421,-117.0823668,46.78355231,2006_421,WW,,100,0,1,,,,,,,45.64,2.008,0.1775,,,,516.2401575,495.5708661,,
2006,422,-117.081933,46.783428,2006_422,WW,,100,0,1,,,,,,,45.8,2.4,0.1972,,,,496.0629921,472.9330709,,
2006,423,-117.0814836,46.78355263,2006_423,WW,,100,0,0,,,,,,,,,,,,,,,,
2006,424,-117.081097,46.783569,2006_424,WW,,100,0,0,,,,,,,,,,,,,,,,
2006,425,-117.080679,46.783425,2006_425,SC,,100,0,1,,,,,,,61.215,3.7353,0.5098,,,,168,162,,
2007,1,-117.087514,46.778729,2007_1,,,100,0,0,,,,,,,,,,,,,,,,
2007,2,-117.0870646,46.77869163,2007_2,SP,,100,0,1,,,,,,,44.34,3.088,0.2719,,,,109,105.5,,
2007,3,-117.086678,46.778791,2007_3,SP,,100,0,1,,,,,,,44,3.032,0.2358,,,,157,151.5,,
2007,4,-117.08626,46.778761,2007_4,SB,,100,0,1,,,,,,,44.17,1.621,0.1563,,,,471.9488189,452.7312285,,
2007,5,-117.085842,46.778666,2007_5,SW,,100,0,1,,,,,,,,2.614035088,,,,,381.3976378,364.6653543,,
2007,6,-117.0854188,46.77877321,2007_6,SW,,100,0,1,,,,,,,,2.649122807,,,,,343.011811,327.2637795,,
2007,7,-117.085006,46.778632,2007_7,SW,,100,0,1,,,,,,,,2.842105263,,,,,346.4566929,336.1220472,,
2007,8,-117.084588,46.778721,2007_8,SW,,100,0,1,,,,,,,,2.631578947,,,,,365.1574803,347.9330709,,
2007,9,-117.08417,46.778674,2007_9,SW,,100,0,1,,,,,,,,2.719298246,,,,,300.6889764,287.4015748,,
2007,10,-117.083752,46.778737,2007_10,SW,,100,0,1,,,,,,,,2.877192982,,,,,241.6338583,229.3307087,,
2007,11,-117.083334,46.778658,2007_11,SW,,100,0,1,,,,,,,,2.824561404,,,,,375,360.7283465,,
2007,12,-117.0829398,46.77873108,2007_12,SW,,100,0,1,,,,,,,,2.50877193,,,,,236.7125984,226.3779528,,
2007,13,-117.082498,46.778764,2007_13,WW,,100,0,1,,,,,,,,1.543859649,,,,,437.007874,418.3070866,,
2007,14,-117.0816322,46.77868863,2007_14,WW,,100,0,1,,,,,,,44.257,2.4828,,,,,258.8582677,249.015748,,
2007,15,-117.081244,46.778707,2007_15,WW,,100,0,1,,,,,,,,2,,,,,530.019685,510.8267717,,
2007,16,-117.080408,46.778826,2007_16,WW,,100,0,1,,,,,,,,1.754385965,,,,,640.2559055,624.015748,,
2007,17,-117.07999,46.778797,2007_17,WW,,100,0,1,,,,,,,,1.877192982,,,,,655.019685,622.5393701,,
2007,18,-117.0888801,46.77895174,2007_18,AL,This area planted to RR alfalfa.  WT should have been here if it were planted.,100,0,0,,,,,,,,,,,,,,,,
2007,19,-117.0884663,46.77882662,2007_19,WL,,100,5.3,1,,,,,,,44.74,3.56,0.2416,,,,3.5,4,,
2007,20,-117.088064,46.778867,2007_20,WL,,100,0,1,,,,,,,44.29,4.217,0.2448,,,,58,57.5,,
2007,21,-117.087646,46.778842,2007_21,SC,,100,0,1,,,,,,,62.377,3.3993,0.5394,,,,194.8818898,188.976378,,
2007,22,-117.087228,46.779015,2007_22,,,100,0,0,,,,,,,,,,,,,,,,
2007,23,-117.086831,46.77900278,2007_23,,,100,0,0,,,,,,,,,,,,,,,,
2007,24,-117.086392,46.779077,2007_24,SP,,100,0,1,,,,,,,44.12,3.104,0.2087,,,,136,131,,
2007,25,-117.085974,46.779047,2007_25,SB,,100,0,1,,,,,,,44.52,1.999,0.1816,,,,531.003937,509.3816429,,
2007,26,-117.085556,46.778952,2007_26,SW,,100,0,1,,,,,,,,2.175438596,,,,,377.4606299,357.2834646,,
2007,27,-117.085117,46.77906282,2007_27,SW,,100,0,1,,,,,,,,2.403508772,,,,,375.492126,359.7440945,,
2007,28,-117.08472,46.778918,2007_28,SW,,100,0,1,,,,,,,,2.684210526,,,,,360.2362205,344.488189,,
2007,29,-117.084302,46.779007,2007_29,SW,,100,0,1,,,,,,,,2.789473684,,,,,250,240.6496063,,
2007,30,-117.083884,46.77896,2007_30,SW,,100,0,1,,,,,,,,2.456140351,,,,,344.488189,334.1535433,,
2007,31,-117.083466,46.779023,2007_31,SW,,100,0,1,,,,,,,,2.50877193,,,,,159.4488189,152.0669291,,
2007,32,-117.083048,46.778944,2007_32,SW,,100,0,1,,,,,,,,2.649122807,,,,,386.8110236,372.5393701,,
2007,33,-117.08263,46.779013,2007_33,SW,,100,0,1,,,,,,,,2.859649123,,,,,148.6220472,141.7322835,,
2007,34,-117.082212,46.77905,2007_34,WW,,100,0,1,,,,,,,,1.736842105,,,,,437.007874,420.7677165,,
2007,35,-117.081794,46.778852,2007_35,WW,,100,0,1,,,,,,,,1.842105263,,,,,507.8740157,487.6968504,,
2007,36,-117.0814058,46.77900737,2007_36,WW,,100,0,1,,,,,,,,1.824561404,,,,,764.7637795,743.6023622,,
2007,37,-117.080958,46.778993,2007_37,WW,,100,0,1,,,,,,,43.934,1.8551,,,,,415.8464567,401.5748031,,
2007,38,-117.08054,46.778849,2007_38,WW,,100,0,1,,,,,,,43.904,1.9089,,,,,534.9409449,512.3031496,,
2007,39,-117.080122,46.779112,2007_39,WW,,100,0,1,,,,,,,,1.596491228,,,,,502.9527559,488.6811024,,
2007,40,-117.079704,46.779083,2007_40,WW,,100,0,1,,,,,,,43.816,1.8795,,,,,266.7322835,255.9055118,,
2007,41,-117.079286,46.779047,2007_41,WW,,100,0,1,,,,,,,44.006,2.2232,,,,,608.2677165,585.1377953,,
2007,42,-117.0887062,46.77911338,2007_42,AL,This area planted to RR alfalfa.  WT should have been here if it were planted.,100,0,0,,,,,,,,,,,,,,,,
2007,43,-117.088318,46.779153,2007_43,WT,,100,0,1,,,,,,,44.37,2.102,0.2354,,,,489.1732283,469.488189,,
2007,44,-117.0879,46.779128,2007_44,WL,,100,0,1,,,,,,,44.6,3.961,0.2744,,,,70.5,69.5,,
2007,45,-117.0874635,46.77928833,2007_45,SC,,100,0,1,,,,,,,62.711,3.5503,0.5406,,,,127.4606299,124.507874,,
2007,46,-117.087064,46.779278,2007_46,SC,,100,0,1,,,,,,,61.939,3.4257,0.5211,,,,174.7047244,170.7677165,,
2007,47,-117.086646,46.779363,2007_47,,,100,0,0,,,,,,,,,,,,,,,,
2007,48,-117.086228,46.779333,2007_48,SP,,100,0,1,,,,,,,44.19,3.475,0.2147,,,,195,187,,
2007,49,-117.08581,46.779238,2007_49,SB,,100,0,1,,,,,,,44.63,2.02,0.1796,,,,545.2755906,523.0721597,,
2007,50,-117.0853355,46.77932123,2007_50,SW,,100,0,1,,,,,,,,2.473684211,,,,,407.9724409,391.2401575,,
2007,51,-117.0849635,46.77919681,2007_51,SW,,100,0,1,,,,,,,,2.754385965,,,,,329.2322835,312.007874,,
2007,52,-117.084556,46.779293,2007_52,SW,,100,0,1,,,,,,,,2.649122807,,,,,415.3543307,397.6377953,,
2007,53,-117.084138,46.779246,2007_53,SW,,100,0,1,,,,,,,,2.438596491,,,,,362.6968504,351.8700787,,
2007,54,-117.08372,46.779309,2007_54,SW,,100,0,1,,,,,,,,2.473684211,,,,,362.6968504,347.4409449,,
2007,55,-117.083302,46.77923,2007_55,SW,,100,0,1,,,,,,,,2.175438596,,,,,365.6496063,352.3622047,,
2007,56,-117.0829019,46.77931128,2007_56,SW,,100,0,1,,,,,,,,2.561403509,,,,,329.7244094,318.4055118,,
2007,57,-117.082466,46.779336,2007_57,SW,,100,0,1,,,,,,,,2.456140351,,,,,387.3031496,374.507874,,
2007,58,-117.082048,46.779138,2007_58,WW,,100,0,1,,,,,,,,2.280701754,,,,,366.6338583,351.8700787,,
2007,59,-117.0816002,46.77925244,2007_59,WW,,100,0,1,,,,,,,44.85,2.1998,,,,,752.9527559,721.4566929,,
2007,60,-117.081212,46.779279,2007_60,WW,,100,0,1,,,,,,,,2.333333333,,,,,701.2795276,669.2913386,,
2007,61,-117.080794,46.779135,2007_61,WW,,100,0,1,,,,,,,,1.368421053,,,,,505.9055118,483.2677165,,
2007,62,-117.0803999,46.77941847,2007_62,WW,,100,0,1,,,,,,,,1.666666667,,,,,654.0354331,628.4448819,,
2007,63,-117.079958,46.779369,2007_63,WW,,100,0,1,,,,,,,43.826,2.3512,,,,,517.2244094,497.0472441,,
2007,64,-117.07954,46.779333,2007_64,WW,,100,0,1,,,,,,,,2.157894737,,,,,554.6259843,535.4330709,,
2007,65,-117.079122,46.779254,2007_65,WW,,100,0,1,,,,,,,,2.578947368,,,,,579.7244094,555.1181102,,
2007,66,-117.0787339,46.77928646,2007_66,WW,,100,0,1,,,,,,,43.685,2.1536,,,,,549.7047244,525.0984252,,
2007,67,-117.078286,46.779271,2007_67,WW,,100,0,1,,,,,,,,2.105263158,,,,,362.6968504,352.8543307,,
2007,68,-117.088231,46.779439,2007_68,WT,,100,0,1,,,,,,,44.44,2.068,0.2372,,,,504.9212598,484.2519685,,
2007,69,-117.087813,46.779414,2007_69,WL,,100,0,1,,,,,,,44.76,4.221,0.26,,,,45,44.5,,
2007,70,-117.087395,46.779587,2007_70,WL,,100,0,1,,,,,,,44.11,4.076,0.2862,,,,116,114.5,,
2007,71,-117.086977,46.779564,2007_71,SC,,100,0,1,,,,,,,62.637,3.6304,0.5583,,,,206.2007874,199.8031496,,
2007,72,-117.086559,46.779649,2007_72,,,100,0,0,,,,,,,,,,,,,,,,
2007,73,-117.0861725,46.77963697,2007_73,,,100,0,0,,,,,,,,,,,,,,,,
2007,74,-117.0856916,46.77950963,2007_74,SB,,100,0,1,,,,,,,44.46,2.08,0.1811,,,,557.5787402,534.8743294,,
2007,75,-117.085305,46.779642,2007_75,SB,,100,0,1,,,,,,,44.63,1.971,0.1736,,,,529.0354331,507.4932958,,
2007,76,-117.084887,46.77949,2007_76,SW,,100,0,1,,,,,,,,2.333333333,,,,,537.4015748,510.8267717,,
2007,77,-117.084469,46.779579,2007_77,SW,,100,0,1,,,,,,,,2.631578947,,,,,417.3228346,397.1456693,,
2007,78,-117.084051,46.779532,2007_78,SW,,100,0,1,,,,,,,,2.859649123,,,,,365.6496063,354.8228346,,
2007,79,-117.083633,46.779595,2007_79,SW,,100,0,1,,,,,,,,1.771929825,,,,,427.6574803,415.3543307,,
2007,80,-117.083215,46.779516,2007_80,SW,,100,0,1,,,,,,,,2.596491228,,,,,387.7952756,370.0787402,,
2007,81,-117.082797,46.779585,2007_81,SW,,100,0,1,,,,,,,,2.385964912,,,,,338.5826772,326.7716535,,
2007,82,-117.082379,46.779622,2007_82,SW,,100,0,1,,,,,,,,2.50877193,,,,,429.1338583,416.3385827,,
2007,83,-117.081961,46.779424,2007_83,WW,,100,0,1,,,,,,,44.171,2.2014,,,,,577.7559055,558.0708661,,
2007,84,-117.081543,46.779563,2007_84,WW,,100,0,1,,,,,,,,2,,,,,574.3110236,554.1338583,,
2007,85,-117.081125,46.779565,2007_85,WW,,100,0,1,,,,,,,,1.859649123,,,,,622.5393701,601.3779528,,
2007,86,-117.080707,46.779421,2007_86,WW,wet spot.  This spot was not planted,100,0,0,,,,,,,,,,,,,,,,
2007,87,-117.080289,46.779684,2007_87,WW,,100,0,1,,,,,,,,1.771929825,,,,,400.0984252,381.8897638,,
2007,88,-117.079871,46.779655,2007_88,WW,,100,0,1,,,,,,,,2.350877193,,,,,526.5748031,506.3976378,,
2007,89,-117.079447,46.77960671,2007_89,WW,,100,0,1,,,,,,,43.82,2.1736,,,,,525.5905512,505.9055118,,
2007,90,-117.079035,46.77954,2007_90,WW,,100,0,1,,,,,,,,2.578947368,,,,,519.1929134,497.0472441,,
2007,91,-117.078617,46.779552,2007_91,WW,,100,0,1,,,,,,,43.904,2.0895,,,,,687.007874,661.9094488,,
2007,92,-117.078199,46.779557,2007_92,WW,,100,0,1,,,,,,,,2,,,,,789.3700787,761.3188976,,
2007,93,-117.077781,46.779494,2007_93,WW,,100,0,1,,,,,,,,2.368421053,,,,,319.8818898,304.1338583,,
2007,94,-117.077363,46.779658,2007_94,WW,,100,0,1,,,,,,,,2.526315789,,,,,276.5748031,263.7795276,,
2007,95,-117.088073,46.77971682,2007_95,AL,This area planted to RR alfalfa.  WT should have been here if it were planted.,100,0,0,,,,,,,,,,,,,,,,
2007,96,-117.087663,46.7797,2007_96,WT,,100,0,1,,,,,,,44.26,1.802,0.2194,,,,298.7204724,288.8779528,,
2007,97,-117.087245,46.779873,2007_97,WL,,100,0,1,,,,,,,44.3,3.428,0.2557,,,,23,23,,
2007,98,-117.086827,46.77985,2007_98,SC,,100,0,1,,,,,,,61.654,3.8346,0.6019,,,,174.7047244,168.7992126,,
2007,99,-117.086409,46.779935,2007_99,SC,,100,0,1,,,,,,,62.646,3.6551,0.5606,,,,195.3740157,189.9606299,,
2007,100,-117.085991,46.779905,2007_100,,,100,0,0,,,,,,,,,,,,,,,,
2007,101,-117.085573,46.77981,2007_101,SP,,100,0,1,,,,,,,44.05,3.332,0.2187,,,,173,165.5,333.5,311.2666667
2007,102,-117.085155,46.779928,2007_102,SB,,100,0,1,,,,,,,44.84,2.056,0.1833,,,,375,359.7301315,,
2007,103,-117.084737,46.779776,2007_103,SW,,100,0,1,,,,,,,,2.473684211,,,,,429.6259843,408.9566929,,
2007,104,-117.0843452,46.77988297,2007_104,SW,,100,0,1,,,,,,,,1.877192982,,,,,375.492126,360.2362205,,
2007,105,-117.083901,46.779818,2007_105,SW,,100,0,1,,,,,,,,2.49122807,,,,,322.3425197,310.0393701,,
2007,106,-117.083483,46.779881,2007_106,SW,,100,0,1,,,,,,,,2.421052632,,,,,355.8070866,340.5511811,,
2007,107,-117.083065,46.779802,2007_107,SW,,100,0,1,,,,,,,,2.245614035,,,,,175.6889764,168.7992126,,
2007,108,-117.082647,46.779871,2007_108,SW,,100,0,1,,,,,,,,2.105263158,,,,,336.6141732,320.3740157,,
2007,109,-117.0821935,46.77987977,2007_109,SW,,100,0,1,,,,,,,,2.578947368,,,,,398.1299213,380.9055118,,
2007,110,-117.0817533,46.77967045,2007_110,WW,,100,0,1,,,,,,,,1.684210526,,,,,583.1692913,562.992126,,
2007,111,-117.081393,46.779849,2007_111,WW,,100,0,1,,,,,,,44.134,2.0199,,,,,363.1889764,347.9330709,,
2007,112,-117.080975,46.779851,2007_112,WW,,100,0,1,,,,,,,,1.98245614,,,,,518.7007874,499.015748,,
2007,113,-117.0805391,46.77969063,2007_113,WW,,100,0,1,,,,,,,,2.035087719,,,,,400.5905512,382.3818898,,
2007,114,-117.080139,46.77997,2007_114,WW,,100,0,1,,,,,,,43.837,1.9116,,,,,328.2480315,314.4685039,,
2007,115,-117.0797031,46.77992463,2007_115,WW,,100,0,1,,,,,,,,1.842105263,,,,,403.0511811,394.1929134,,
2007,116,-117.079303,46.779905,2007_116,WW,,100,0,1,,,,,,,,1.543859649,,,,,519.1929134,497.0472441,,
2007,117,-117.078885,46.779826,2007_117,WW,,100,0,1,,,,,,,,2.035087719,,,,,476.3779528,456.6929134,,
2007,118,-117.078467,46.779838,2007_118,WW,,100,0,1,,,,,,,44.314,2.156,,,,,612.2047244,588.5826772,,
2007,119,-117.0780192,46.77982663,2007_119,WW,,100,0,1,,,,,,,44.246,2.1054,,,,,651.5748031,629.9212598,,
2007,120,-117.077631,46.77978,2007_120,WW,,100,0,1,,,,,,,,2.210526316,,,,,410.9251969,392.2244094,,
2007,121,-117.077213,46.779944,2007_121,WW,,100,0,1,,,,,,,,2.105263158,,,,,267.7165354,256.3976378,,
2007,122,-117.087699,46.779986,2007_122,WT,,100,0,1,,,,,,,43.48,1.718,0.1395,,,,540.8464567,524.1141732,,
2007,123,-117.087281,46.780159,2007_123,WT,,100,0,1,,,,,,,43.83,2.267,0.1729,,,,479.8228346,461.1220472,,
2007,124,-117.086863,46.780136,2007_124,WL,,100,0,1,,,,,,,44.42,3.671,0.297,,,,59,58.5,,
2007,125,-117.086445,46.780221,2007_125,SC,,100,0,1,,,,,,,62.33,3.856,0.5774,,,,204.2322835,198.3267717,,
2007,126,-117.0860113,46.78018382,2007_126,,,100,0,0,,,,,,,,,,,,,,,,
2007,127,-117.0855933,46.78008882,2007_127,SP,,100,0,1,,,,,,,44.57,3.557,0.263,,,,183.5,176,277,258.3258427
2007,128,-117.085191,46.780214,2007_128,SP,,100,0,1,,,,,,,43.95,3.31,0.249,,,,224,215,,
2007,129,-117.084773,46.780062,2007_129,SB,,100,0,1,,,,,,,44.44,2.056,0.1846,,,,509.8425197,489.0819111,,
2007,130,-117.084355,46.780151,2007_130,SW,,100,0,1,,,,,,,,1.824561404,,,,,451.7716535,436.023622,,
2007,131,-117.083937,46.780104,2007_131,SW,,100,0,1,,,,,,,,2.49122807,,,,,432.0866142,412.8937008,,
2007,132,-117.083519,46.780167,2007_132,SW,,100,0,1,,,,,,,,2.473684211,,,,,434.0551181,419.2913386,,
2007,133,-117.083101,46.780088,2007_133,SW,,100,0,1,,,,,,,,1.719298246,,,,,221.4566929,212.5984252,,
2007,134,-117.082683,46.780157,2007_134,SW,,100,0,1,,,,,,,,2.912280702,,,,,393.7007874,379.9212598,,
2007,135,-117.082265,46.780194,2007_135,SW,,100,0,1,,,,,,,,2.403508772,,,,,307.0866142,296.2598425,,
2007,136,-117.081847,46.779996,2007_136,SW,,100,0,1,,,,,,,,2.578947368,,,,,289.3700787,279.5275591,,
2007,137,-117.0814529,46.78014727,2007_137,SW,,100,0,1,,,,,,,,2.877192982,,,,,366.1417323,354.3307087,,
2007,138,-117.081011,46.780137,2007_138,WW,,100,0,1,,,,,,,,1.807017544,,,,,509.8425197,489.1732283,,
2007,139,-117.080593,46.779993,2007_139,WW,,100,0,1,,,,,,,,2.052631579,,,,,373.523622,359.7440945,,
2007,140,-117.080175,46.780256,2007_140,WW,,100,0,1,,,,,,,,1.859649123,,,,,419.7834646,401.0826772,,
2007,141,-117.079757,46.780227,2007_141,WW,,100,0,1,,,,,,,,1.245614035,,,,,349.4094488,337.1062992,,
2007,142,-117.079339,46.780191,2007_142,WW,,100,0,1,,,,,,,,1.561403509,,,,,468.503937,451.7716535,,
2007,143,-117.0789031,46.78010382,2007_143,WW,,100,0,1,,,,,,,44.237,2.1219,,,,,494.5866142,475.3937008,,
2007,144,-117.078503,46.780124,2007_144,WW,,100,0,1,,,,,,,,1.824561404,,,,,476.8700787,461.1220472,,
2007,145,-117.078085,46.780129,2007_145,WW,,100,0,1,,,,,,,,1.561403509,,,,,457.1850394,439.4685039,,
2007,146,-117.077667,46.780066,2007_146,WW,,100,0,1,,,,,,,,1.842105263,,,,,373.0314961,355.3149606,,
2007,147,-117.077249,46.78023,2007_147,WW,,100,0,1,,,,,,,,1.894736842,,,,,244.5866142,233.2677165,,
2007,148,-117.076831,46.780004,2007_148,WW,,100,0,1,,,,,,,,2.01754386,,,,,523.1299213,498.523622,,
2007,149,-117.087103,46.780422,2007_149,WT,,100,0,1,,,,,,,43.92,2.201,0.165,,,,653.0511811,634.3503937,,
2007,150,-117.086685,46.780507,2007_150,WL,,100,0,1,,,,,,,44.63,3.818,0.2891,,,,20.5,20.5,,
2007,151,-117.0862251,46.78045544,2007_151,SC,,100,0,1,,,,,,,62.524,3.871,0.6211,,,,168.7992126,164.3700787,,
2007,152,-117.0858333,46.78037122,2007_152,,,100,0,0,,,,,,,,,,,,,,,,
2007,153,-117.085431,46.7805,2007_153,,,100,0,0,,,,,,,,,,,,,,,,
2007,154,-117.085013,46.780348,2007_154,SP,,100,0,1,,,,,,,44.32,3.153,0.264,,,,144,138.5,,
2007,155,-117.084595,46.780437,2007_155,SB,,100,0,1,,,,,,,44.74,2.191,0.1951,,,,243.1102362,233.2108727,,
2007,156,-117.084177,46.78039,2007_156,SW,,100,0,1,,,,,,,,2.403508772,,,,,456.2007874,438.484252,,
2007,157,-117.083759,46.780453,2007_157,SW,,100,0,1,,,,,,,,2.298245614,,,,,274.1141732,259.8425197,,
2007,158,-117.083341,46.780374,2007_158,SW,,100,0,1,,,,,,,,2.578947368,,,,,296.7519685,283.4645669,,
2007,159,-117.082923,46.780443,2007_159,SW,,100,0,1,,,,,,,,2.263157895,,,,,274.6062992,261.8110236,,
2007,160,-117.082505,46.78048,2007_160,SW,,100,0,1,,,,,,,,2.280701754,,,,,259.3503937,249.015748,,
2007,161,-117.082087,46.780282,2007_161,SW,,100,0,1,,,,,,,,2.368421053,,,,,298.2283465,284.4488189,,
2007,162,-117.0816451,46.78040873,2007_162,SW,,100,0,1,,,,,,,,3.052631579,,,,,331.2007874,319.3897638,,
2007,163,-117.081251,46.780423,2007_163,SW,,100,0,1,,,,,,,,2.719298246,,,,,273.6220472,261.3188976,,
2007,164,-117.080833,46.780279,2007_164,WW,,100,0,1,,,,,,,,1.719298246,,,,,510.3346457,496.5551181,,
2007,165,-117.080415,46.780542,2007_165,WW,,100,0,1,,,,,,,,1.894736842,,,,,610.7283465,589.0748031,,
2007,166,-117.079997,46.780513,2007_166,WW,,100,0,1,,,,,,,,2.333333333,,,,,554.6259843,533.4645669,,
2007,167,-117.079579,46.780477,2007_167,WW,,100,0,1,,,,,,,44.64,2.2775,,,,,406.496063,388.2874016,,
2007,168,-117.079161,46.780398,2007_168,WW,,100,0,1,,,,,,,,1.859649123,,,,,385.3346457,369.5866142,,
2007,169,-117.078743,46.78041,2007_169,WW,,100,0,1,,,,,,,,2.350877193,,,,,398.1299213,380.9055118,,
2007,170,-117.078325,46.780415,2007_170,WW,,100,0,1,,,,,,,44.357,2.1873,,,,,280.019685,268.2086614,,
2007,171,-117.077907,46.780352,2007_171,WW,,100,0,1,,,,,,,44.288,2.2916,,,,,346.4566929,331.2007874,,
2007,172,-117.077489,46.780516,2007_172,WW,,100,0,1,,,,,,,,1.666666667,,,,,411.4173228,395.1771654,,
2007,173,-117.077071,46.78029,2007_173,WW,,100,0,1,,,,,,,,2.105263158,,,,,385.3346457,369.5866142,,
2007,174,-117.076653,46.780414,2007_174,WW,,100,0,1,,,,,,,,1.807017544,,,,,509.3503937,491.1417323,,
2007,175,-117.086879,46.780708,2007_175,WT,,100,0,1,,,,,,,43.95,2.237,0.1743,,,,494.5866142,480.8070866,,
2007,176,-117.0864768,46.78080097,2007_176,WT,,100,0,1,,,,,,,44.01,2.166,0.1695,,,,731.2992126,701.7716535,,
2007,177,-117.086043,46.780763,2007_177,WL,,100,0,1,,,,,,,44.21,3.901,0.2786,,,,119,117,,
2007,178,-117.085625,46.780668,2007_178,SC,,100,0,1,,,,,,,61.753,3.7553,0.5728,,,,292.3228346,283.4645669,,
2007,179,-117.085207,46.780786,2007_179,,,100,0,0,,,,,,,,,,,,,,,,
2007,180,-117.084789,46.780634,2007_180,SP,,100,0,1,,,,,,,44.2,2.969,0.2827,,,,91,88,,
2007,181,-117.084371,46.780723,2007_181,SB,,100,0,1,,,,,,,43.93,2.011,0.1791,,,,406.988189,390.4157727,,
2007,182,-117.0839212,46.78065692,2007_182,SW,,100,0,1,,,,,,,,2.894736842,,,,,296.7519685,284.9409449,,
2007,183,-117.083535,46.780739,2007_183,SW,,100,0,1,,,,,,,,2.333333333,,,,,498.0314961,478.3464567,,
2007,184,-117.083117,46.78066,2007_184,SW,,100,0,1,,,,,,,,2.192982456,,,,,500,468.011811,,
2007,185,-117.082699,46.780729,2007_185,SW,,100,0,1,,,,,,,,2.631578947,,,,,452.2637795,436.515748,,
2007,186,-117.082281,46.780766,2007_186,SW,,100,0,1,,,,,,,,1.473684211,,,,,359.7440945,347.4409449,,
2007,187,-117.081863,46.780568,2007_187,SW,,100,0,1,,,,,,,,1.49122807,,,,,313.976378,298.7204724,,
2007,188,-117.081445,46.780707,2007_188,SW,,100,0,1,,,,,,,,2.859649123,,,,,266.7322835,257.3818898,,
2007,189,-117.081027,46.780709,2007_189,SW,,100,0,1,,,,,,,,2.315789474,,,,,424.7047244,409.9409449,,
2007,190,-117.080609,46.780565,2007_190,WW,,100,0,1,,,,,,,43.92,2.101,,,,,478.8385827,464.0748031,,
2007,191,-117.080191,46.780828,2007_191,WW,,100,0,1,,,,,,,,1.894736842,,,,,521.1614173,495.0787402,,
2007,192,-117.079773,46.780799,2007_192,WW,,100,0,1,,,,,,,,2.122807018,,,,,452.7559055,434.0551181,,
2007,193,-117.079355,46.780763,2007_193,WW,,100,0,1,,,,,,,44.07,2.04,,,,,492.1259843,462.1062992,,
2007,194,-117.0789131,46.78066353,2007_194,WW,,100,0,1,,,,,,,,1.526315789,,,,,516.7322835,493.6023622,,
2007,195,-117.078519,46.780696,2007_195,WW,,100,0,1,,,,,,,,1.385964912,,,,,508.3661417,484.7440945,,
2007,196,-117.078101,46.780701,2007_196,WW,,100,0,1,,,,,,,,1.684210526,,,,,569.8818898,547.2440945,,
2007,197,-117.077683,46.780638,2007_197,WW,,100,0,1,,,,,,,44.166,2.0011,,,,,430.1181102,414.8622047,,
2007,198,-117.077265,46.780802,2007_198,WW,,100,0,1,,,,,,,,1.543859649,,,,,494.5866142,473.4251969,,
2007,199,-117.076847,46.780576,2007_199,WW,,100,0,1,,,,,,,,1.666666667,,,,,556.5944882,534.9409449,,
2007,200,-117.0866262,46.7810531,2007_200,WT,This area planted to RR alfalfa.  WT should have been here if it were planted.,100,0,0,,,,,,,,,,,,,,,,
2007,201,-117.086242,46.781049,2007_201,WT,,100,0,1,,,,,,,44.08,2.698,0.2063,,,,494.0944882,472.9330709,,
2007,202,-117.085824,46.780954,2007_202,WL,crop Failure,100,5.3,0,,,,,,,,,,,,,0,0,,
2007,203,-117.085406,46.781072,2007_203,SC,,100,0,1,,,,,,,61.389,4.1416,0.6532,,,,143.7007874,139.7637795,330.7086614,294.6908864
2007,204,-117.084988,46.78092,2007_204,,,100,0,0,,,,,,,,,,,,,,,,
2007,205,-117.08457,46.781009,2007_205,SP,,100,0,1,,,,,,,43.66,3.502,0.295,,,,243.5,233,,
2007,206,-117.084152,46.780962,2007_206,SB,,100,0,1,,,,,,,44.26,1.873,0.1733,,,,528.0511811,506.5491222,,
2007,207,-117.083755,46.78103938,2007_207,SB,,100,0,1,,,,,,,44.26,1.99,0.1843,,,,424.2125984,406.9388102,,
2007,208,-117.083316,46.780946,2007_208,SW,,100,0,1,,,,,,,,2.719298246,,,,,294.7834646,281.988189,,
2007,209,-117.082898,46.781015,2007_209,SW,,100,0,1,,,,,,,,2.50877193,,,,,342.0275591,326.7716535,,
2007,210,-117.08248,46.781052,2007_210,SW,,100,0,1,,,,,,,,2.50877193,,,,,430.1181102,410.9251969,,
2007,211,-117.082062,46.780854,2007_211,SW,,100,0,1,,,,,,,,2.561403509,,,,,374.507874,360.2362205,,
2007,212,-117.081644,46.780993,2007_212,SW,,100,0,1,,,,,,,,2.01754386,,,,,543.3070866,522.1456693,,
2007,213,-117.081226,46.780995,2007_213,SW,,100,0,1,,,,,,,,2.052631579,,,,,540.8464567,524.6062992,,
2007,214,-117.080808,46.780851,2007_214,SW,,100,0,1,,,,,,,,2.684210526,,,,,405.019685,389.2716535,,
2007,215,-117.0804377,46.78111806,2007_215,SW,,100,0,1,,,,,,,,2.543859649,,,,,417.8149606,403.0511811,,
2007,216,-117.079972,46.781085,2007_216,WW,,100,0,1,,,,,,,,2.403508772,,,,,416.8307087,398.1299213,,
2007,217,-117.079554,46.781049,2007_217,WW,,100,0,1,,,,,,,,1.859649123,,,,,600.8858268,576.2795276,,
2007,218,-117.079136,46.78097,2007_218,WW,,100,0,1,,,,,,,,1.719298246,,,,,625.492126,599.4094488,,
2007,219,-117.078718,46.780982,2007_219,WW,,100,0,1,,,,,,,44.051,1.9691,,,,,701.7716535,684.5472441,,
2007,220,-117.0783,46.780987,2007_220,WW,,100,0,1,,,,,,,,1.964912281,,,,,565.4527559,542.8149606,,
2007,221,-117.077882,46.780924,2007_221,WW,,100,0,1,,,,,,,,1.929824561,,,,,581.2007874,564.4685039,,
2007,222,-117.077464,46.781088,2007_222,WW,,100,0,1,,,,,,,,1.807017544,,,,,618.1102362,596.9488189,,
2007,223,-117.077046,46.780862,2007_223,WW,,100,0,1,,,,,,,,1.824561404,,,,,448.8188976,435.0393701,,
2007,224,-117.076628,46.780986,2007_224,WW,,100,0,1,,,,,,,,1.947368421,,,,,480.3149606,465.0590551,,
2007,225,-117.086295,46.781365,2007_225,AL,This area planted to RR alfalfa.  WT should have been here if it were planted.,100,0,0,,,,,,,,,,,,,,,,
2007,226,-117.0858613,46.78132062,2007_226,WL,,100,0,1,,,,,,,44.05,3.828,0.249,,,,47,46,,
2007,227,-117.0854328,46.78122203,2007_227,SC,,100,0,1,,,,,,,61.101,4.115,0.6723,,,,136.8110236,132.8740157,,
2007,228,-117.085041,46.781358,2007_228,SC,,100,0,1,,,,,,,61.611,4.3296,0.7846,,,,37.4015748,36.41732283,108.2677165,94.73425197
2007,229,-117.084623,46.781206,2007_229,,,100,0,0,,,,,,,,,,,,,,,,
2007,230,-117.084205,46.781295,2007_230,SP,,100,0,1,,,,,,,43.9,3.316,0.2364,,,,171.5,165.5,249,234.5232558
2007,231,-117.083787,46.781248,2007_231,SB,,100,0,1,,,,,,,44.65,1.996,0.1837,,,,346.4566929,332.3490979,,
2007,232,-117.0832823,46.78127044,2007_232,SW,,100,0,1,,,,,,,,3.122807018,,,,,269.1929134,257.8740157,,
2007,233,-117.082951,46.781232,2007_233,SW,,100,0,1,,,,,,,,2.631578947,,,,,286.9094488,273.6220472,,
2007,234,-117.082533,46.781301,2007_234,SW,,100,0,1,,,,,,,,2.596491228,,,,,446.8503937,431.5944882,,
2007,235,-117.082115,46.781338,2007_235,SW,,100,0,1,,,,,,,,2.98245614,,,,,322.3425197,308.0708661,,
2007,236,-117.081697,46.78114,2007_236,SW,,100,0,1,,,,,,,,2.50877193,,,,,427.1653543,412.4015748,,
2007,237,-117.0812437,46.78126348,2007_237,SW,,100,0,1,,,,,,,,2.736842105,,,,,262.7952756,253.4448819,,
2007,238,-117.080861,46.781281,2007_238,SW,,100,0,1,,,,,,,,2.403508772,,,,,325.2952756,314.9606299,,
2007,239,-117.080455,46.78115338,2007_239,SW,,100,0,1,,,,,,,,2.49122807,,,,,487.2047244,467.0275591,,
2007,240,-117.0801105,46.78144636,2007_240,SW,,100,0,1,,,,,,,,2.263157895,,,,,222.9330709,215.5511811,,
2007,241,-117.079607,46.781371,2007_241,WW,,100,0,1,,,,,,,,1.964912281,,,,,643.7007874,619.5866142,,
2007,242,-117.079189,46.781335,2007_242,WW,,100,0,1,,,,,,,,2.01754386,,,,,607.2834646,579.7244094,,
2007,243,-117.078771,46.781256,2007_243,WW,,100,0,1,,,,,,,,2.052631579,,,,,630.4133858,606.7913386,,
2007,244,-117.0783888,46.78129255,2007_244,WW,,100,0,1,,,,,,,,1.719298246,,,,,621.0629921,594.980315,,
2007,245,-117.077935,46.781273,2007_245,WW,,100,0,1,,,,,,,43.98,2.3632,,,,,449.3110236,435.0393701,,
2007,246,-117.077517,46.78121,2007_246,WW,,100,0,1,,,,,,,,1.649122807,,,,,532.480315,511.8110236,,
2007,247,-117.077099,46.781374,2007_247,WW,,100,0,1,,,,,,,,2.070175439,,,,,621.5551181,593.503937,,
2007,248,-117.0766989,46.78116437,2007_248,WW,,100,0,1,,,,,,,44.259,1.9551,,,,,690.9448819,670.7677165,,
2007,249,-117.085864,46.781526,2007_249,WT,,100,0,1,,,,,,,43.14,2.094,0.166,,,,732.2834646,711.6141732,,
2007,250,-117.085446,46.781644,2007_250,WL,,100,0,1,,,,,,,44.09,4.295,0.2652,,,,139,136.5,,
2007,251,-117.085028,46.781492,2007_251,SC,,100,0,1,,,,,,,61.428,4.0142,0.6055,,,,121.5551181,118.6023622,,
2007,252,-117.0845785,46.78155584,2007_252,,,100,0,0,,,,,,,,,,,,,,,,
2007,253,-117.084192,46.781534,2007_253,,,100,0,0,,,,,,,,,,,,,,,,
2007,254,-117.083774,46.781597,2007_254,SP,,100,0,1,,,,,,,44.68,3.332,0.2388,,,,190,182.5,352,313.9459459
2007,255,-117.083356,46.781518,2007_255,SB,,100,0,1,,,,,,,44.19,1.838,0.2089,,,,520.1771654,496.5551181,691.9291339,605.4379921
2007,256,-117.082938,46.781587,2007_256,SW,,100,0,1,,,,,,,,2.561403509,,,,,438.976378,421.2598425,,
2007,257,-117.08252,46.781624,2007_257,SW,,100,0,1,,,,,,,,2.403508772,,,,,288.8779528,280.019685,,
2007,258,-117.082102,46.781426,2007_258,SW,,100,0,1,,,,,,,,2.736842105,,,,,317.9133858,306.5944882,,
2007,259,-117.081684,46.781565,2007_259,SW,,100,0,1,,,,,,,,2.526315789,,,,,374.507874,356.7913386,,
2007,260,-117.081266,46.781567,2007_260,SW,,100,0,1,,,,,,,,2.49122807,,,,,384.3503937,370.0787402,,
2007,261,-117.080848,46.781423,2007_261,SW,,100,0,1,,,,,,,,2.807017544,,,,,326.2795276,311.515748,,
2007,262,-117.08043,46.781686,2007_262,SW,,100,0,1,,,,,,,,2.49122807,,,,,280.511811,269.1929134,,
2007,263,-117.080012,46.781657,2007_263,SW,,100,0,1,,,,,,,,2.403508772,,,,,269.1929134,259.8425197,,
2007,264,-117.079594,46.781621,2007_264,WW,,100,0,1,,,,,,,,1.929824561,,,,,603.8385827,577.2637795,,
2007,265,-117.0791581,46.78153382,2007_265,WW,,100,0,1,,,,,,,43.719,2.347,,,,,561.023622,534.9409449,,
2007,266,-117.078758,46.781554,2007_266,WW,,100,0,1,,,,,,,,2.035087719,,,,,470.4724409,453.7401575,,
2007,267,-117.07834,46.781559,2007_267,WW,,100,0,1,,,,,,,,1.859649123,,,,,654.0354331,627.9527559,,
2007,268,-117.077922,46.781496,2007_268,WW,,100,0,1,,,,,,,44.257,2.4233,,,,,629.4291339,606.7913386,,
2007,269,-117.077504,46.78166,2007_269,WW,,100,0,1,,,,,,,,1.473684211,,,,,668.3070866,640.2559055,,
2007,270,-117.077086,46.781434,2007_270,WW,,100,0,1,,,,,,,,1.964912281,,,,,612.2047244,591.0433071,,
2007,271,-117.076668,46.781558,2007_271,WW,,100,0,1,,,,,,,,2.421052632,,,,,352.3622047,336.1220472,,
2007,272,-117.08559,46.781812,2007_272,WT,,100,0,1,,,,,,,43.48,1.753,0.1425,,,,614.6653543,594.488189,,
2007,273,-117.085172,46.78193,2007_273,WL,,100,0,1,,,,,,,44.23,3.9,0.2796,,,,54.5,53.5,,
2007,274,-117.084754,46.781778,2007_274,SC,,100,0,1,,,,,,,61.381,3.7954,0.5788,,,,223.4251969,216.5354331,,
2007,275,-117.084357,46.78187778,2007_275,SC,,100,0,1,,,,,,,62.268,4.0943,,,,,316.9291339,307.5787402,,
2007,276,-117.083918,46.78182,2007_276,,,100,0,0,,,,,,,,,,,,,,,,
2007,277,-117.0835,46.781883,2007_277,SP,,100,0,1,,,,,,,44.58,3.025,0.203,,,,127.5,123,,
2007,278,-117.083082,46.781804,2007_278,SB,,100,0,1,,,,,,,44.21,1.724,0.2039,,,,499.507874,473.4251969,626.9685039,533.7704831
2007,279,-117.0826501,46.78185937,2007_279,SW,,100,0,1,,,,,,,,2.49122807,,,,,454.7244094,438.484252,,
2007,280,-117.082246,46.78191,2007_280,SW,,100,0,1,,,,,,,,2.578947368,,,,,349.9015748,339.0748031,,
2007,281,-117.0818123,46.78170481,2007_281,SW,,100,0,1,,,,,,,,2.929824561,,,,,316.4370079,305.1181102,,
2007,282,-117.08141,46.781851,2007_282,SW,,100,0,1,,,,,,,,2.315789474,,,,,352.8543307,337.5984252,,
2007,283,-117.080992,46.781853,2007_283,SW,,100,0,1,,,,,,,,2.578947368,,,,,255.9055118,246.0629921,,
2007,284,-117.080574,46.781709,2007_284,SW,,100,0,1,,,,,,,,2.684210526,,,,,280.511811,270.6692913,,
2007,285,-117.080156,46.781972,2007_285,SW,,100,0,1,,,,,,,,2.473684211,,,,,389.2716535,375,,
2007,286,-117.079738,46.781943,2007_286,SW,,100,0,1,,,,,,,,2.421052632,,,,,387.7952756,374.507874,,
2007,287,-117.07932,46.781907,2007_287,WW,,100,0,1,,,,,,,,1.719298246,,,,,592.519685,577.7559055,,
2007,288,-117.0788662,46.78180208,2007_288,WW,,100,0,1,,,,,,,44.011,2.2339,,,,,591.5354331,566.9291339,,
2007,289,-117.078484,46.78184,2007_289,WW,,100,0,1,,,,,,,44.174,2.2739,,,,,661.4173228,644.1929134,,
2007,290,-117.078066,46.781845,2007_290,WW,,100,0,1,,,,,,,,1.719298246,,,,,615.1574803,590.0590551,,
2007,291,-117.077648,46.781782,2007_291,WW,,100,0,1,,,,,,,44.451,2.3886,,,,,406.003937,385.8267717,,
2007,292,-117.07723,46.781946,2007_292,WW,,100,0,1,,,,,,,,2.350877193,,,,,513.7795276,498.0314961,,
2007,293,-117.076812,46.78172,2007_293,WW,,100,0,1,,,,,,,,1.929824561,,,,,474.9015748,462.1062992,,
2007,297,-117.085536,46.782098,2007_297,AL,This area planted to RR alfalfa.  WT should have been here if it were planted.,100,0,0,,,,,,,,,,,,,,,,
2007,298,-117.085118,46.782216,2007_298,WT,,100,0,1,,,,,,,43.68,1.936,0.1547,,,,484.2519685,468.011811,747.0472441,678.2402611
2007,299,-117.0847,46.782064,2007_299,WL,,100,0,1,,,,,,,44.8,4.294,0.279,,,,136.5,134,,
2007,300,-117.084282,46.782153,2007_300,SC,,100,0,1,,,,,,,61.953,4.0128,0.6433,,,,264.2716535,255.9055118,583.6614173,510.7037402
2007,301,-117.083864,46.782106,2007_301,,,100,0,0,,,,,,,,,,,,,,,,
2007,302,-117.0834303,46.78215462,2007_302,SP,,100,0,1,,,,,,,44.16,3.083,0.242,,,,244.5,235.5,330,294.3243243
2007,303,-117.0830123,46.78207922,2007_303,SB,,100,0,1,,,,,,,44.86,1.89,0.2206,,,,354.3307087,338.0905512,539.8622047,475.878536
2007,304,-117.08261,46.782159,2007_304,SB,crop Failure,100,5.3,0,,,,,,,,,,,,,0,0,,
2007,305,-117.082192,46.782196,2007_305,SW,,100,0,1,,,,,,,,2.315789474,,,,,357.2834646,343.503937,,
2007,306,-117.081774,46.781998,2007_306,SW,,100,0,1,,,,,,,,2.561403509,,,,,422.2440945,405.511811,,
2007,307,-117.081356,46.782137,2007_307,SW,,100,0,1,,,,,,,,2.614035088,,,,,427.1653543,414.3700787,,
2007,308,-117.080938,46.782139,2007_308,SW,,100,0,1,,,,,,,,1.421052632,,,,,180.6102362,171.2598425,,
2007,309,-117.080499,46.78197702,2007_309,SW,,100,0,1,,,,,,,,2.333333333,,,,,312.992126,301.6732283,,
2007,310,-117.080102,46.782258,2007_310,SW,,100,0,1,,,,,,,,2.456140351,,,,,335.1377953,318.8976378,,
2007,311,-117.079684,46.782229,2007_311,SW,,100,0,1,,,,,,,,2.631578947,,,,,415.8464567,399.6062992,,
2007,312,-117.0793018,46.78221346,2007_312,SW,,100,0,1,,,,,,,,2.315789474,,,,,205.7086614,197.3425197,,
2007,313,-117.078848,46.782114,2007_313,WW,,100,0,1,,,,,,,,1.98245614,,,,,557.5787402,533.4645669,,
2007,314,-117.07843,46.782126,2007_314,WW,,100,0,1,,,,,,,,1.98245614,,,,,484.7440945,462.5984252,,
2007,315,-117.0780418,46.78214737,2007_315,WW,,100,0,1,,,,,,,,2.105263158,,,,,537.4015748,510.3346457,,
2007,316,-117.077594,46.782068,2007_316,WW,,100,0,1,,,,,,,,2.49122807,,,,,540.8464567,517.2244094,,
2007,323,-117.0851352,46.78249247,2007_323,AL,This area planted to RR alfalfa.  WT should have been here if it were planted.,100,0,0,,,,,,,,,,,,,,,,
2007,324,-117.084751,46.78235,2007_324,WL,,100,0,1,,,,,,,44.93,4.124,0.2601,,,,62,61.5,128,116.6222222
2007,325,-117.084333,46.782439,2007_325,WL,,100,0,1,,,,,,,44.44,4.05,0.2482,,,,114,112.5,211.5,192.9473684
2007,326,-117.083915,46.782392,2007_326,SC,,100,0,1,,,,,,,62.06,3.8531,0.5875,,,,264.7637795,257.3818898,,
2007,327,-117.083497,46.782455,2007_327,,,100,0,0,,,,,,,,,,,,,,,,
2007,328,-117.083079,46.782376,2007_328,SP,,100,0,1,,,,,,,44.64,3.409,0.24,,,,149.5,144.5,,
2007,329,-117.0826453,46.78243781,2007_329,SB,,100,0,1,,,,,,,44.77,1.846,0.2158,,,,416.3385827,399.3854216,,
2007,330,-117.082243,46.782482,2007_330,SB,,100,0,1,,,,,,,43.84,1.675,0.2025,,,,464.5669291,445.6499267,,
2007,331,-117.081825,46.782284,2007_331,SW,,100,0,1,,,,,,,,1.719298246,,,,,249.015748,238.6811024,,
2007,332,-117.081407,46.782423,2007_332,SW,,100,0,1,,,,,,,,2.350877193,,,,,268.2086614,258.8582677,,
2007,333,-117.080989,46.782425,2007_333,SW,,100,0,1,,,,,,,,2.298245614,,,,,406.003937,391.2401575,,
2007,334,-117.080571,46.782281,2007_334,SW,,100,0,1,,,,,,,,2.333333333,,,,,269.1929134,259.8425197,,
2007,335,-117.080153,46.782544,2007_335,SW,,100,0,1,,,,,,,,2.473684211,,,,,343.503937,328.7401575,,
2007,336,-117.079735,46.782515,2007_336,SW,,100,0,1,,,,,,,,2.192982456,,,,,491.1417323,468.996063,,
2007,337,-117.079317,46.782479,2007_337,SW,,100,0,1,,,,,,,,2.438596491,,,,,139.7637795,134.8425197,,
2007,338,-117.0788911,46.78239455,2007_338,WW,,100,0,1,,,,,,,,2,,,,,472.9330709,445.8661417,,
2007,348,-117.084617,46.782636,2007_348,WT,,100,0,1,,,,,,,43.37,2.16,0.165,,,,617.1259843,593.996063,939.4685039,834.1832406
2007,349,-117.084199,46.782725,2007_349,WL,,100,0,1,,,,,,,44.27,4.084,0.2835,,,,37.5,36.5,50.5,45.27586207
2007,350,-117.083781,46.782678,2007_350,SC,,100,0,1,,,,,,,62.285,3.9237,0.5972,,,,215.0590551,208.6614173,,
2007,351,-117.083363,46.782741,2007_351,,,100,0,0,,,,,,,,,,,,,,,,
2007,352,-117.0829188,46.78264763,2007_352,SP,,100,0,1,,,,,,,44.28,3.061,0.2292,,,,200.5,193,,
2007,353,-117.082527,46.782731,2007_353,SP,,100,0,1,,,,,,,43.71,3.425,0.2532,,,,203,195.5,,
2007,354,-117.082109,46.782768,2007_354,SB,,100,0,1,,,,,,,44.86,1.95,0.2226,,,,390.7480315,374.8369087,,
2007,355,-117.081691,46.78257,2007_355,SW,,100,0,1,,,,,,,,2.263157895,,,,,427.6574803,412.8937008,,
2007,356,-117.081273,46.782709,2007_356,SW,,100,0,1,,,,,,,,2.49122807,,,,,448.3267717,432.0866142,,
2007,357,-117.080855,46.782711,2007_357,SW,,100,0,1,,,,,,,,2.50877193,,,,,435.0393701,416.8307087,,
2007,358,-117.0804141,46.78255608,2007_358,SW,,100,0,1,,,,,,,,1.543859649,,,,,337.1062992,321.8503937,,
2007,359,-117.080019,46.78283,2007_359,SW,,100,0,1,,,,,,,,2.052631579,,,,,369.5866142,356.7913386,,
2007,360,-117.079601,46.782801,2007_360,SW,,100,0,1,,,,,,,,2.596491228,,,,,282.9724409,272.6377953,,
2007,371,-117.0842298,46.78296597,2007_371,WT,,100,0,1,,,,,,,43.96,2.906,0.2132,,,,393.7007874,377.9527559,1055.11811,973.9551787
2007,372,-117.083798,46.782964,2007_372,WL,,100,0,1,,,,,,,44.63,3.793,0.2754,,,,72.5,71.5,103.5,93.64285714
2007,373,-117.08338,46.783027,2007_373,SC,,100,0,1,,,,,,,61.97,3.8727,0.4948,,,,253.4448819,247.0472441,,
2007,374,-117.082962,46.782948,2007_374,,,100,0,0,,,,,,,,,,,,,,,,
2007,375,-117.0825283,46.78300622,2007_375,SP,,100,0,1,,,,,,,43.94,3.173,0.2171,,,,209,202,,
2007,376,-117.082126,46.783054,2007_376,SP,,100,0,1,,,,,,,44.11,3.199,0.2248,,,,225,216,,
2007,377,-117.0816503,46.78282132,2007_377,SW,,100,0,1,,,,,,,,2.578947368,,,,,322.3425197,307.5787402,,
2007,378,-117.08129,46.782995,2007_378,SW,,100,0,1,,,,,,,,2.192982456,,,,,397.1456693,379.9212598,,
2007,379,-117.080872,46.782997,2007_379,SW,,100,0,1,,,,,,,,,,,,,400.5905512,382.8740157,,
2007,380,-117.080454,46.782853,2007_380,SW,,100,0,1,,,,,,,,2.473684211,,,,,344.980315,333.1692913,,
2007,381,-117.080036,46.783116,2007_381,SW,,100,0,1,,,,,,,,2.456140351,,,,,300.1968504,288.8779528,,
2007,394,-117.0839099,46.78312585,2007_394,WL,,100,0,1,,,,,,,45.06,3.991,0.3537,,,,15.5,15.5,,
2007,395,-117.083498,46.783313,2007_395,WL,,100,0,1,,,,,,,44.69,4.296,0.3402,,,,183,178,,
2007,396,-117.08308,46.783234,2007_396,SC,,100,0,1,,,,,,,61.516,3.7277,0.484,,,,231.7913386,225.8858268,552.6574803,488.8893095
2007,397,-117.082662,46.783303,2007_397,,,100,0,0,,,,,,,,,,,,,,,,
2007,398,-117.0822755,46.78335797,2007_398,,,100,0,0,,,,,,,,,,,,,,,,
2007,399,-117.081826,46.783142,2007_399,SB,,100,0,1,,,,,,,44.68,1.954,0.2262,,,,302.1653543,288.3858268,537.8937008,495.1067019
2007,400,-117.081408,46.783281,2007_400,SB,,100,0,1,,,,,,,44.73,1.989,0.23,,,,317.9133858,301.6732283,454.7244094,427.3313727
2007,401,-117.08099,46.783283,2007_401,SW,,100,0,1,,,,,,,,2.175438596,,,,,300.1968504,285.9251969,,
2007,402,-117.080572,46.783139,2007_402,SW,,100,0,1,,,,,,,,2.49122807,,,,,375.984252,359.7440945,,
2007,419,-117.0832106,46.7834571,2007_419,WL,,100,0,1,,,,,,,44.17,4.118,0.342,,,,93.5,91,,
2007,420,-117.0827709,46.78351532,2007_420,SC,,100,0,1,,,,,,,60.65,4.3704,0.6326,,,,214.0748031,206.2007874,521.6535433,459.0551181
2007,421,-117.0823668,46.78355231,2007_421,,,100,0,0,,,,,,,,,,,,,,,,
2007,422,-117.081933,46.783428,2007_422,SP,,100,0,1,,,,,,,44.4,3.21,0.2638,,,,146.5,139.5,,
2007,423,-117.0814836,46.78355263,2007_423,SB,crop Failure,100,5.3,0,,,,,,,,,,,,,0,0,,
2007,424,-117.081097,46.783569,2007_424,SB,crop Failure,100,5.3,0,,,,,,,,,,,,,0,0,,
2007,425,-117.080679,46.783425,2007_425,SW,,100,0,1,,,,,,,,1.947368421,,,,,374.015748,362.2047244,,
2008,1,-117.087514,46.778729,2008_1,SC,,100,0,1,,,,,,,59.003,4.6797,,,,,134.6456693,124.015748,558.2677165,498.6468924
2008,2,-117.0870646,46.77869163,2008_2,SW,,100,0,1,,,,,,,,2.701754386,,,,,284.7440945,263.7795276,530.7086614,492.1894844
2008,3,-117.086678,46.778791,2008_3,SW,,100,0,1,,,,,,,,2.157894737,,,,,341.3385827,320.3740157,412.1062992,385.146074
2008,4,-117.08626,46.778761,2008_4,SW,,100,0,1,,,,,,,,2.421052632,,,,,308.8582677,287.8937008,444.5866142,416.2689954
2008,5,-117.085842,46.778666,2008_5,WW,,100,0,1,,,,,,,,2.543859649,,,,,369.8818898,338.5826772,,
2008,6,-117.0854188,46.77877321,2008_6,WW,,100,0,1,,,,,,,,2.280701754,,,,,440.7480315,406.988189,,
2008,7,-117.085006,46.778632,2008_7,WW,,100,0,1,,,,,,,,2.684210526,,,,,294.5866142,269.1929134,,
2008,8,-117.084588,46.778721,2008_8,WW,,100,0,1,,,,,,,,2.210526316,,,,,398.4251969,356.2992126,,
2008,9,-117.08417,46.778674,2008_9,WW,,100,0,1,,,,,,,,2.403508772,,,,,372.3425197,348.9173228,,
2008,10,-117.083752,46.778737,2008_10,WW,,100,0,1,,,,,,,,2.105263158,,,,,351.6732283,313.484252,,
2008,11,-117.083334,46.778658,2008_11,WW,,100,0,1,,,,,,,,2.614035088,,,,,264.5669291,244.0944882,,
2008,12,-117.0829398,46.77873108,2008_12,WW,,100,0,1,,,,,,,,2.473684211,,,,,361.023622,343.996063,,
2008,13,-117.082498,46.778764,2008_13,,,100,0,0,,,,,,,,,,,,,,,,
2008,14,-117.0816322,46.77868863,2008_14,SB,,100,0,1,,,,,,,44.901,1.6738,,,,,452.0669291,414.8622047,,
2008,15,-117.081244,46.778707,2008_15,SB,,100,0,1,,,,,,,45.199,2.3258,,,,,268.011811,243.6023622,,
2008,16,-117.080408,46.778826,2008_16,WT,,100,0,1,,,,,,,44.303,1.6849,,,,,434.3503937,397.1456693,,
2008,17,-117.07999,46.778797,2008_17,SC,,100,0,1,,,,,,,61.071,3.9433,,,,,286.7125984,270.6692913,,
2008,18,-117.0888801,46.77895174,2008_18,SW,,100,0,0,,,,,,,,,,,,,,,,
2008,19,-117.0884663,46.77882662,2008_19,SW,,100,10.5,1,,,,,,,,2,,,,,261.1220472,241.6338583,279.2322835,159.5613048
2008,20,-117.088064,46.778867,2008_20,SW,,100,0,1,,,,,,,,2.035087719,,,,,263.5826772,246.0629921,285.6299213,265.227784
2008,21,-117.087646,46.778842,2008_21,SW,,100,0,1,,,,,,,,2.140350877,,,,,253.7401575,247.0472441,270.3740157,251.8869036
2008,22,-117.087228,46.779015,2008_22,SC,,100,0,1,,,,,,,63.153,3.7245,,,,,86.41732283,81.2007874,,
2008,23,-117.086831,46.77900278,2008_23,SC,,100,0,1,,,,,,,59.976,4.3784,,,,,196.6535433,185.0393701,,
2008,24,-117.086392,46.779077,2008_24,SW,,100,0,1,,,,,,,,2.228070175,,,,,384.1535433,360.7283465,376.6732283,357.054831
2008,25,-117.085974,46.779047,2008_25,SW,,100,0,1,,,,,,,,2.666666667,,,,,266.5354331,245.5708661,645.3740157,609.8022196
2008,26,-117.085556,46.778952,2008_26,WW,,100,0,1,,,,,,,,2.157894737,,,,,425.492126,390.2559055,,
2008,27,-117.085117,46.77906282,2008_27,WW,,100,0,1,,,,,,,,2,,,,,463.8779528,428.6417323,,
2008,28,-117.08472,46.778918,2008_28,WW,,100,0,1,,,,,,,,2.122807018,,,,,462.4015748,428.6417323,,
2008,29,-117.084302,46.779007,2008_29,WW,,100,0,1,,,,,,,,2.052631579,,,,,425.984252,389.7637795,,
2008,30,-117.083884,46.77896,2008_30,WW,,100,0,1,,,,,,,,2.070175439,,,,,430.9055118,396.6535433,,
2008,31,-117.083466,46.779023,2008_31,WW,,100,0,1,,,,,,,,1.736842105,,,,,445.1771654,400.0984252,,
2008,32,-117.083048,46.778944,2008_32,WW,,100,0,1,,,,,,,,2.035087719,,,,,454.5275591,416.3385827,,
2008,33,-117.08263,46.779013,2008_33,WW,,100,0,1,,,,,,,,2.824561404,,,,,271.4566929,248.0314961,,
2008,34,-117.082212,46.77905,2008_34,,,100,0,0,,,,,,,,,,,,,,,,
2008,35,-117.081794,46.778852,2008_35,GB,,100,0,1,,,,,,,46.536,2.9481,,,,,205.3,184.5,,
2008,36,-117.0814058,46.77900737,2008_36,GB,,100,0,1,,,,,,,46.626,3.0888,,,,,168.3,151,261.1,226.5172185
2008,37,-117.080958,46.778993,2008_37,SB,,100,0,1,,,,,,,45.279,2.0977,,,,,201.5748031,181.1023622,,
2008,38,-117.08054,46.778849,2008_38,WT,,100,0,1,,,,,,,44.473,1.6687,,,,,364.9606299,333.6614173,,
2008,39,-117.080122,46.779112,2008_39,WT,,100,0,1,,,,,,,44.602,1.6173,,,,,349.7047244,320.8661417,,
2008,40,-117.079704,46.779083,2008_40,SC,,100,0,1,,,,,,,58.767,4.4362,,,,,26.37795276,24.11417323,,
2008,41,-117.079286,46.779047,2008_41,SP,,100,0,1,,,,,,,45.116,3.7157,,,,,203.8,185.5,,
2008,42,-117.0887062,46.77911338,2008_42,SW,,100,0,0,,,,,,,,,,,,,,,,
2008,43,-117.088318,46.779153,2008_43,SW,,100,0,1,,,,,,,,2.754385965,,,,,232.0866142,212.1062992,387.007874,364.6804967
2008,44,-117.0879,46.779128,2008_44,SW,,100,0,1,,,,,,,,2.052631579,,,,,244.3897638,235.7283465,252.6574803,238.7752012
2008,45,-117.0874635,46.77928833,2008_45,SW,,100,0,1,,,,,,,,2.035087719,,,,,279.3307087,258.8582677,283.1692913,261.7980241
2008,46,-117.087064,46.779278,2008_46,SW,,100,0,1,,,,,,,,2.192982456,,,,,406.7913386,394.6850394,388.484252,365.6322371
2008,47,-117.086646,46.779363,2008_47,SC,,100,0,1,,,,,,,,,,,,,,,,
2008,48,-117.086228,46.779333,2008_48,SW,,100,0,1,,,,,,,,2.771929825,,,,,294.0944882,270.6692913,567.1259843,540.8353757
2008,49,-117.08581,46.779238,2008_49,SW,,100,0,1,,,,,,,,2.719298246,,,,,322.6377953,299.2125984,631.5944882,607.1456693
2008,50,-117.0853355,46.77932123,2008_50,WW,,100,0,1,,,,,,,,2.315789474,,,,,375.2952756,349.4094488,,
2008,51,-117.0849635,46.77919681,2008_51,WW,,100,0,1,,,,,,,,2.070175439,,,,,486.023622,447.3425197,,
2008,52,-117.084556,46.779293,2008_52,WW,,100,0,1,,,,,,,,2.280701754,,,,,466.3385827,432.0866142,,
2008,53,-117.084138,46.779246,2008_53,WW,,100,0,1,,,,,,,,1.894736842,,,,,425,398.6220472,,
2008,54,-117.08372,46.779309,2008_54,WW,,100,0,1,,,,,,,,2.192982456,,,,,296.0629921,278.5433071,,
2008,55,-117.083302,46.77923,2008_55,WW,,100,0,1,,,,,,,,1.438596491,,,,,494.8818898,442.9133858,,
2008,56,-117.0829019,46.77931128,2008_56,WW,,100,0,1,,,,,,,,1.631578947,,,,,619.8818898,554.1338583,,
2008,57,-117.082466,46.779336,2008_57,WW,,100,0,1,,,,,,,,1.701754386,,,,,518.011811,474.4094488,,
2008,58,-117.082048,46.779138,2008_58,,,100,0,0,,,,,,,,,,,,,,,,
2008,59,-117.0816002,46.77925244,2008_59,GB,,100,0,1,,,,,,,46.647,3.2092,,,,,201.8,184,,
2008,60,-117.081212,46.779279,2008_60,GB,,100,0,1,,,,,,,46.561,3.544,,,,,132.3,120.5,,
2008,61,-117.080794,46.779135,2008_61,SB,,100,0,1,,,,,,,44.41,1.2842,,,,,170.0787402,156.003937,,
2008,62,-117.0803999,46.77941847,2008_62,SB,,100,0,1,,,,,,,44.901,1.7065,,,,,464.8622047,422.7362205,,
2008,63,-117.079958,46.779369,2008_63,WT,,100,0,1,,,,,,,44.507,1.9449,,,,,538.6811024,494.0944882,700.492126,625.0545124
2008,64,-117.07954,46.779333,2008_64,SC,,100,0,1,,,,,,,59.661,4.3401,,,,,145.9645669,134.3503937,,
2008,65,-117.079122,46.779254,2008_65,SP,,100,0,1,,,,,,,45.095,3.92,,,,,218.3,196.5,,
2008,66,-117.0787339,46.77928646,2008_66,SP,,100,0,1,,,,,,,45.087,3.7238,,,,,226.3,206,,
2008,67,-117.078286,46.779271,2008_67,SP,,100,0,1,,,,,,,45.119,3.4946,,,,,227.8,207,236.6,208.5815789
2008,68,-117.088231,46.779439,2008_68,SW,,100,0,1,,,,,,,,2.719298246,,,,,203.0511811,181.5944882,524.8031496,489.3869861
2008,69,-117.087813,46.779414,2008_69,SW,,100,0,1,,,,,,,,2.192982456,,,,,220.7677165,214.0748031,361.9094488,326.0176027
2008,70,-117.087395,46.779587,2008_70,SW,,100,0,1,,,,,,,,1.877192982,,,,,331.003937,303.6417323,366.3385827,340.7800769
2008,71,-117.086977,46.779564,2008_71,SW,,100,0,1,,,,,,,,2.070175439,,,,,332.9724409,312.5,340.2559055,321.3527997
2008,72,-117.086559,46.779649,2008_72,SC,,100,0,1,,,,,,,,,,,,,,,,
2008,73,-117.0861725,46.77963697,2008_73,SC,,100,0,1,,,,,,,,,,,,,,,,
2008,74,-117.0856916,46.77950963,2008_74,SW,,100,0,1,,,,,,,,2.578947368,,,,,304.9212598,275.5905512,602.0669291,561.9291339
2008,75,-117.085305,46.779642,2008_75,SW,,100,0,1,,,,,,,,2.789473684,,,,,386.1220472,366.1417323,603.5433071,560.088189
2008,76,-117.084887,46.77949,2008_76,WW,,100,0,1,,,,,,,,2.385964912,,,,,291.1417323,275.5905512,,
2008,77,-117.084469,46.779579,2008_77,WW,,100,0,1,,,,,,,,2.245614035,,,,,439.2716535,406.003937,,
2008,78,-117.084051,46.779532,2008_78,WW,,100,0,1,,,,,,,,2.701754386,,,,,285.2362205,268.7007874,,
2008,79,-117.083633,46.779595,2008_79,WW,,100,0,1,,,,,,,,1.719298246,,,,,301.476378,274.6062992,,
2008,80,-117.083215,46.779516,2008_80,WW,,100,0,1,,,,,,,,2.263157895,,,,,376.2795276,343.996063,,
2008,81,-117.082797,46.779585,2008_81,WW,,100,0,1,,,,,,,,2.105263158,,,,,386.1220472,347.9330709,,
2008,82,-117.082379,46.779622,2008_82,WW,,100,0,1,,,,,,,,1.789473684,,,,,478.1496063,437.992126,,
2008,83,-117.081961,46.779424,2008_83,,,100,0,0,,,,,,,,,,,,,,,,
2008,84,-117.081543,46.779563,2008_84,,,100,0,0,,,,,,,,,,,,,,,,
2008,85,-117.081125,46.779565,2008_85,GB,,100,0,1,,,,,,,46.505,3.0437,,,,,205.8,184.5,,
2008,86,-117.080707,46.779421,2008_86,SB,,100,0,1,,,,,,,44.975,1.8403,,,,,400.3937008,370.0787402,,
2008,87,-117.080289,46.779684,2008_87,SB,,100,0,1,,,,,,,44.834,1.6557,,,,,452.5590551,411.9094488,529.2322835,469.8286598
2008,88,-117.079871,46.779655,2008_88,WT,,100,0,1,,,,,,,44.567,1.7939,,,,,452.5590551,405.511811,524.3110236,463.3446255
2008,89,-117.079447,46.77960671,2008_89,SC,,100,0,1,,,,,,,61.477,3.9994,,,,,148.4251969,139.2716535,,
2008,90,-117.079035,46.77954,2008_90,SC,,100,0,1,,,,,,,60.907,4.2885,,,,,198.1299213,186.023622,505.1181102,444.1832271
2008,91,-117.078617,46.779552,2008_91,SP,,100,0,1,,,,,,,44.676,3.4764,,,,,220.8,202.5,,
2008,92,-117.078199,46.779557,2008_92,SP,,100,0,1,,,,,,,44.965,3.4669,,,,,249.8,230,,
2008,93,-117.077781,46.779494,2008_93,SC,,100,0,1,,,,,,,59.775,3.6296,,,,,176.9685039,166.3385827,,
2008,94,-117.077363,46.779658,2008_94,SC,,100,0,1,,,,,,,62.401,4.5056,,,,,134.6456693,125,,
2008,95,-117.088073,46.77971682,2008_95,SW,,100,0,0,,,,,,,,,,,,,,,,
2008,96,-117.087663,46.7797,2008_96,SW,,100,0,1,,,,,,,,2.298245614,,,,,98.72047244,91.04330709,322.5393701,303.1385057
2008,97,-117.087245,46.779873,2008_97,SW,,100,0,1,,,,,,,45.089,2.2731,,,,,162.2047244,155.019685,283.6614173,264.4951053
2008,98,-117.086827,46.77985,2008_98,SW,,100,0,1,,,,,,,,2.122807018,,,,,287.2047244,266.7322835,408.6614173,382.3903262
2008,99,-117.086409,46.779935,2008_99,SW,,100,0,1,,,,,,,,2.350877193,,,,,301.9685039,293.3070866,322.0472441,307.670135
2008,100,-117.085991,46.779905,2008_100,SC,,100,0,1,,,,,,,62.309,3.3564,,,,,403.3464567,381.8897638,,
2008,101,-117.085573,46.77981,2008_101,SW,,100,0,1,,,,,,,,2.842105263,,,,,345.7677165,318.8976378,584.8425197,527.8773392
2008,102,-117.085155,46.779928,2008_102,SW,,100,0,1,,,,,,,,2.49122807,,,,,178.4448819,163.8779528,450,423.7226277
2008,103,-117.084737,46.779776,2008_103,WW,,100,0,1,,,,,,,,2.421052632,,,,,127.7559055,117.6181102,,
2008,104,-117.0843452,46.77988297,2008_104,WW,,100,0,1,,,,,,,,2.122807018,,,,,392.0275591,375.984252,,
2008,105,-117.083901,46.779818,2008_105,WW,,100,0,1,,,,,,,,2.01754386,,,,,253.7401575,231.7913386,,
2008,106,-117.083483,46.779881,2008_106,WW,,100,0,1,,,,,,,,2.052631579,,,,,294.0944882,281.496063,,
2008,107,-117.083065,46.779802,2008_107,WW,,100,0,1,,,,,,,,1.385964912,,,,,213.3858268,190.9448819,,
2008,108,-117.082647,46.779871,2008_108,WW,,100,0,1,,,,,,,,1.736842105,,,,,288.1889764,257.8740157,,
2008,109,-117.0821935,46.77987977,2008_109,WW,,100,0,1,,,,,,,,2.192982456,,,,,439.2716535,401.5748031,,
2008,110,-117.0817533,46.77967045,2008_110,,,100,0,0,,,,,,,,,,,,,,,,
2008,111,-117.081393,46.779849,2008_111,,,100,0,0,,,,,,,,,,,,,,,,
2008,112,-117.080975,46.779851,2008_112,GB,,100,0,1,,,,,,,46.772,3.2042,,,,,191.8,171.5,184.1,159.6785714
2008,113,-117.0805391,46.77969063,2008_113,SB,,100,0,1,,,,,,,44.814,1.8515,,,,,342.8149606,311.515748,,
2008,114,-117.080139,46.77997,2008_114,SB,,100,0,1,,,,,,,45.097,1.9833,,,,,199.6062992,182.5787402,,
2008,115,-117.0797031,46.77992463,2008_115,WT,,100,0,1,,,,,,,44.096,1.4775,,,,,323.1299213,296.7519685,,
2008,116,-117.079303,46.779905,2008_116,WT,,100,0,1,,,,,,,44.187,1.6921,,,,,308.3661417,282.9724409,,
2008,117,-117.078885,46.779826,2008_117,SC,,100,0,1,,,,,,,60.711,4.0126,,,,,171.0629921,161.4173228,461.8110236,407.3832958
2008,118,-117.078467,46.779838,2008_118,SP,,100,0,1,,,,,,,45.12,3.6752,,,,,230.3,211,,
2008,119,-117.0780192,46.77982663,2008_119,SP,,100,0,1,,,,,,,44.967,3.5084,,,,,205.3,188,,
2008,120,-117.077631,46.77978,2008_120,SP,,100,0,1,,,,,,,44.87,3.4827,,,,,188.3,170.5,183.6,160.2857143
2008,121,-117.077213,46.779944,2008_121,SC,,100,0,1,,,,,,,62.875,4.4556,,,,,69.19291339,64.96062992,133.0708661,115.1168604
2008,122,-117.087699,46.779986,2008_122,SW,,100,0,1,,,,,,,,2.859649123,,,,,169.5866142,145.6692913,478.5433071,445.666286
2008,123,-117.087281,46.780159,2008_123,SW,,100,0,1,,,,,,,,3.01754386,,,,,251.7716535,216.0433071,512.992126,476.3498313
2008,124,-117.086863,46.780136,2008_124,SW,,100,0,1,,,,,,,,2.01754386,,,,,288.1889764,262.7952756,330.9055118,305.8790445
2008,125,-117.086445,46.780221,2008_125,SW,,100,0,1,,,,,,,,2.350877193,,,,,352.1653543,337.5984252,476.0826772,440.4877106
2008,126,-117.0860113,46.78018382,2008_126,SC,,100,0,1,,,,,,,63.052,2.8841,,,,,277.8543307,261.3188976,,
2008,127,-117.0855933,46.78008882,2008_127,SW,,100,0,1,,,,,,,,3.01754386,,,,,198.6220472,181.5944882,461.3188976,405.0604955
2008,128,-117.085191,46.780214,2008_128,SW,,100,0,1,,,,,,,,2.614035088,,,,,245.3740157,221.9488189,601.5748031,559.1106994
2008,129,-117.084773,46.780062,2008_129,SW,,100,0,1,,,,,,,,2.789473684,,,,,192.2244094,176.1811024,489.3700787,346.7976936
2008,130,-117.084355,46.780151,2008_130,WW,,100,0,1,,,,,,,,2.210526316,,,,,153.3464567,141.7322835,,
2008,131,-117.083937,46.780104,2008_131,WW,,100,0,1,,,,,,,,2.368421053,,,,,243.8976378,231.7913386,,
2008,132,-117.083519,46.780167,2008_132,WW,,100,0,1,,,,,,,,2.263157895,,,,,153.3464567,138.2874016,,
2008,133,-117.083101,46.780088,2008_133,WW,,100,0,1,,,,,,,,2.280701754,,,,,81.00393701,73.81889764,,
2008,134,-117.082683,46.780157,2008_134,WW,,100,0,1,,,,,,,,2.50877193,,,,,197.1456693,182.5787402,,
2008,135,-117.082265,46.780194,2008_135,WW,,100,0,1,,,,,,,,1.912280702,,,,,310.8267717,282.480315,,
2008,136,-117.081847,46.779996,2008_136,WW,,100,0,1,,,,,,,,1.719298246,,,,,590.8464567,541.3385827,,
2008,137,-117.0814529,46.78014727,2008_137,WW,,100,0,1,,,,,,,,2.315789474,,,,,345.2755906,318.4055118,,
2008,138,-117.081011,46.780137,2008_138,,,100,0,0,,,,,,,,,,,,,,,,
2008,139,-117.080593,46.779993,2008_139,GB,,100,0,1,,,,,,,46.35,2.8844,,,,,142.3,128,,
2008,140,-117.080175,46.780256,2008_140,GB,,100,0,1,,,,,,,46.645,2.8864,,,,,136.3,123.5,,
2008,141,-117.079757,46.780227,2008_141,SB,"there is a residue sub sample dry weight for this sample, but no residue subsample wet or corresponding total residue weights?",100,10.5,1,,,,,,,46.877,3.3605,,,,,261.1220472,236.7125984,,
2008,142,-117.079339,46.780191,2008_142,WT,,100,0,1,,,,,,,44.332,1.5241,,,,,323.1299213,298.7204724,485.9251969,425.1845472
2008,143,-117.0789031,46.78010382,2008_143,SC,,100,0,1,,,,,,,63.695,3.9892,,,,,128.7401575,121.5551181,,
2008,144,-117.078503,46.780124,2008_144,SC,,100,0,1,,,,,,,62.666,4.0101,,,,,129.2322835,122.0472441,,
2008,145,-117.078085,46.780129,2008_145,SP,,100,0,1,,,,,,,44.849,3.4795,,,,,178.8,163.5,,
2008,146,-117.077667,46.780066,2008_146,SP,,100,0,1,,,,,,,45.104,3.5057,,,,,52.3,47,,
2008,147,-117.077249,46.78023,2008_147,SP,,100,0,1,,,,,,,44.734,3.2298,,,,,117.3,108.5,,
2008,148,-117.076831,46.780004,2008_148,SC,,100,0,1,,,,,,,62.071,3.6803,,,,,169.0944882,157.9724409,,
2008,149,-117.087103,46.780422,2008_149,SW,,100,0,1,,,,,,,,3.140350877,,,,,201.5748031,169.2913386,509.5472441,473.9974364
2008,150,-117.086685,46.780507,2008_150,SW,,100,0,1,,,,,,,,2.438596491,,,,,184.8425197,167.3228346,400.7874016,374.8371382
2008,151,-117.0862251,46.78045544,2008_151,SW,,100,0,1,,,,,,,,2.473684211,,,,,267.0275591,247.5393701,396.8503937,345.3113815
2008,152,-117.0858333,46.78037122,2008_152,SC,,100,0,1,,,,,,,62.038,3.5334,,,,,365.4527559,343.011811,,
2008,153,-117.085431,46.7805,2008_153,SC,,100,0,1,,,,,,,61.817,3.5708,,,,,246.3582677,231.2992126,,
2008,154,-117.085013,46.780348,2008_154,SW,,100,0,1,,,,,,,,2.543859649,,,,,290.6496063,264.7637795,628.6417323,596.8117712
2008,155,-117.084595,46.780437,2008_155,SW,,100,0,1,,,,,,,,2.385964912,,,,,135.1377953,122.5393701,458.3661417,432.4208884
2008,156,-117.084177,46.78039,2008_156,WW,,100,0,1,,,,,,,45.47,2.6604,,,,,46.06299213,41.83070866,,
2008,157,-117.083759,46.780453,2008_157,WW,,100,0,1,,,,,,,,2.157894737,,,,,113.976378,103.3464567,,
2008,158,-117.083341,46.780374,2008_158,WW,,100,0,1,,,,,,,,1.877192982,,,,,312.7952756,283.4645669,,
2008,159,-117.082923,46.780443,2008_159,WW,,100,0,1,,,,,,,,2.263157895,,,,,390.0590551,375,,
2008,160,-117.082505,46.78048,2008_160,WW,,100,0,1,,,,,,,,2.01754386,,,,,396.4566929,382.8740157,,
2008,161,-117.082087,46.780282,2008_161,WW,,100,0,1,,,,,,,,2.210526316,,,,,269.980315,245.0787402,,
2008,162,-117.0816451,46.78040873,2008_162,WW,,100,0,1,,,,,,,,1.859649123,,,,,447.6377953,415.3543307,,
2008,163,-117.081251,46.780423,2008_163,WW,,100,0,1,,,,,,,,1.771929825,,,,,464.3700787,428.1496063,,
2008,164,-117.080833,46.780279,2008_164,,,100,0,0,,,,,,,,,,,,,,,,
2008,165,-117.080415,46.780542,2008_165,,,100,0,0,,,,,,,,,,,,,,,,
2008,166,-117.079997,46.780513,2008_166,GB,,100,0,1,,,,,,,46.669,3.041,,,,,165.3,150.5,144.1,124.6707865
2008,167,-117.079579,46.780477,2008_167,SB,,100,0,1,,,,,,,44.994,1.9839,,,,,217.3228346,200.2952756,350.0984252,331.7091987
2008,168,-117.079161,46.780398,2008_168,WT,,100,0,1,,,,,,,44.779,1.8693,,,,,378.2480315,346.4566929,,
2008,169,-117.078743,46.78041,2008_169,WT,,100,0,1,,,,,,,44.725,1.7627,,,,,354.6259843,329.2322835,,
2008,170,-117.078325,46.780415,2008_170,SC,,100,0,1,,,,,,,62.703,3.9053,,,,,122.3425197,115.6496063,231.003937,206.5590759
2008,171,-117.077907,46.780352,2008_171,SP,,100,0,1,,,,,,,44.832,3.4308,,,,,117.8,108.5,,
2008,172,-117.077489,46.780516,2008_172,SP,,100,0,1,,,,,,,45.068,3.2731,,,,,103.3,95,,
2008,173,-117.077071,46.78029,2008_173,SP,,100,0,1,,,,,,,44.71,3.1851,,,,,146.8,132,144.1,128.2648352
2008,174,-117.076653,46.780414,2008_174,SC,,100,0,1,,,,,,,61.937,3.4843,,,,,199.1141732,186.515748,,
2008,175,-117.086879,46.780708,2008_175,SW,,100,0,1,,,,,,,44.857,3.3313,,,,,112.992126,83.66141732,606.496063,550.4039416
2008,176,-117.0864768,46.78080097,2008_176,SW,,100,0,1,,,,,,,,2.859649123,,,,,204.0354331,181.5944882,507.0866142,471.1866769
2008,177,-117.086043,46.780763,2008_177,SW,,100,0,1,,,,,,,,2.105263158,,,,,367.9133858,339.5669291,427.3622047,400.3709076
2008,178,-117.085625,46.780668,2008_178,SW,,100,0,1,,,,,,,,2.456140351,,,,,327.0669291,299.2125984,478.5433071,400.7079499
2008,179,-117.085207,46.780786,2008_179,SC,,100,0,1,,,,,,,58.839,4.8259,,,,,33.26771654,31.00393701,,
2008,180,-117.084789,46.780634,2008_180,SW,,100,0,1,,,,,,,,2.263157895,,,,,232.5787402,223.9173228,402.7559055,377.7572631
2008,181,-117.084371,46.780723,2008_181,SW,,100,0,1,,,,,,,45.236,2.7097,,,,,108.0708661,95.47244094,468.7007874,438.9943995
2008,182,-117.0839212,46.78065692,2008_182,WW,,100,0,1,,,,,,,,2.105263158,,,,,115.9448819,104.8228346,,
2008,183,-117.083535,46.780739,2008_183,WW,,100,0,1,,,,,,,,2.263157895,,,,,110.0393701,101.8700787,,
2008,184,-117.083117,46.78066,2008_184,WW,,100,0,1,,,,,,,45.527,2.6656,,,,,32.77559055,29.52755906,,
2008,185,-117.082699,46.780729,2008_185,WW,,100,0,1,,,,,,,,2.456140351,,,,,54.92125984,51.18110236,,
2008,186,-117.082281,46.780766,2008_186,WW,,100,0,1,,,,,,,45.105,3.0333,,,,,17.02755906,15.25590551,,
2008,187,-117.081863,46.780568,2008_187,WW,,100,0,1,,,,,,,,1.543859649,,,,,155.8070866,140.2559055,,
2008,188,-117.081445,46.780707,2008_188,WW,,100,0,1,,,,,,,,1.912280702,,,,,331.988189,302.6574803,,
2008,189,-117.081027,46.780709,2008_189,WW,,100,0,1,,,,,,,,1.771929825,,,,,603.6417323,550.1968504,,
2008,190,-117.080609,46.780565,2008_190,,,100,0,0,,,,,,,,,,,,,,,,
2008,191,-117.080191,46.780828,2008_191,,,100,0,0,,,,,,,,,,,,,,,,
2008,192,-117.079773,46.780799,2008_192,GB,,100,0,1,,,,,,,,,,,,,209.8,189,,
2008,193,-117.079355,46.780763,2008_193,SB,,100,0,1,,,,,,,44.814,1.6268,,,,,402.3622047,366.6338583,452.9527559,429.8429214
2008,194,-117.0789131,46.78066353,2008_194,WT,,100,0,1,,,,,,,44.776,1.7958,,,,,439.7637795,405.019685,,
2008,195,-117.078519,46.780696,2008_195,WT,,100,10.5,1,,,,,,,44.82,1.5846,,,,,466.8307087,423.7204724,461.8110236,411.3833831
2008,196,-117.078101,46.780701,2008_196,SC,,100,0,1,,,,,,,63.562,3.5157,,,,,159.2519685,148.6220472,,
2008,197,-117.077683,46.780638,2008_197,SP,,100,0,1,,,,,,,44.754,2.8838,,,,,119.8,110.5,,
2008,198,-117.077265,46.780802,2008_198,SP,,100,0,1,,,,,,,44.946,3.1589,,,,,148.8,135,,
2008,199,-117.076847,46.780576,2008_199,SP,,100,0,1,,,,,,,44.982,3.1027,,,,,225.3,205,224.6,196.317037
2008,200,-117.0866262,46.7810531,2008_200,SW,,100,0,0,,,,,,,,,,,,,,,,
2008,201,-117.086242,46.781049,2008_201,SW,,100,0,1,,,,,,,44.677,2.9121,,,,,32.28346457,24.60629921,163.5826772,153.1728704
2008,202,-117.085824,46.780954,2008_202,SW,,100,0,1,,,,,,,,2.929824561,,,,,148.9173228,135.8267717,400.2952756,373.1566128
2008,203,-117.085406,46.781072,2008_203,SW,,100,0,1,,,,,,,,2.052631579,,,,,199.1141732,181.5944882,367.3228346,343.6245872
2008,204,-117.084988,46.78092,2008_204,SC,,100,0,1,,,,,,,59.008,5.0392,,,,,110.5314961,101.8700787,611.4173228,546.3680314
2008,205,-117.08457,46.781009,2008_205,SW,,100,0,1,,,,,,,,2.666666667,,,,,181.8897638,156.988189,675.8858268,624.20044
2008,206,-117.084152,46.780962,2008_206,SW,,100,0,1,,,,,,,44.563,2.9605,,,,,127.7559055,99.40944882,485.9251969,446.6890008
2008,207,-117.083755,46.78103938,2008_207,SW,,100,0,1,,,,,,,45.12,3.077,,,,,127.2637795,118.6023622,659.6456693,617.2123221
2008,208,-117.083316,46.780946,2008_208,WW,,100,0,1,,,,,,,,2.192982456,,,,,212.4015748,196.8503937,,
2008,209,-117.082898,46.781015,2008_209,WW,,100,0,1,,,,,,,,2.087719298,,,,,459.9409449,442.4212598,,
2008,210,-117.08248,46.781052,2008_210,WW,,100,0,1,,,,,,,,2.421052632,,,,,312.3031496,278.5433071,,
2008,211,-117.082062,46.780854,2008_211,WW,,100,5.3,1,,,,,,,45.855,2.5851,,,,,4.232283465,3.44488189,,
2008,212,-117.081644,46.780993,2008_212,WW,,100,0,1,,,,,,,,2.368421053,,,,,136.1220472,126.476378,,
2008,213,-117.081226,46.780995,2008_213,WW,,100,0,1,,,,,,,,2.263157895,,,,,179.4291339,164.8622047,,
2008,214,-117.080808,46.780851,2008_214,WW,,100,0,1,,,,,,,,1.894736842,,,,,553.9370079,531.496063,,
2008,215,-117.0804377,46.78111806,2008_215,WW,,100,0,1,,,,,,,,1.929824561,,,,,591.8307087,546.7519685,,
2008,216,-117.079972,46.781085,2008_216,,,100,0,0,,,,,,,,,,,,,,,,
2008,217,-117.079554,46.781049,2008_217,GB,,100,0,1,,,,,,,46.692,2.7443,,,,,194.3,174.5,,
2008,218,-117.079136,46.78097,2008_218,SB,,100,0,1,,,,,,,44.848,1.5768,,,,,406.7913386,368.6023622,,
2008,219,-117.078718,46.780982,2008_219,SB,,100,0,1,,,,,,,44.527,1.4746,,,,,421.0629921,387.7952756,,
2008,220,-117.0783,46.780987,2008_220,WT,,100,0,1,,,,,,,44.226,1.7788,,,,,496.8503937,453.2480315,,
2008,221,-117.077882,46.780924,2008_221,SC,,100,0,1,,,,,,,63.593,4.0243,,,,,207.9724409,196.3582677,,
2008,222,-117.077464,46.781088,2008_222,SC,,100,0,1,,,,,,,63.212,3.7133,,,,,229.6259843,215.5511811,,
2008,223,-117.077046,46.780862,2008_223,SP,,100,0,1,,,,,,,44.761,3.1723,,,,,215.8,198,,
2008,224,-117.076628,46.780986,2008_224,SP,,100,0,1,,,,,,,44.828,3.2794,,,,,213.3,194,230.1,204.3288
2008,225,-117.086295,46.781365,2008_225,SW,,100,0,0,,,,,,,,,,,,,,,,
2008,226,-117.0858613,46.78132062,2008_226,SW,,100,0,1,,,,,,,,2.701754386,,,,,226.6732283,209.1535433,315.1574803,294.8247396
2008,227,-117.0854328,46.78122203,2008_227,SW,,100,0,1,,,,,,,,2.315789474,,,,,272.9330709,250.984252,354.5275591,333.2025931
2008,228,-117.085041,46.781358,2008_228,SW,,100,0,1,,,,,,,,2.192982456,,,,,206.003937,191.4370079,213.7795276,197.5841088
2008,229,-117.084623,46.781206,2008_229,SC,,100,0,1,,,,,,,58.212,4.9728,,,,,99.70472441,92.51968504,,
2008,230,-117.084205,46.781295,2008_230,SW,,100,0,1,,,,,,,,2.263157895,,,,,319.1929134,307.0866142,346.6535433,327.5466551
2008,231,-117.083787,46.781248,2008_231,SW,,100,0,1,,,,,,,,2.210526316,,,,,191.2401575,183.0708661,532.1850394,503.5289219
2008,232,-117.0832823,46.78127044,2008_232,WW,,100,0,1,,,,,,,,1.912280702,,,,,272.4409449,247.5393701,,
2008,233,-117.082951,46.781232,2008_233,WW,,100,0,1,,,,,,,,1.912280702,,,,,374.3110236,358.7598425,,
2008,234,-117.082533,46.781301,2008_234,WW,,100,0,1,,,,,,,,1.701754386,,,,,550.492126,507.8740157,,
2008,235,-117.082115,46.781338,2008_235,WW,,100,0,1,,,,,,,,2.263157895,,,,,461.4173228,412.8937008,,
2008,236,-117.081697,46.78114,2008_236,WW,,100,0,1,,,,,,,,2.175438596,,,,,308.8582677,281.496063,,
2008,237,-117.0812437,46.78126348,2008_237,WW,,100,0,1,,,,,,,,1.894736842,,,,,524.9015748,484.2519685,,
2008,238,-117.080861,46.781281,2008_238,WW,,100,0,1,,,,,,,,2.035087719,,,,,529.8228346,485.2362205,,
2008,239,-117.080455,46.78115338,2008_239,WW,,100,0,1,,,,,,,,2.245614035,,,,,506.6929134,488.6811024,,
2008,240,-117.0801105,46.78144636,2008_240,WW,,100,0,1,,,,,,,,2.157894737,,,,,267.0275591,253.9370079,,
2008,241,-117.079607,46.781371,2008_241,,,100,0,0,,,,,,,,,,,,,,,,
2008,242,-117.079189,46.781335,2008_242,GB,,100,0,1,,,,,,,46.892,2.977,,,,,277.8,252,,
2008,243,-117.078771,46.781256,2008_243,SB,,100,0,1,,,,,,,45.102,1.6829,,,,,467.8149606,428.1496063,588.2874016,508.7891041
2008,244,-117.0783888,46.78129255,2008_244,SB,,100,0,1,,,,,,,44.519,1.4172,,,,,502.7559055,459.1535433,,
2008,245,-117.077935,46.781273,2008_245,WT,,100,0,1,,,,,,,44.063,1.7299,,,,,477.6574803,439.4685039,486.4173228,427.3523622
2008,246,-117.077517,46.78121,2008_246,SC,,100,0,1,,,,,,,62.494,3.5682,,,,,211.4173228,199.3110236,,
2008,247,-117.077099,46.781374,2008_247,SC,,100,0,1,,,,,,,63.58,3.3818,,,,,223.7204724,210.6299213,,
2008,248,-117.0766989,46.78116437,2008_248,SP,,100,0,1,,,,,,,44.817,3.0694,,,,,303.8,278.5,,
2008,249,-117.085864,46.781526,2008_249,SW,,100,0,1,,,,,,,,3.052631579,,,,,182.8740157,151.5748031,561.7125984,494.0363817
2008,250,-117.085446,46.781644,2008_250,SW,,100,0,1,,,,,,,,2.192982456,,,,,277.3622047,253.4448819,452.4606299,416.7400539
2008,251,-117.085028,46.781492,2008_251,SW,,100,0,1,,,,,,,,2.122807018,,,,,285.7283465,267.2244094,350.0984252,330.5124993
2008,252,-117.0845785,46.78155584,2008_252,SC,,100,0,1,,,,,,,60.88,4.7429,,,,,108.0708661,102.3622047,,
2008,253,-117.084192,46.781534,2008_253,SC,,100,0,1,,,,,,,61.764,4.1411,,,,,216.8307087,205.2165354,,
2008,254,-117.083774,46.781597,2008_254,SW,,100,0,1,,,,,,,,2.771929825,,,,,263.0905512,244.0944882,516.4370079,447.3785708
2008,255,-117.083356,46.781518,2008_255,SW,,100,0,1,,,,,,,,2.473684211,,,,,289.1732283,276.5748031,612.8937008,550.5655278
2008,256,-117.082938,46.781587,2008_256,WW,,100,0,1,,,,,,,,1.912280702,,,,,545.5708661,499.507874,,
2008,257,-117.08252,46.781624,2008_257,WW,,100,0,1,,,,,,,,1.771929825,,,,,493.8976378,468.011811,,
2008,258,-117.082102,46.781426,2008_258,WW,,100,0,1,,,,,,,,2.350877193,,,,,441.7322835,413.3858268,,
2008,259,-117.081684,46.781565,2008_259,WW,,100,0,1,,,,,,,,1.824561404,,,,,471.7519685,430.1181102,,
2008,260,-117.081266,46.781567,2008_260,WW,,100,0,1,,,,,,,,1.578947368,,,,,432.3818898,404.0354331,,
2008,261,-117.080848,46.781423,2008_261,WW,,100,0,1,,,,,,,,1.789473684,,,,,573.6220472,539.8622047,,
2008,262,-117.08043,46.781686,2008_262,WW,,100,0,1,,,,,,,,1.929824561,,,,,356.5944882,324.8031496,,
2008,263,-117.080012,46.781657,2008_263,WW,,100,0,1,,,,,,,,2.105263158,,,,,531.2992126,513.7795276,,
2008,264,-117.079594,46.781621,2008_264,,,100,0,0,,,,,,,,,,,,,,,,
2008,265,-117.0791581,46.78153382,2008_265,GB,,100,0,1,,,,,,,46.392,2.7189,,,,,37.8,34,,
2008,266,-117.078758,46.781554,2008_266,GB,,100,0,1,,,,,,,46.338,3.0211,,,,,189.3,170.5,163.6,143.3608247
2008,267,-117.07834,46.781559,2008_267,SB,,100,0,1,,,,,,,44.836,1.7374,,,,,413.1889764,376.476378,,
2008,268,-117.077922,46.781496,2008_268,WT,,100,0,1,,,,,,,44.81,1.8996,,,,,606.1023622,560.5314961,,
2008,269,-117.077504,46.78166,2008_269,WT,,100,0,1,,,,,,,44.461,1.93,,,,,249.3110236,230.8070866,,
2008,270,-117.077086,46.781434,2008_270,SC,,100,0,1,,,,,,,63.068,3.4682,,,,,182.8740157,173.7204724,374.2125984,331.6192945
2008,271,-117.076668,46.781558,2008_271,SP,,100,0,1,,,,,,,44.876,3.5544,,,,,85.3,77.5,,
2008,272,-117.08559,46.781812,2008_272,SW,,100,0,1,,,,,,,,2.789473684,,,,,77.06692913,69.88188976,379.6259843,357.1481299
2008,273,-117.085172,46.78193,2008_273,SW,,100,0,1,,,,,,,,2.701754386,,,,,259.6456693,250.492126,425.8858268,400.4054782
2008,274,-117.084754,46.781778,2008_274,SW,,100,0,1,,,,,,,,2.192982456,,,,,381.2007874,347.9330709,488.3858268,459.936167
2008,275,-117.084357,46.78187778,2008_275,SW,,100,0,1,,,,,,,,2.666666667,,,,,347.7362205,333.6614173,597.6377953,558.3195193
2008,276,-117.083918,46.78182,2008_276,SC,,100,0,1,,,,,,,60.309,4.6598,,,,,164.1732283,154.0354331,,
2008,277,-117.0835,46.781883,2008_277,SW,,100,0,1,,,,,,,,2.210526316,,,,,317.7165354,306.1023622,348.6220472,325.5726557
2008,278,-117.083082,46.781804,2008_278,SW,,100,0,1,,,,,,,,2.192982456,,,,,380.7086614,354.3307087,523.3267717,491.1220472
2008,279,-117.0826501,46.78185937,2008_279,WW,,100,0,1,,,,,,,,1.684210526,,,,,492.9133858,454.2322835,,
2008,280,-117.082246,46.78191,2008_280,WW,,100,0,1,,,,,,,,1.824561404,,,,,597.2440945,555.6102362,,
2008,281,-117.0818123,46.78170481,2008_281,WW,,100,0,1,,,,,,,,2.350877193,,,,,414.6653543,375.984252,,
2008,282,-117.08141,46.781851,2008_282,WW,,100,0,1,,,,,,,,1.666666667,,,,,490.9448819,443.4055118,,
2008,283,-117.080992,46.781853,2008_283,WW,,100,0,1,,,,,,,,1.438596491,,,,,512.5984252,485.2362205,,
2008,284,-117.080574,46.781709,2008_284,WW,,100,0,1,,,,,,,,1.877192982,,,,,480.6102362,439.4685039,,
2008,285,-117.080156,46.781972,2008_285,WW,,100,0,1,,,,,,,,1.859649123,,,,,345.2755906,331.2007874,,
2008,286,-117.079738,46.781943,2008_286,WW,,100,0,1,,,,,,,,1.877192982,,,,,440.7480315,402.0669291,,
2008,287,-117.07932,46.781907,2008_287,,,100,0,0,,,,,,,,,,,,,,,,
2008,288,-117.0788662,46.78180208,2008_288,GB,,100,0,1,,,,,,,46.67,3.1037,,,,,197.3,176.5,,
2008,289,-117.078484,46.78184,2008_289,GB,,100,0,1,,,,,,,46.101,2.9198,,,,,12.3,11,201.6,180.2653022
2008,290,-117.078066,46.781845,2008_290,SB,,100,0,1,,,,,,,44.658,1.5239,,,,,443.2086614,405.019685,518.8976378,456.6299213
2008,291,-117.077648,46.781782,2008_291,WT,,100,0,1,,,,,,,44.899,1.8448,,,,,401.3779528,367.6181102,,
2008,292,-117.07723,46.781946,2008_292,WT,,100,0,1,,,,,,,44.655,2.1435,,,,,519.980315,482.7755906,,
2008,293,-117.076812,46.78172,2008_293,SC,,100,0,1,,,,,,,63.293,4.0803,,,,,123.3267717,116.6338583,,
2008,297,-117.085536,46.782098,2008_297,SW,,100,0,0,,,,,,,,,,,,,,,,
2008,298,-117.085118,46.782216,2008_298,SW,,100,0,1,,,,,,,,2.578947368,,,,,244.3897638,223.9173228,543.011811,512.2026303
2008,299,-117.0847,46.782064,2008_299,SW,,100,0,1,,,,,,,,2.578947368,,,,,319.1929134,298.2283465,683.2677165,648.4515272
2008,300,-117.084282,46.782153,2008_300,SW,,100,0,1,,,,,,,,2.614035088,,,,,350.1968504,321.3582677,637.007874,603.7313433
2008,301,-117.083864,46.782106,2008_301,SC,,100,0,1,,,,,,,60.899,4.3542,,,,,149.9015748,140.2559055,,
2008,302,-117.0834303,46.78215462,2008_302,SW,,100,0,1,,,,,,,,2.526315789,,,,,265.5511811,255.9055118,336.8110236,314.5425262
2008,303,-117.0830123,46.78207922,2008_303,SW,,100,0,1,,,,,,,,2.438596491,,,,,318.2086614,308.5629921,465.2559055,434.2388451
2008,304,-117.08261,46.782159,2008_304,SW,,100,0,1,,,,,,,,2.105263158,,,,,282.2834646,263.2874016,369.2913386,347.0783257
2008,305,-117.082192,46.782196,2008_305,WW,,100,0,1,,,,,,,,1.631578947,,,,,393.996063,353.3464567,,
2008,306,-117.081774,46.781998,2008_306,WW,,100,0,1,,,,,,,,1.754385965,,,,,307.3818898,278.0511811,,
2008,307,-117.081356,46.782137,2008_307,WW,,100,0,1,,,,,,,,2.070175439,,,,,491.4370079,458.6614173,,
2008,308,-117.080938,46.782139,2008_308,WW,,100,0,1,,,,,,,,1.98245614,,,,,544.0944882,524.1141732,,
2008,309,-117.080499,46.78197702,2008_309,WW,,100,0,1,,,,,,,,1.929824561,,,,,516.5354331,478.3464567,,
2008,310,-117.080102,46.782258,2008_310,WW,,100,0,1,,,,,,,,1.614035088,,,,,278.8385827,256.8897638,,
2008,311,-117.079684,46.782229,2008_311,WW,,100,0,1,,,,,,,,2.052631579,,,,,424.015748,397.1456693,,
2008,312,-117.0793018,46.78221346,2008_312,WW,,100,0,1,,,,,,,,1.877192982,,,,,444.6850394,407.9724409,,
2008,313,-117.078848,46.782114,2008_313,,,100,0,0,,,,,,,,,,,,,,,,
2008,314,-117.07843,46.782126,2008_314,GB,,100,0,1,,,,,,,46.689,3.351,,,,,200.3,181,,
2008,315,-117.0780418,46.78214737,2008_315,GB,,100,0,1,,,,,,,46.526,3.3583,,,,,236.515748,211.1220472,,
2008,316,-117.077594,46.782068,2008_316,SB,,100,0,1,,,,,,,44.935,2.323,,,,,229.1338583,206.2007874,,
2008,323,-117.0851352,46.78249247,2008_323,SW,,100,0,0,,,,,,,,,,,,,,,,
2008,324,-117.084751,46.78235,2008_324,SW,,100,0,1,,,,,,,,2.385964912,,,,,298.0314961,274.1141732,502.6574803,357.6601302
2008,325,-117.084333,46.782439,2008_325,SW,,100,0,1,,,,,,,,2.403508772,,,,,310.3346457,294.7834646,482.480315,453.9477587
2008,326,-117.083915,46.782392,2008_326,SW,,100,0,1,,,,,,,,2.070175439,,,,,340.3543307,326.7716535,482.9724409,462.8485892
2008,327,-117.083497,46.782455,2008_327,SC,,100,0,1,,,,,,,61.563,4.468,,,,,192.2244094,180.1181102,,
2008,328,-117.083079,46.782376,2008_328,SW,,100,0,1,,,,,,,,2.105263158,,,,,429.4291339,417.3228346,503.6417323,464.6694554
2008,329,-117.0826453,46.78243781,2008_329,SW,,100,0,1,,,,,,,,1.771929825,,,,,343.7992126,310.0393701,418.503937,392.1414843
2008,330,-117.082243,46.782482,2008_330,SW,,100,0,1,,,,,,,,2,,,,,371.3582677,345.4724409,476.5748031,447.0959493
2008,331,-117.081825,46.782284,2008_331,WW,,100,0,1,,,,,,,,1.263157895,,,,,482.5787402,437.5,,
2008,332,-117.081407,46.782423,2008_332,WW,,100,0,1,,,,,,,,1.561403509,,,,,450.5905512,418.7992126,,
2008,333,-117.080989,46.782425,2008_333,WW,,100,0,1,,,,,,,,1.754385965,,,,,488.976378,470.4724409,,
2008,334,-117.080571,46.782281,2008_334,WW,,100,0,1,,,,,,,,1.614035088,,,,,528.8385827,505.9055118,,
2008,335,-117.080153,46.782544,2008_335,WW,,100,0,1,,,,,,,,1.98245614,,,,,324.1141732,298.7204724,,
2008,336,-117.079735,46.782515,2008_336,WW,,100,0,1,,,,,,,,1.929824561,,,,,431.8897638,410.4330709,,
2008,337,-117.079317,46.782479,2008_337,WW,,100,0,1,,,,,,,,1.771929825,,,,,296.0629921,275.5905512,,
2008,338,-117.0788911,46.78239455,2008_338,,,100,0,0,,,,,,,,,,,,,,,,
2008,348,-117.084617,46.782636,2008_348,SW,,100,0,1,,,,,,,,2.877192982,,,,,246.8503937,198.8188976,719.6850394,619.0839048
2008,349,-117.084199,46.782725,2008_349,SW,,100,0,1,,,,,,,,2.736842105,,,,,276.8700787,217.0275591,837.7952756,779.5138651
2008,350,-117.083781,46.782678,2008_350,SW,,100,0,1,,,,,,,,2.526315789,,,,,250.7874016,233.2677165,420.4724409,395.0747767
2008,351,-117.083363,46.782741,2008_351,SC,,100,0,1,,,,,,,60.56,4.8647,,,,,171.5551181,161.4173228,477.5590551,420.5600711
2008,352,-117.0829188,46.78264763,2008_352,SW,,100,0,1,,,,,,,,2.070175439,,,,,310.3346457,287.8937008,348.6220472,333.8499266
2008,353,-117.082527,46.782731,2008_353,SW,,100,0,1,,,,,,,,2.263157895,,,,,379.7244094,352.8543307,446.5551181,420.7426835
2008,354,-117.082109,46.782768,2008_354,SW,,100,0,1,,,,,,,,1.824561404,,,,,217.8149606,204.2322835,378.1496063,353.4339458
2008,355,-117.081691,46.78257,2008_355,WW,,100,0,1,,,,,,,,1.614035088,,,,,436.3188976,409.9409449,,
2008,356,-117.081273,46.782709,2008_356,WW,,100,0,1,,,,,,,,1.771929825,,,,,601.1811024,561.515748,,
2008,357,-117.080855,46.782711,2008_357,WW,,100,0,1,,,,,,,,1.666666667,,,,,373.8188976,347.9330709,,
2008,358,-117.0804141,46.78255608,2008_358,WW,,100,0,1,,,,,,,,1.666666667,,,,,333.9566929,309.0551181,,
2008,359,-117.080019,46.78283,2008_359,WW,,100,0,1,,,,,,,,1.754385965,,,,,342.3228346,326.2795276,,
2008,360,-117.079601,46.782801,2008_360,WW,,100,0,1,,,,,,,,2.280701754,,,,,208.9566929,196.3582677,,
2008,371,-117.0842298,46.78296597,2008_371,SW,,100,0,1,,,,,,,,2.842105263,,,,,231.1023622,207.6771654,645.3740157,601.6768168
2008,372,-117.083798,46.782964,2008_372,SW,,100,0,1,,,,,,,,2.368421053,,,,,354.6259843,341.5354331,502.6574803,481.4929548
2008,373,-117.08338,46.783027,2008_373,SW,,100,0,1,,,,,,,,2.315789474,,,,,300.492126,280.019685,411.1220472,385.877711
2008,374,-117.082962,46.782948,2008_374,SC,,100,0,1,,,,,,,60.633,4.135,,,,,174.015748,165.3543307,,
2008,375,-117.0825283,46.78300622,2008_375,SW,,100,0,1,,,,,,,,2.403508772,,,,,275.3937008,266.2401575,318.1102362,292.6614173
2008,376,-117.082126,46.783054,2008_376,SW,,100,0,1,,,,,,,,1.964912281,,,,,405.8070866,389.2716535,441.6338583,426.2993493
2008,377,-117.0816503,46.78282132,2008_377,WW,,100,0,1,,,,,,,,1.649122807,,,,,593.3070866,561.515748,,
2008,378,-117.08129,46.782995,2008_378,WW,,100,0,1,,,,,,,,1.543859649,,,,,555.9055118,518.2086614,,
2008,379,-117.080872,46.782997,2008_379,WW,,100,0,1,,,,,,,,1.859649123,,,,,402.3622047,373.0314961,,
2008,380,-117.080454,46.782853,2008_380,WW,,100,0,1,,,,,,,,1.964912281,,,,,278.3464567,265.7480315,,
2008,381,-117.080036,46.783116,2008_381,WW,,100,0,1,,,,,,,,2.403508772,,,,,263.0905512,250.492126,,
2008,394,-117.0839099,46.78312585,2008_394,SW,,100,0,1,,,,,,,44.867,2.5978,,,,,281.2992126,250.492126,585.3346457,544.6157138
2008,395,-117.083498,46.783313,2008_395,SW,,100,0,1,,,,,,,,2.824561404,,,,,300.492126,249.015748,846.6535433,798.6164628
2008,396,-117.08308,46.783234,2008_396,SW,,100,0,1,,,,,,,,1.807017544,,,,,308.3661417,281.003937,415.0590551,385.6454213
2008,397,-117.082662,46.783303,2008_397,SC,,100,0,1,,,,,,,61.215,4.2236,,,,,107.5787402,99.9015748,362.8937008,318.5869117
2008,398,-117.0822755,46.78335797,2008_398,SC,,100,0,1,,,,,,,57.799,4.105,,,,,127.7559055,119.0944882,,
2008,399,-117.081826,46.783142,2008_399,SW,,100,0,1,,,,,,,,2.01754386,,,,,305.4133858,282.9724409,504.6259843,433.9783465
2008,400,-117.081408,46.783281,2008_400,SW,,100,0,1,,,,,,,,2.385964912,,,,,387.5984252,372.0472441,532.6771654,499.8409017
2008,401,-117.08099,46.783283,2008_401,WW,,100,0,1,,,,,,,,1.719298246,,,,,262.1062992,246.0629921,,
2008,402,-117.080572,46.783139,2008_402,WW,,100,0,1,,,,,,,,2.087719298,,,,,382.6771654,371.0629921,,
2008,419,-117.0832106,46.7834571,2008_419,SW,,100,0,1,,,,,,,,2.754385965,,,,,195.6692913,180.6102362,540.0590551,502.5549541
2008,420,-117.0827709,46.78351532,2008_420,SW,,100,0,1,,,,,,,,2.736842105,,,,,187.7952756,173.7204724,608.4645669,571.9566929
2008,421,-117.0823668,46.78355231,2008_421,SC,,100,0,1,,,,,,,60.464,4.5449,,,,,88.38582677,82.67716535,381.1023622,337.6208846
2008,422,-117.081933,46.783428,2008_422,SW,,100,0,1,,,,,,,44.92,2.6483,,,,,168.1102362,156.496063,489.8622047,385.5128593
2008,423,-117.0814836,46.78355263,2008_423,SW,,100,0,1,,,,,,,,2.789473684,,,,,407.7755906,370.0787402,630.6102362,592.0014462
2008,424,-117.081097,46.783569,2008_424,SW,,100,0,1,,,,,,,,2.561403509,,,,,520.9645669,503.4448819,780.7086614,742.0597178
2008,425,-117.080679,46.783425,2008_425,WW,,100,0,1,,,,,,,,2.157894737,,,,,187.7952756,169.7834646,,
2009,1,-117.087514,46.778729,2009_1,WW,,100,0,1,,,,,,,,2.070175439,,,,,428.8840263,402.0787746,,
2009,2,-117.0870646,46.77869163,2009_2,WW,,100,0,1,,,,,,,,2.157894737,,,,,412.4726477,386.761488,,
2009,3,-117.086678,46.778791,2009_3,WW,,100,0,1,,,,,,,,2.070175439,,,,,577.6805252,538.2932166,,
2009,4,-117.08626,46.778761,2009_4,WW,,100,0,1,,,,,,,,2.052631579,,,,,584.7921225,548.1400438,,
2009,5,-117.085842,46.778666,2009_5,SC,,100,0,1,,,,,,,60.505,4.5712,,,,,156.003937,148.1299213,,
2009,6,-117.0854188,46.77877321,2009_6,WP,,100,0,1,,,,,,,45.083,3.1919,,,,,115,105.5,,
2009,7,-117.085006,46.778632,2009_7,GB,,100,0,1,,,,,,,46.316,3.1783,,,,,151.5748031,138.2874016,,
2009,8,-117.084588,46.778721,2009_8,GB,,100,0,1,,,,,,,46.591,3.3105,,,,,184.0551181,169.7834646,,
2009,9,-117.08417,46.778674,2009_9,WT,,100,0,1,,,,,,,44.268,1.873,,,,,588.6214442,565.0984683,,
2009,10,-117.083752,46.778737,2009_10,SB,,100,0,1,,,,,,,44.749,1.8374,,,,,362.1444201,349.5623632,,
2009,11,-117.083334,46.778658,2009_11,SP,,100,0,1,,,,,,,44.575,3.7552,,,,,157,147,,
2009,12,-117.0829398,46.77873108,2009_12,SP,,100,0,1,,,,,,,44.102,3.936,,,,,134.5,126,,
2009,13,-117.082498,46.778764,2009_13,WC,,100,0,1,,,,,,,63.175,3.2787,,,,,369.7975253,356.6741657,,
2009,14,-117.0816322,46.77868863,2009_14,SW,,100,0,1,,,,,,,,1.807017544,,,,,350.6564551,331.5098468,,
2009,15,-117.081244,46.778707,2009_15,SW,,100,0,1,,,,,,,,2.50877193,,,,,354.4857768,343.5448578,,
2009,16,-117.080408,46.778826,2009_16,SW,,100,0,1,,,,,,,,2.350877193,,,,,440.9190372,430.5251641,,
2009,17,-117.07999,46.778797,2009_17,SW,,100,0,1,,,,,,,,2.456140351,,,,,649.3435449,619.2560175,,
2009,18,-117.0888801,46.77895174,2009_18,WW,,100,0,0,,,,,,,,,,,,,,,,
2009,19,-117.0884663,46.77882662,2009_19,WW,,100,0,1,,,,,,,,2.035087719,,,,,458.4245077,431.0722101,,
2009,20,-117.088064,46.778867,2009_20,WW,,100,0,1,,,,,,,,,,,,,,,,
2009,21,-117.087646,46.778842,2009_21,WW,,100,0,1,,,,,,,,,,,,,,,,
2009,22,-117.087228,46.779015,2009_22,WW,,100,0,1,,,,,,,,1.912280702,,,,,429.4310722,400.4376368,,
2009,23,-117.086831,46.77900278,2009_23,WW,,100,0,1,,,,,,,,2,,,,,556.345733,536.1050328,,
2009,24,-117.086392,46.779077,2009_24,WW,,100,0,1,,,,,,,,2.210526316,,,,,458.9715536,429.9781182,,
2009,25,-117.085974,46.779047,2009_25,WW,,100,0,1,,,,,,,,1.842105263,,,,,577.1334792,538.2932166,,
2009,26,-117.085556,46.778952,2009_26,SC,,100,0,1,,,,,,,61.652,3.9846,,,,,250.492126,240.6496063,,
2009,27,-117.085117,46.77906282,2009_27,WP,,100,0,1,,,,,,,44.702,3.553,,,,,153.5,143,,
2009,28,-117.08472,46.778918,2009_28,GB,,100,0,1,,,,,,,46.216,3.3594,,,,,190.9448819,176.6732283,,
2009,29,-117.084302,46.779007,2009_29,GB,,100,0,1,,,,,,,46.516,3.3477,,,,,204.7244094,187.007874,,
2009,30,-117.083884,46.77896,2009_30,WT,,100,0,1,,,,,,,42.944,1.7303,,,,,355.0328228,339.1684902,,
2009,31,-117.083466,46.779023,2009_31,SB,,100,0,1,,,,,,,44.939,1.7723,,,,,382.3851204,368.7089716,,
2009,32,-117.083048,46.778944,2009_32,SP,,100,0,1,,,,,,,44.425,3.8176,,,,,166.5,157,,
2009,33,-117.08263,46.779013,2009_33,SP,,100,0,1,,,,,,,44.651,3.8814,,,,,127.5,118.5,,
2009,34,-117.082212,46.77905,2009_34,WC,,100,0,1,,,,,,,63.2,3.2082,,,,,378.2339708,362.7671541,,
2009,35,-117.081794,46.778852,2009_35,SW,,100,0,1,,,,,,,,2.280701754,,,,,434.9015317,421.7724289,,
2009,36,-117.0814058,46.77900737,2009_36,SW,,100,0,1,,,,,,,,2.087719298,,,,,490.1531729,475.9299781,,
2009,37,-117.080958,46.778993,2009_37,SW,,100,0,0,,,,,,,,,,,,,,,,
2009,38,-117.08054,46.778849,2009_38,SW,,100,0,1,,,,,,,,2.192982456,,,,,396.0612691,382.9321663,,
2009,39,-117.080122,46.779112,2009_39,SW,,100,0,0,,,,,,,,,,,,,,,,
2009,40,-117.079704,46.779083,2009_40,SW,,100,0,0,,,,,,,,,,,,,,,,
2009,41,-117.079286,46.779047,2009_41,SW,,100,0,1,,,,,,,,2.596491228,,,,,392.2319475,373.6323851,,
2009,42,-117.0887062,46.77911338,2009_42,WW,,100,0,0,,,,,,,,,,,,,,,,
2009,43,-117.088318,46.779153,2009_43,WW,,100,0,1,,,,,,,,1.754385965,,,,,516.4113786,484.6827133,,
2009,44,-117.0879,46.779128,2009_44,WW,,100,0,1,,,,,,,,,,,,,,,,
2009,45,-117.0874635,46.77928833,2009_45,WW,,100,0,1,,,,,,,,2.122807018,,,,,336.9803063,311.8161926,,
2009,46,-117.087064,46.779278,2009_46,WW,,100,0,1,,,,,,,,2,,,,,669.5842451,623.0853392,,
2009,47,-117.086646,46.779363,2009_47,WW,,100,0,1,,,,,,,,1.824561404,,,,,596.2800875,570.0218818,,
2009,48,-117.086228,46.779333,2009_48,WW,,100,0,1,,,,,,,,2.140350877,,,,,663.5667396,619.8030635,,
2009,49,-117.08581,46.779238,2009_49,WW,,100,0,1,,,,,,,,1.912280702,,,,,643.3260394,607.7680525,,
2009,50,-117.0853355,46.77932123,2009_50,SC,,100,0,1,,,,,,,62.13,3.4561,,,,,156.003937,150.0984252,,
2009,51,-117.0849635,46.77919681,2009_51,WP,,100,0,1,,,,,,,44.956,2.6181,,,,,114,107,,
2009,52,-117.084556,46.779293,2009_52,WP,,100,0,1,,,,,,,44.438,2.8477,,,,,119.5,112,,
2009,53,-117.084138,46.779246,2009_53,GB,,100,0,1,,,,,,,46.462,3.2063,,,,,223.4251969,204.7244094,,
2009,54,-117.08372,46.779309,2009_54,WT,,100,0,1,,,,,,,41.577,1.578,,,,,566.7396061,547.0459519,,
2009,55,-117.083302,46.77923,2009_55,SB,,100,0,1,,,,,,,43.44,1.6982,,,,,372.5382932,355.5798687,,
2009,56,-117.0829019,46.77931128,2009_56,SB,,100,0,1,,,,,,,44.158,1.8256,,,,,567.833698,550.3282276,,
2009,57,-117.082466,46.779336,2009_57,SP,,100,0,1,,,,,,,44.651,3.9112,,,,,196,181.5,,
2009,58,-117.082048,46.779138,2009_58,WC,,100,0,1,,,,,,,63.995,2.8959,,,,,233.8770154,224.0344957,,
2009,59,-117.0816002,46.77925244,2009_59,SW,,100,0,1,,,,,,,,2.666666667,,,,,443.107221,431.619256,,
2009,60,-117.081212,46.779279,2009_60,SW,,100,0,1,,,,,,,,2.333333333,,,,,393.3260394,375.8205689,,
2009,61,-117.080794,46.779135,2009_61,SW,,100,0,0,,,,,,,,,,,,,,,,
2009,62,-117.0803999,46.77941847,2009_62,SW,,100,0,1,,,,,,,,2.438596491,,,,,407.0021882,395.5142232,,
2009,63,-117.079958,46.779369,2009_63,SW,,100,0,1,,,,,,,,2.403508772,,,,,384.5733042,372.5382932,,
2009,64,-117.07954,46.779333,2009_64,SW,,100,0,1,,,,,,,,2.50877193,,,,,435.4485777,414.1137856,,
2009,65,-117.079122,46.779254,2009_65,SW,,100,0,1,,,,,,,,2.122807018,,,,,456.7833698,437.0897155,,
2009,66,-117.0787339,46.77928646,2009_66,SW,,100,0,1,,,,,,,,2.315789474,,,,,289.3873085,280.0875274,,
2009,67,-117.078286,46.779271,2009_67,SW,,100,0,1,,,,,,,,2.561403509,,,,,324.3982495,310.1750547,,
2009,68,-117.088231,46.779439,2009_68,WW,,100,0,1,,,,,,,,1.684210526,,,,,417.9431072,397.702407,,
2009,69,-117.087813,46.779414,2009_69,WW,,100,0,1,,,,,,,,1.666666667,,,,,385.1203501,367.6148796,,
2009,70,-117.087395,46.779587,2009_70,WW,,100,0,1,,,,,,,,2.228070175,,,,,444.7483589,425.0547046,,
2009,71,-117.086977,46.779564,2009_71,WW,,100,0,1,,,,,,,,2.01754386,,,,,709.5185996,666.8490153,,
2009,72,-117.086559,46.779649,2009_72,WW,,100,0,1,,,,,,,,1.964912281,,,,,539.3873085,503.8293217,,
2009,73,-117.0861725,46.77963697,2009_73,WW,,100,0,1,,,,,,,,2,,,,,578.7746171,553.0634573,,
2009,74,-117.0856916,46.77950963,2009_74,WW,,100,0,1,,,,,,,,1.789473684,,,,,621.4442013,597.9212254,,
2009,75,-117.085305,46.779642,2009_75,WW,,100,0,1,,,,,,,,2.245614035,,,,,530.0875274,506.5645514,,
2009,76,-117.084887,46.77949,2009_76,SC,,100,0,1,,,,,,,62.729,3.3717,,,,,200.7874016,195.3740157,,
2009,77,-117.084469,46.779579,2009_77,WP,,100,0,1,,,,,,,44.67,2.9809,,,,,136.5,126,,
2009,78,-117.084051,46.779532,2009_78,GB,,100,0,1,,,,,,,45.766,3.3534,,,,,279.0354331,258.3661417,,
2009,79,-117.083633,46.779595,2009_79,GB,,100,0,1,,,,,,,46.646,3.7153,,,,,141.2401575,129.9212598,,
2009,80,-117.083215,46.779516,2009_80,WT,,100,0,1,,,,,,,44.026,1.5737,,,,,649.3435449,625.273523,,
2009,81,-117.082797,46.779585,2009_81,SB,,100,0,1,,,,,,,44.325,1.5438,,,,,390.5908096,376.3676149,,
2009,82,-117.082379,46.779622,2009_82,SP,,100,0,1,,,,,,,43.538,3.3979,,,,,209,194.5,,
2009,83,-117.081961,46.779424,2009_83,WC,,100,0,1,,,,,,,64.111,2.9979,,,,,254.4994376,244.1882265,,
2009,84,-117.081543,46.779563,2009_84,WC,,100,0,1,,,,,,,63.735,2.9542,,,,,290.5886764,278.4026997,,
2009,85,-117.081125,46.779565,2009_85,SW,,100,0,1,,,,,,,,2.368421053,,,,,467.1772429,442.0131291,,
2009,86,-117.080707,46.779421,2009_86,SW,,100,0,1,,,,,,,,2.210526316,,,,,400.9846827,379.1028446,,
2009,87,-117.080289,46.779684,2009_87,SW,,100,0,1,,,,,,,,2.263157895,,,,,408.643326,391.6849015,,
2009,88,-117.079871,46.779655,2009_88,SW,,100,0,1,,,,,,,,2.280701754,,,,,333.1509847,318.380744,,
2009,89,-117.079447,46.77960671,2009_89,SW,,100,0,1,,,,,,,,2.456140351,,,,,391.1378556,381.2910284,,
2009,90,-117.079035,46.77954,2009_90,SW,,100,0,1,,,,,,,,2.50877193,,,,,391.6849015,373.0853392,,
2009,91,-117.078617,46.779552,2009_91,SW,,100,0,1,,,,,,,,2.368421053,,,,,386.214442,376.9146608,,
2009,92,-117.078199,46.779557,2009_92,SW,,100,0,1,,,,,,,,2.263157895,,,,,463.3479212,452.4070022,,
2009,93,-117.077781,46.779494,2009_93,SW,,100,0,1,,,,,,,,2.701754386,,,,,332.6039387,320.5689278,,
2009,94,-117.077363,46.779658,2009_94,SW,,100,0,1,,,,,,,,2.49122807,,,,,273.5229759,267.5054705,,
2009,95,-117.088073,46.77971682,2009_95,WW,,100,0,0,,,,,,,,,,,,,,,,
2009,96,-117.087663,46.7797,2009_96,WW,,100,0,1,,,,,,,,1.719298246,,,,,534.463895,511.487965,,
2009,97,-117.087245,46.779873,2009_97,WW,,100,0,1,,,,,,,,1.877192982,,,,,369.8030635,349.0153173,,
2009,98,-117.086827,46.77985,2009_98,WW,,100,0,1,,,,,,,,1.912280702,,,,,570.0218818,547.0459519,,
2009,99,-117.086409,46.779935,2009_99,WW,,100,0,1,,,,,,,,1.98245614,,,,,505.4704595,470.4595186,,
2009,100,-117.085991,46.779905,2009_100,WW,,100,0,1,,,,,,,,1.929824561,,,,,577.6805252,556.345733,,
2009,101,-117.085573,46.77981,2009_101,WW,,100,0,1,,,,,,,,2.105263158,,,,,719.3654267,687.6367615,,
2009,102,-117.085155,46.779928,2009_102,WW,,100,0,1,,,,,,,,1.49122807,,,,,462.2538293,442.5601751,,
2009,103,-117.084737,46.779776,2009_103,SC,,100,0,1,,,,,,,62.622,3.0191,,,,,145.1771654,140.7480315,,
2009,104,-117.0843452,46.77988297,2009_104,SC,,100,0,1,,,,,,,62.91,3.0358,,,,,145.1771654,138.7795276,,
2009,105,-117.083901,46.779818,2009_105,WP,,100,0,1,,,,,,,44.601,2.6927,,,,,70.5,65,,
2009,106,-117.083483,46.779881,2009_106,GB,,100,0,1,,,,,,,46.105,3.1708,,,,,216.0433071,198.3267717,,
2009,107,-117.083065,46.779802,2009_107,WT,,100,0,1,,,,,,,43.992,1.6704,,,,,151.5317287,144.9671772,,
2009,108,-117.082647,46.779871,2009_108,SB,,100,0,1,,,,,,,43.084,1.4883,,,,,478.6652079,463.3479212,,
2009,109,-117.0821935,46.77987977,2009_109,SP,,100,0,1,,,,,,,44.561,3.6354,,,,,237,217,,
2009,110,-117.0817533,46.77967045,2009_110,WC,,100,0,1,,,,,,,63.898,2.8268,,,,,304.6494188,291.9947507,,
2009,111,-117.081393,46.779849,2009_111,WC,,100,0,1,,,,,,,64.174,2.7992,,,,,181.3835771,173.8845144,,
2009,112,-117.080975,46.779851,2009_112,SW,,100,0,1,,,,,,,,2.49122807,,,,,382.9321663,361.5973742,,
2009,113,-117.0805391,46.77969063,2009_113,SW,,100,0,1,,,,,,,,2.175438596,,,,,319.4748359,310.1750547,,
2009,114,-117.080139,46.77997,2009_114,SW,,100,0,1,,,,,,,45.053,2.8385,,,,,264.2231947,252.7352298,360.5032823,339.1841116
2009,115,-117.0797031,46.77992463,2009_115,SW,,100,0,1,,,,,,,,2.684210526,,,,,244.5295405,233.5886214,,
2009,116,-117.079303,46.779905,2009_116,SW,,100,0,1,,,,,,,,2.385964912,,,,,325.4923414,313.4573304,439.2778993,413.3002149
2009,117,-117.078885,46.779826,2009_117,SW,,100,0,1,,,,,,,,2.368421053,,,,,440.9190372,423.9606127,609.9562363,573.8851053
2009,118,-117.078467,46.779838,2009_118,SW,,100,0,1,,,,,,,,2.280701754,,,,,421.7724289,405.9080963,538.2932166,506.4600391
2009,119,-117.0780192,46.77982663,2009_119,SW,,100,0,1,,,,,,,,2.263157895,,,,,460.0656455,446.9365427,,
2009,120,-117.077631,46.77978,2009_120,SW,,100,0,1,,,,,,,,2.631578947,,,,,342.9978118,329.868709,,
2009,121,-117.077213,46.779944,2009_121,SW,,100,0,1,,,,,,,44.972,2.763,,,,,185.4485777,177.2428884,,
2009,122,-117.087699,46.779986,2009_122,WW,,100,0,0,,,,,,,,,,,,,,,,
2009,123,-117.087281,46.780159,2009_123,WW,,100,0,1,,,,,,,,1.894736842,,,,,508.2056893,485.7768053,,
2009,124,-117.086863,46.780136,2009_124,WW,,100,0,1,,,,,,,,2.087719298,,,,,474.8358862,441.4660832,,
2009,125,-117.086445,46.780221,2009_125,WW,,100,0,1,,,,,,,,1.98245614,,,,,653.7199125,617.6148796,,
2009,126,-117.0860113,46.78018382,2009_126,WW,,100,0,1,,,,,,,,1.719298246,,,,,318.380744,302.5164114,,
2009,127,-117.0855933,46.78008882,2009_127,WW,,100,0,1,,,,,,,,2.315789474,,,,,601.2035011,578.7746171,,
2009,128,-117.085191,46.780214,2009_128,WW,,100,0,1,,,,,,,,1.719298246,,,,,540.4814004,517.5054705,,
2009,129,-117.084773,46.780062,2009_129,WW,,100,0,1,,,,,,,,1.842105263,,,,,526.8052516,504.9234136,,
2009,130,-117.084355,46.780151,2009_130,SC,,100,0,1,,,,,,,61.85,3.9447,,,,,33.95669291,31.98818898,,
2009,131,-117.083937,46.780104,2009_131,WP,,100,0,1,,,,,,,44.779,2.8826,,,,,50,45.5,,
2009,132,-117.083519,46.780167,2009_132,WP,,100,0,1,,,,,,,44.561,3.186,,,,,77.5,71,,
2009,133,-117.083101,46.780088,2009_133,GB,,100,5.3,1,,,,,,,46.253,3.3673,,,,,426.1811024,391.7322835,,
2009,134,-117.082683,46.780157,2009_134,WT,,100,0,1,,,,,,,43.941,1.3633,,,,,457.3304158,437.0897155,,
2009,135,-117.082265,46.780194,2009_135,SB,,100,0,1,,,,,,,44.649,1.8322,,,,,516.9584245,491.2472648,,
2009,136,-117.081847,46.779996,2009_136,SP,,100,0,1,,,,,,,44.48,3.7736,,,,,251,226,,
2009,137,-117.0814529,46.78014727,2009_137,SP,,100,0,1,,,,,,,43.654,3.7646,,,,,197,184.5,,
2009,138,-117.081011,46.780137,2009_138,WC,,100,0,1,,,,,,,64.01,2.9958,,,,,366.9853768,351.5185602,,
2009,139,-117.080593,46.779993,2009_139,SW,,100,0,1,,,,,,,,2.894736842,,,,,288.2932166,277.3522976,,
2009,140,-117.080175,46.780256,2009_140,SW,,100,0,1,,,,,,,,2.315789474,,,,,304.7045952,294.8577681,,
2009,141,-117.079757,46.780227,2009_141,SW,,100,0,1,,,,,,,,2.754385965,,,,,258.7527352,250.547046,,
2009,142,-117.079339,46.780191,2009_142,SW,,100,0,1,,,,,,,,2.385964912,,,,,266.9584245,256.5645514,,
2009,143,-117.0789031,46.78010382,2009_143,SW,,100,0,1,,,,,,,,2.649122807,,,,,266.4113786,256.5645514,,
2009,144,-117.078503,46.780124,2009_144,SW,,100,0,1,,,,,,,,2.701754386,,,,,339.1684902,326.5864333,,
2009,145,-117.078085,46.780129,2009_145,SW,,100,0,1,,,,,,,,2.771929825,,,,,239.6061269,229.7592998,461.1597374,433.8880213
2009,146,-117.077667,46.780066,2009_146,SW,,100,0,1,,,,,,,,2.666666667,,,,,253.8293217,244.5295405,,
2009,147,-117.077249,46.78023,2009_147,SW,,100,0,1,,,,,,,,2.543859649,,,,,262.0350109,252.1881838,,
2009,148,-117.076831,46.780004,2009_148,SW,,100,0,1,,,,,,,,2.315789474,,,,,416.8490153,402.6258206,,
2009,149,-117.087103,46.780422,2009_149,WW,,100,0,1,,,,,,,,2.192982456,,,,,706.7833698,665.7549234,,
2009,150,-117.086685,46.780507,2009_150,WW,,100,0,1,,,,,,,,1.912280702,,,,,478.6652079,449.6717724,,
2009,151,-117.0862251,46.78045544,2009_151,WW,,100,0,1,,,,,,,,2,,,,,628.5557987,602.8446389,,
2009,152,-117.0858333,46.78037122,2009_152,WW,,100,0,1,,,,,,,,1.771929825,,,,,567.2866521,542.1225383,,
2009,153,-117.085431,46.7805,2009_153,WW,,100,0,1,,,,,,,,1.877192982,,,,,743.9824945,697.4835886,,
2009,154,-117.085013,46.780348,2009_154,WW,,100,0,1,,,,,,,,1.754385965,,,,,582.0568928,543.7636761,,
2009,155,-117.084595,46.780437,2009_155,WW,,100,0,1,,,,,,,,1.666666667,,,,,406.4551422,377.4617068,,
2009,156,-117.084177,46.78039,2009_156,SC,,100,0,1,,,,,,,62.072,3.1314,,,,,133.8582677,130.4133858,,
2009,157,-117.083759,46.780453,2009_157,SC,,100,0,1,,,,,,,61.831,3.3893,,,,,88.58267717,84.64566929,260.8267717,233.0771544
2009,158,-117.083341,46.780374,2009_158,WP,,100,0,1,,,,,,,44.963,3.1503,,,,,53.5,50,,
2009,159,-117.082923,46.780443,2009_159,GB,,100,0,1,,,,,,,,,,,,,167.3228346,150.5905512,166.3385827,148.7354905
2009,160,-117.082505,46.78048,2009_160,WT,,100,0,1,,,,,,,44.275,1.5397,,,,,415.7549234,397.702407,,
2009,161,-117.082087,46.780282,2009_161,SB,,100,0,1,,,,,,,44.12,1.4985,,,,,476.4770241,457.3304158,,
2009,162,-117.0816451,46.78040873,2009_162,SP,,100,0,1,,,,,,,44.817,3.7522,,,,,318.5,300,,
2009,163,-117.081251,46.780423,2009_163,SP,,100,0,1,,,,,,,44.269,3.585,,,,,215,200,,
2009,164,-117.080833,46.780279,2009_164,WC,,100,0,1,,,,,,,64.085,3.0839,,,,,181.8522685,174.3532058,,
2009,165,-117.080415,46.780542,2009_165,WC,,100,0,1,,,,,,,61.602,3.75885,,,,,230.1274841,220.7536558,,
2009,166,-117.079997,46.780513,2009_166,SW,,100,0,1,,,,,,,,2.438596491,,,,,343.5448578,339.7155361,389.4967177,366.4629551
2009,167,-117.079579,46.780477,2009_167,SW,,100,0,1,,,,,,,,2.596491228,,,,,295.404814,283.3698031,403.7199125,379.8450294
2009,168,-117.079161,46.780398,2009_168,SW,,100,0,1,,,,,,,,2.192982456,,,,,309.6280088,297.0459519,,
2009,169,-117.078743,46.78041,2009_169,SW,,100,0,1,,,,,,,44.683,2.5779,,,,,238.512035,229.7592998,237.9649891,223.8923954
2009,170,-117.078325,46.780415,2009_170,SW,,100,0,1,,,,,,,,2.49122807,,,,,217.7242888,209.5185996,309.0809628,290.8027664
2009,171,-117.077907,46.780352,2009_171,SW,,100,0,1,,,,,,,,2.473684211,,,,,317.833698,309.0809628,386.761488,363.8894793
2009,172,-117.077489,46.780516,2009_172,SW,,100,0,1,,,,,,,,2.192982456,,,,,306.892779,292.1225383,330.9628009,311.3905728
2009,173,-117.077071,46.78029,2009_173,SW,,100,0,1,,,,,,,,2.596491228,,,,,346.2800875,336.9803063,,
2009,174,-117.076653,46.780414,2009_174,SW,,100,0,1,,,,,,,,2.228070175,,,,,404.8140044,393.8730853,,
2009,175,-117.086879,46.780708,2009_175,WW,,100,0,0,,,,,,,,,,,,,,,,
2009,176,-117.0864768,46.78080097,2009_176,WW,,100,0,1,,,,,,,,1.98245614,,,,,652.6258206,614.3326039,,
2009,177,-117.086043,46.780763,2009_177,WW,,100,0,1,,,,,,,,2,,,,,560.7221007,537.1991247,,
2009,178,-117.085625,46.780668,2009_178,WW,,100,0,1,,,,,,,,1.859649123,,,,,621.9912473,584.7921225,,
2009,179,-117.085207,46.780786,2009_179,WW,,100,0,1,,,,,,,,1.98245614,,,,,780.6345733,743.9824945,,
2009,180,-117.084789,46.780634,2009_180,WW,,100,0,1,,,,,,,,,,,,,,,,
2009,181,-117.084371,46.780723,2009_181,WW,,100,0,1,,,,,,,,1.684210526,,,,,466.083151,437.0897155,,
2009,182,-117.0839212,46.78065692,2009_182,SC,,100,0,1,,,,,,,61.687,3.2801,,,,,96.45669291,92.02755906,,
2009,183,-117.083535,46.780739,2009_183,SC,,100,0,1,,,,,,,62.367,3.2822,,,,,222.9330709,213.0905512,,
2009,184,-117.083117,46.78066,2009_184,WP,,100,0,1,,,,,,,,,,,,,121.5,111.5,,
2009,185,-117.082699,46.780729,2009_185,GB,,100,0,0,,,,,,,,,,,,,,,,
2009,186,-117.082281,46.780766,2009_186,WT,,100,0,1,,,,,,,44.017,1.5631,,,,,591.356674,573.8512035,888.4026258,793.0266067
2009,187,-117.081863,46.780568,2009_187,SB,,100,0,1,,,,,,,44.518,2.1344,,,,,182.7133479,177.2428884,,
2009,188,-117.081445,46.780707,2009_188,SB,,100,0,1,,,,,,,44.224,1.5177,,,,,269.1466083,264.7702407,285.0109409,270.0404916
2009,189,-117.081027,46.780709,2009_189,SP,,100,0,1,,,,,,,44.277,3.467,,,,,225,204.5,,
2009,190,-117.080609,46.780565,2009_190,WC,,100,0,1,,,,,,,63.603,2.9819,,,,,288.2452193,275.5905512,,
2009,191,-117.080191,46.780828,2009_191,WC,,100,0,1,,,,,,,63.119,3.3517,,,,,469.6287964,450.8811399,,
2009,192,-117.079773,46.780799,2009_192,SW,,100,0,1,,,,,,,,2.245614035,,,,,425.6017505,414.6608315,577.6805252,543.5180908
2009,193,-117.079355,46.780763,2009_193,SW,,100,0,1,,,,,,,,2.350877193,,,,,413.5667396,397.702407,530.6345733,499.2543069
2009,194,-117.0789131,46.78066353,2009_194,SW,,100,0,1,,,,,,,,,,,,,231.4004376,221.0065646,,
2009,195,-117.078519,46.780696,2009_195,SW,,100,0,1,,,,,,,,2.245614035,,,,,233.0415755,227.02407,250,235.2156889
2009,196,-117.078101,46.780701,2009_196,SW,,100,0,1,,,,,,,,2.070175439,,,,,434.3544858,422.3194748,547.5929978,515.2098569
2009,197,-117.077683,46.780638,2009_197,SW,,100,0,1,,,,,,,,2.175438596,,,,,290.4814004,282.8227571,,
2009,198,-117.077265,46.780802,2009_198,SW,,100,0,1,,,,,,,,2.228070175,,,,,392.2319475,368.7089716,,
2009,199,-117.076847,46.780576,2009_199,SW,,100,0,1,,,,,,,,2.438596491,,,,,455.6892779,443.654267,,
2009,200,-117.0866262,46.7810531,2009_200,WW,,100,0,0,,,,,,,,,,,,,,,,
2009,201,-117.086242,46.781049,2009_201,WW,,100,0,1,,,,,,,,1.561403509,,,,,421.7724289,390.5908096,,
2009,202,-117.085824,46.780954,2009_202,WW,,100,0,1,,,,,,,,1.859649123,,,,,562.3632385,540.4814004,,
2009,203,-117.085406,46.781072,2009_203,WW,,100,0,1,,,,,,,,1.98245614,,,,,449.1247265,417.9431072,,
2009,204,-117.084988,46.78092,2009_204,WW,,100,0,1,,,,,,,,1.596491228,,,,,492.3413567,477.571116,591.9037199,543.2841156
2009,205,-117.08457,46.781009,2009_205,WW,,100,0,1,,,,,,,,1.842105263,,,,,479.7592998,447.4835886,,
2009,206,-117.084152,46.780962,2009_206,WW,,100,0,1,,,,,,,,1.912280702,,,,,598.4682713,575.4923414,,
2009,207,-117.083755,46.78103938,2009_207,WW,,100,0,1,,,,,,,,1.807017544,,,,,621.9912473,595.1859956,,
2009,208,-117.083316,46.780946,2009_208,SC,,100,0,1,,,,,,,62.722,3.3416,,,,,121.5551181,118.1102362,,
2009,209,-117.082898,46.781015,2009_209,WP,,100,0,1,,,,,,,44.534,2.833,,,,,96.5,89,,
2009,210,-117.08248,46.781052,2009_210,GB,,100,0,1,,,,,,,46.358,3.0965,,,,,220.4724409,203.2480315,,
2009,211,-117.082062,46.780854,2009_211,WT,,100,0,1,,,,,,,44.711,2.2196,,,,,764.2231947,735.2297593,,
2009,212,-117.081644,46.780993,2009_212,WT,,100,0,1,,,,,,,43.636,1.9958,,,,,607.2210066,579.868709,,
2009,213,-117.081226,46.780995,2009_213,SB,,100,0,0,,,,,,,,,,,,,,,,
2009,214,-117.080808,46.780851,2009_214,SP,,100,0,1,,,,,,,44.595,3.4497,,,,,241,222,,
2009,215,-117.0804377,46.78111806,2009_215,SP,,100,0,1,,,,,,,44.657,3.7581,,,,,282,266.5,,
2009,216,-117.079972,46.781085,2009_216,WC,,100,0,1,,,,,,,62.741,3.3614,,,,,347.7690289,333.2395951,,
2009,217,-117.079554,46.781049,2009_217,SW,,100,0,1,,,,,,,,2.526315789,,,,,526.8052516,513.1291028,664.1137856,624.8399263
2009,218,-117.079136,46.78097,2009_218,SW,,100,0,1,,,,,,,,2.105263158,,,,,386.214442,364.3326039,,
2009,219,-117.078718,46.780982,2009_219,SW,,100,0,1,,,,,,,,2.385964912,,,,,411.9256018,399.3435449,,
2009,220,-117.0783,46.780987,2009_220,SW,,100,0,1,,,,,,,,2.245614035,,,,,514.7702407,499.452954,648.7964989,610.4284618
2009,221,-117.077882,46.780924,2009_221,SW,,100,0,1,,,,,,,,2.333333333,,,,,433.2603939,413.0196937,573.8512035,539.9152246
2009,222,-117.077464,46.781088,2009_222,SW,,100,0,1,,,,,,,,2.228070175,,,,,399.3435449,381.2910284,,
2009,223,-117.077046,46.780862,2009_223,SW,,100,0,1,,,,,,,,2.596491228,,,,,318.9277899,308.5339168,407.5492341,383.4478955
2009,224,-117.076628,46.780986,2009_224,SW,,100,0,1,,,,,,,,2.50877193,,,,,358.3150985,348.4682713,,
2009,225,-117.086295,46.781365,2009_225,WW,,100,0,0,,,,,,,,,,,,,,,,
2009,226,-117.0858613,46.78132062,2009_226,WW,,100,0,1,,,,,,,,2,,,,,608.8621444,573.3041575,,
2009,227,-117.0854328,46.78122203,2009_227,WW,,100,0,1,,,,,,,,2.245614035,,,,,419.5842451,395.5142232,,
2009,228,-117.085041,46.781358,2009_228,WW,,100,0,1,,,,,,,,2.192982456,,,,,274.0700219,260.940919,,
2009,229,-117.084623,46.781206,2009_229,WW,,100,0,1,,,,,,,,1.736842105,,,,,592.9978118,569.4748359,,
2009,230,-117.084205,46.781295,2009_230,WW,,100,0,1,,,,,,,,2.035087719,,,,,569.4748359,547.0459519,,
2009,231,-117.083787,46.781248,2009_231,WW,,100,0,1,,,,,,,,1.807017544,,,,,514.2231947,494.5295405,,
2009,232,-117.0832823,46.78127044,2009_232,SC,,100,0,1,,,,,,,63.005,3.0107,,,,,160.4330709,156.003937,,
2009,233,-117.082951,46.781232,2009_233,SC,,100,0,1,,,,,,,63.407,3.2025,,,,,157.9724409,153.5433071,,
2009,234,-117.082533,46.781301,2009_234,WP,,100,0,1,,,,,,,44.784,2.9971,,,,,354,338,,
2009,235,-117.082115,46.781338,2009_235,GB,,100,0,1,,,,,,,46.299,3.28,,,,,220.4724409,201.2795276,266.2401575,238.0647939
2009,236,-117.081697,46.78114,2009_236,WT,,100,0,1,,,,,,,44.106,1.5639,,,,,599.0153173,578.2275711,,
2009,237,-117.0812437,46.78126348,2009_237,SB,,100,0,1,,,,,,,44.657,2.1137,,,,,277.3522976,266.4113786,,
2009,238,-117.080861,46.781281,2009_238,SB,,100,0,1,,,,,,,43.98,1.7852,,,,,513.6761488,494.5295405,,
2009,239,-117.080455,46.78115338,2009_239,SP,,100,0,1,,,,,,,44.724,3.586,,,,,274.5,253.5,,
2009,240,-117.0801105,46.78144636,2009_240,SP,,100,0,1,,,,,,,44.332,3.8466,,,,,126.5,118.5,,
2009,241,-117.079607,46.781371,2009_241,WC,,100,0,1,,,,,,,62.43,3.6215,,,,,254.968129,243.2508436,,
2009,242,-117.079189,46.781335,2009_242,SW,,100,0,1,,,,,,,,2.385964912,,,,,495.6236324,484.1356674,632.3851204,594.987607
2009,243,-117.078771,46.781256,2009_243,SW,,100,0,1,,,,,,,,2.333333333,,,,,379.6498906,367.6148796,603.9387309,568.2234585
2009,244,-117.0783888,46.78129255,2009_244,SW,,100,0,1,,,,,,,,2.245614035,,,,,388.4026258,376.9146608,,
2009,245,-117.077935,46.781273,2009_245,SW,,100,0,1,,,,,,,,2.228070175,,,,,350.1094092,333.1509847,454.04814,427.1969842
2009,246,-117.077517,46.78121,2009_246,SW,,100,0,1,,,,,,,,2.280701754,,,,,533.916849,511.487965,621.9912473,585.2083989
2009,247,-117.077099,46.781374,2009_247,SW,,100,0,1,,,,,,,,2.157894737,,,,,408.0962801,384.5733042,,
2009,248,-117.0766989,46.78116437,2009_248,SW,,100,0,1,,,,,,,,2.403508772,,,,,524.6170678,508.7527352,,
2009,249,-117.085864,46.781526,2009_249,WW,,100,0,1,,,,,,,,1.912280702,,,,,623.6323851,585.3391685,,
2009,250,-117.085446,46.781644,2009_250,WW,,100,0,1,,,,,,,,2.157894737,,,,,509.2997812,475.9299781,,
2009,251,-117.085028,46.781492,2009_251,WW,,100,0,1,,,,,,,,2.228070175,,,,,513.6761488,485.2297593,,
2009,252,-117.0845785,46.78155584,2009_252,WW,,100,0,1,,,,,,,,2.01754386,,,,,486.3238512,453.5010941,,
2009,253,-117.084192,46.781534,2009_253,WW,,100,0,1,,,,,,,,1.964912281,,,,,507.6586433,490.1531729,570.5689278,523.7017861
2009,254,-117.083774,46.781597,2009_254,WW,,100,0,1,,,,,,,,1.98245614,,,,,708.4245077,663.0196937,,
2009,255,-117.083356,46.781518,2009_255,WW,,100,0,1,,,,,,,,1.824561404,,,,,619.8030635,593.5448578,,
2009,256,-117.082938,46.781587,2009_256,SC,,100,0,1,,,,,,,62.839,3.5536,,,,,235.7283465,230.3149606,573.8188976,512.7697398
2009,257,-117.08252,46.781624,2009_257,SC,,100,0,1,,,,,,,61.708,4.0623,,,,,186.023622,180.6102362,,
2009,258,-117.082102,46.781426,2009_258,GB,,100,0,1,,,,,,,46.205,3.2001,,,,,175.6889764,159.9409449,,
2009,259,-117.081684,46.781565,2009_259,GB,,100,0,1,,,,,,,46.363,3.2217,,,,,142.7165354,129.9212598,,
2009,260,-117.081266,46.781567,2009_260,WT,,100,0,1,,,,,,,44.313,1.5071,,,,,612.1444201,597.9212254,869.8030635,776.4238329
2009,261,-117.080848,46.781423,2009_261,SB,,100,0,1,,,,,,,44.495,2.077,,,,,380.1969365,362.6914661,404.8140044,383.5507942
2009,262,-117.08043,46.781686,2009_262,SB,,100,0,1,,,,,,,44.483,1.7846,,,,,398.249453,385.1203501,,
2009,263,-117.080012,46.781657,2009_263,SP,,100,0,1,,,,,,,44.369,3.5954,,,,,177,165.5,,
2009,264,-117.079594,46.781621,2009_264,WC,,100,0,1,,,,,,,62.474,2.9594,,,,,286.3704537,273.7157855,,
2009,265,-117.0791581,46.78153382,2009_265,SW,,100,0,1,,,,,,,,2.631578947,,,,,470.4595186,458.4245077,,
2009,266,-117.078758,46.781554,2009_266,SW,,100,0,1,,,,,,,,2.719298246,,,,,401.5317287,393.8730853,634.5733042,597.0463876
2009,267,-117.07834,46.781559,2009_267,SW,,100,0,1,,,,,,,,2.368421053,,,,,427.7899344,414.1137856,640.5908096,602.7080344
2009,268,-117.077922,46.781496,2009_268,SW,,100,0,1,,,,,,,,2.263157895,,,,,431.0722101,419.5842451,,
2009,269,-117.077504,46.78166,2009_269,SW,,100,0,1,,,,,,,,2.175438596,,,,,440.9190372,427.2428884,,
2009,270,-117.077086,46.781434,2009_270,SW,,100,0,1,,,,,,,,2.070175439,,,,,425.0547046,413.5667396,,
2009,271,-117.076668,46.781558,2009_271,SW,,100,0,1,,,,,,,,2.49122807,,,,,344.6389497,328.7746171,,
2009,272,-117.08559,46.781812,2009_272,WW,,100,0,1,,,,,,,,1.789473684,,,,,574.9452954,537.1991247,,
2009,273,-117.085172,46.78193,2009_273,WW,,100,0,1,,,,,,,,1.894736842,,,,,393.3260394,365.9737418,,
2009,274,-117.084754,46.781778,2009_274,WW,,100,0,1,,,,,,,,,,,,,,,,
2009,275,-117.084357,46.78187778,2009_275,WW,,100,0,1,,,,,,,,1.912280702,,,,,648.249453,623.0853392,,
2009,276,-117.083918,46.78182,2009_276,WW,,100,0,1,,,,,,,,2.122807018,,,,,616.5207877,577.1334792,,
2009,277,-117.0835,46.781883,2009_277,WW,,100,0,1,,,,,,,,2.175438596,,,,,380.7439825,363.238512,,
2009,278,-117.083082,46.781804,2009_278,WW,,100,0,1,,,,,,,,1.929824561,,,,,481.9474836,460.6126915,,
2009,279,-117.0826501,46.78185937,2009_279,SC,,100,0,1,,,,,,,62.98,3.3605,,,,,140.2559055,136.8110236,,
2009,280,-117.082246,46.78191,2009_280,SC,,100,0,1,,,,,,,62.953,3.3517,,,,,156.003937,149.6062992,,
2009,281,-117.0818123,46.78170481,2009_281,GB,,100,0,1,,,,,,,46.373,3.3304,,,,,192.4212598,177.1653543,,
2009,282,-117.08141,46.781851,2009_282,GB,,100,0,1,,,,,,,46.376,3.2089,,,,,188.484252,172.7362205,,
2009,283,-117.080992,46.781853,2009_283,WT,,100,0,1,,,,,,,44.025,1.3991,,,,,514.2231947,497.2647702,672.8665208,600.6297575
2009,284,-117.080574,46.781709,2009_284,SB,,100,0,1,,,,,,,44.456,1.8517,,,,,322.2100656,309.6280088,,
2009,285,-117.080156,46.781972,2009_285,SB,,100,0,1,,,,,,,42.773,1.4541,,,,,391.6849015,375.273523,,
2009,286,-117.079738,46.781943,2009_286,SP,,100,0,1,,,,,,,44.367,3.4857,,,,,269,249.5,,
2009,287,-117.07932,46.781907,2009_287,WC,,100,0,1,,,,,,,62.933,3.3848,,,,,482.2834646,462.5984252,,
2009,288,-117.0788662,46.78180208,2009_288,SW,,100,0,1,,,,,,,,2.421052632,,,,,467.7242888,454.595186,,
2009,289,-117.078484,46.78184,2009_289,SW,,100,0,1,,,,,,,,2.50877193,,,,,384.0262582,374.726477,,
2009,290,-117.078066,46.781845,2009_290,SW,,100,0,1,,,,,,,,2.315789474,,,,,442.5601751,430.5251641,,
2009,291,-117.077648,46.781782,2009_291,SW,,100,0,1,,,,,,,,2.192982456,,,,,304.1575492,295.404814,,
2009,292,-117.07723,46.781946,2009_292,SW,,100,0,1,,,,,,,,2.789473684,,,,,294.3107221,285.5579869,,
2009,293,-117.076812,46.78172,2009_293,SW,,100,0,1,,,,,,,,2.298245614,,,,,337.5273523,328.2275711,,
2009,297,-117.085536,46.782098,2009_297,WW,,100,0,0,,,,,,,,,,,,,,,,
2009,298,-117.085118,46.782216,2009_298,WW,,100,0,1,,,,,,,,1.964912281,,,,,664.1137856,638.4026258,,
2009,299,-117.0847,46.782064,2009_299,WW,,100,0,1,,,,,,,,1.859649123,,,,,626.9146608,589.7155361,,
2009,300,-117.084282,46.782153,2009_300,WW,,100,0,1,,,,,,,,1.789473684,,,,,573.3041575,533.3698031,,
2009,301,-117.083864,46.782106,2009_301,WW,,100,0,1,,,,,,,,1.859649123,,,,,654.8140044,628.5557987,,
2009,302,-117.0834303,46.78215462,2009_302,WW,,100,0,1,,,,,,,,2.087719298,,,,,673.9606127,635.6673961,,
2009,303,-117.0830123,46.78207922,2009_303,WW,,100,0,1,,,,,,,,1.98245614,,,,,547.0459519,528.9934354,781.1816193,717.0145259
2009,304,-117.08261,46.782159,2009_304,WW,,100,0,1,,,,,,,,2.035087719,,,,,531.7286652,510.3938731,,
2009,305,-117.082192,46.782196,2009_305,SC,,100,0,1,,,,,,,63.061,3.4466,,,,,160.4330709,153.5433071,,
2009,306,-117.081774,46.781998,2009_306,WP,,100,0,1,,,,,,,44.481,2.5943,,,,,190,180,,
2009,307,-117.081356,46.782137,2009_307,GB,,100,0,1,,,,,,,46.268,3.0917,,,,,201.7716535,185.0393701,250.492126,223.9833274
2009,308,-117.080938,46.782139,2009_308,GB,,100,0,1,,,,,,,46.324,3.4202,,,,,178.1496063,164.8622047,,
2009,309,-117.080499,46.78197702,2009_309,SB,,100,0,1,,,,,,,44.537,1.8177,,,,,568.9277899,547.5929978,646.6083151,612.6446469
2009,310,-117.080102,46.782258,2009_310,SB,,100,0,1,,,,,,,44.07,1.505,,,,,507.6586433,473.7417943,513.6761488,486.6948591
2009,311,-117.079684,46.782229,2009_311,SP,,100,0,1,,,,,,,44.42,3.1726,,,,,217.5,204.5,,
2009,312,-117.0793018,46.78221346,2009_312,SP,,100,0,1,,,,,,,44.942,3.5438,,,,,247,230.5,,
2009,313,-117.078848,46.782114,2009_313,WC,,100,0,1,,,,,,,63.237,2.9829,,,,,365.1106112,348.7064117,,
2009,314,-117.07843,46.782126,2009_314,SW,,100,0,1,,,,,,,,2.245614035,,,,,242.8884026,234.6827133,,
2009,315,-117.0780418,46.78214737,2009_315,SW,,100,0,1,,,,,,,,2.526315789,,,,,561.8161926,508.2056893,,
2009,316,-117.077594,46.782068,2009_316,SW,,100,0,1,,,,,,,,2.385964912,,,,,263.1291028,229.2122538,,
2009,323,-117.0851352,46.78249247,2009_323,WW,,100,0,0,,,,,,,,,,,,,,,,
2009,324,-117.084751,46.78235,2009_324,WW,,100,0,1,,,,,,,,1.912280702,,,,,652.0787746,611.0503282,,
2009,325,-117.084333,46.782439,2009_325,WW,,100,0,1,,,,,,,,1.877192982,,,,,718.2713348,676.1487965,,
2009,326,-117.083915,46.782392,2009_326,WW,,100,0,1,,,,,,,,1.894736842,,,,,699.1247265,659.190372,,
2009,327,-117.083497,46.782455,2009_327,WW,,100,0,1,,,,,,,,2.245614035,,,,,606.1269147,583.1509847,830.9628009,762.7066281
2009,328,-117.083079,46.782376,2009_328,WW,,100,0,1,,,,,,,,2.01754386,,,,,603.9387309,563.4573304,,
2009,329,-117.0826453,46.78243781,2009_329,WW,,100,0,1,,,,,,,,1.771929825,,,,,539.3873085,516.4113786,,
2009,330,-117.082243,46.782482,2009_330,WW,,100,0,1,,,,,,,,1.789473684,,,,,614.8796499,573.8512035,,
2009,331,-117.081825,46.782284,2009_331,SC,,100,0,1,,,,,,,63.279,2.9663,,,,,105.3149606,102.3622047,252.4606299,225.6010948
2009,332,-117.081407,46.782423,2009_332,WP,,100,0,1,,,,,,,44.74,2.496,,,,,53.5,49,,
2009,333,-117.080989,46.782425,2009_333,GB,,100,0,1,,,,,,,46.793,3.2338,,,,,268.2086614,248.523622,300.6889764,268.868002
2009,334,-117.080571,46.782281,2009_334,WT,,100,0,1,,,,,,,44.627,1.6861,,,,,621.9912473,591.356674,,
2009,335,-117.080153,46.782544,2009_335,WT,,100,0,1,,,,,,,43.982,1.6478,,,,,635.1203501,620.8971554,689.2778993,615.2792638
2009,336,-117.079735,46.782515,2009_336,SB,,100,0,1,,,,,,,44.465,1.3868,,,,,485.2297593,442.0131291,586.4332604,555.6303396
2009,337,-117.079317,46.782479,2009_337,SP,,100,0,1,,,,,,,43.625,3.0445,,,,,151,138,,
2009,338,-117.0788911,46.78239455,2009_338,WC,,100,0,1,,,,,,,62.917,3.3028,,,,,312.6171729,299.4938133,,
2009,348,-117.084617,46.782636,2009_348,WW,,100,0,1,,,,,,,,1.859649123,,,,,687.6367615,657.0021882,,
2009,349,-117.084199,46.782725,2009_349,WW,,100,0,1,,,,,,,,2.368421053,,,,,577.1334792,553.6105033,,
2009,350,-117.083781,46.782678,2009_350,WW,,100,0,1,,,,,,,,1.842105263,,,,,621.9912473,587.5273523,,
2009,351,-117.083363,46.782741,2009_351,WW,,100,0,1,,,,,,,,2.105263158,,,,,674.5076586,650.4376368,,
2009,352,-117.0829188,46.78264763,2009_352,WW,,100,0,1,,,,,,,,2.157894737,,,,,634.5733042,606.6739606,,
2009,353,-117.082527,46.782731,2009_353,WW,,100,0,1,,,,,,,,2.140350877,,,,,640.0437637,603.3916849,,
2009,354,-117.082109,46.782768,2009_354,WW,,100,0,1,,,,,,,,1.964912281,,,,,679.9781182,654.8140044,,
2009,355,-117.081691,46.78257,2009_355,SC,,100,0,1,,,,,,,62.316,3.4468,,,,,181.5944882,173.7204724,,
2009,356,-117.081273,46.782709,2009_356,WP,,100,0,1,,,,,,,44.669,2.5836,,,,,50,45.5,,
2009,357,-117.080855,46.782711,2009_357,WP,,100,0,1,,,,,,,44.995,3.4768,,,,,25.5,23.5,,
2009,358,-117.0804141,46.78255608,2009_358,WT,,100,0,1,,,,,,,,,,,,,,,,
2009,359,-117.080019,46.78283,2009_359,WT,,100,0,1,,,,,,,44.076,1.492,,,,,803.0634573,781.7286652,1064.551422,950.2646407
2009,360,-117.079601,46.782801,2009_360,SB,,100,0,1,,,,,,,44.48,1.834,,,,,362.6914661,346.2800875,,
2009,371,-117.0842298,46.78296597,2009_371,WW,,100,0,1,,,,,,,,2.035087719,,,,,619.8030635,585.3391685,,
2009,372,-117.083798,46.782964,2009_372,WW,,100,0,1,,,,,,,,2.175438596,,,,,626.9146608,601.750547,,
2009,373,-117.08338,46.783027,2009_373,WW,,100,0,1,,,,,,,,1.964912281,,,,,578.2275711,553.0634573,,
2009,374,-117.082962,46.782948,2009_374,WW,,100,0,1,,,,,,,,1.929824561,,,,,607.7680525,572.2100656,770.2407002,706.9723057
2009,375,-117.0825283,46.78300622,2009_375,WW,,100,0,1,,,,,,,,2.052631579,,,,,685.9956236,659.7374179,,
2009,376,-117.082126,46.783054,2009_376,WW,,100,0,1,,,,,,,,1.736842105,,,,,630.7439825,595.7330416,,
2009,377,-117.0816503,46.78282132,2009_377,SC,,100,0,1,,,,,,,62.555,3.2332,,,,,138.7795276,134.3503937,383.8582677,343.0192084
2009,378,-117.08129,46.782995,2009_378,SC,,100,0,1,,,,,,,63.388,3.2559,,,,,130.4133858,125,,
2009,379,-117.080872,46.782997,2009_379,WP,,100,0,1,,,,,,,44.16,2.9288,,,,,31.5,28.5,,
2009,380,-117.080454,46.782853,2009_380,GB,,100,0,1,,,,,,,46.484,3.3773,,,,,273.1299213,251.9685039,305.1181102,272.8284145
2009,381,-117.080036,46.783116,2009_381,GB,,100,0,1,,,,,,,46.37,3.2183,,,,,298.2283465,273.1299213,,
2009,394,-117.0839099,46.78312585,2009_394,WW,,100,0,1,,,,,,,,1.736842105,,,,,578.7746171,537.7461707,,
2009,395,-117.083498,46.783313,2009_395,WW,,100,0,1,,,,,,,,2.263157895,,,,,664.1137856,637.3085339,,
2009,396,-117.08308,46.783234,2009_396,WW,,100,0,1,,,,,,,,1.473684211,,,,,449.1247265,420.678337,,
2009,397,-117.082662,46.783303,2009_397,WW,,100,0,1,,,,,,,,1.98245614,,,,,509.2997812,486.8708972,,
2009,398,-117.0822755,46.78335797,2009_398,WW,,100,0,1,,,,,,,,1.98245614,,,,,508.2056893,478.1181619,,
2009,399,-117.081826,46.783142,2009_399,WW,,100,0,1,,,,,,,,1.701754386,,,,,532.2757112,510.3938731,,
2009,400,-117.081408,46.783281,2009_400,WW,,100,0,1,,,,,,,,1.807017544,,,,,501.6411379,480.3063457,,
2009,401,-117.08099,46.783283,2009_401,SC,,100,0,1,,,,,,,62.267,3.2286,,,,,133.8582677,129.9212598,362.2047244,323.6694069
2009,402,-117.080572,46.783139,2009_402,WP,,100,5.3,1,,,,,,,44.677,3.0497,,,,,8.5,8,,
2009,419,-117.0832106,46.7834571,2009_419,WW,,100,0,1,,,,,,,,2.01754386,,,,,547.0459519,519.1466083,,
2009,420,-117.0827709,46.78351532,2009_420,WW,,100,0,1,,,,,,,,1.859649123,,,,,543.2166302,520.7877462,,
2009,421,-117.0823668,46.78355231,2009_421,WW,,100,0,1,,,,,,,,2.052631579,,,,,403.7199125,374.726477,,
2009,422,-117.081933,46.783428,2009_422,WW,,100,0,1,,,,,,,,1.964912281,,,,,571.6630197,544.3107221,,
2009,423,-117.0814836,46.78355263,2009_423,WW,,100,0,0,,,,,,,,,,,,,,,,
2009,424,-117.081097,46.783569,2009_424,WW,,100,0,0,,,,,,,,,,,,,,,,
2009,425,-117.080679,46.783425,2009_425,SC,,100,0,0,,,,,,,,,,,,,,,,
2010,1,-117.087514,46.778729,CF10GPSW_1_5-A,SW,,100,0,1,,,,,,,,,,,,,316.7396061,300.3282276,,
2010,2,-117.0870646,46.77869163,CF10GPGB_2_6-A,GB,,100,0,1,,,,,,,,,,,,,72.21006565,64.55142232,,
2010,3,-117.086678,46.778791,CF10GPGB_3_7-A,GB,,100,0,1,,,,,,,,,,,,,114.3326039,102.8446389,,
2010,4,-117.08626,46.778761,CF10GPSB_4_8-A,SB,,100,0,1,,,,,,,,,,,,,434.3544858,417.3960613,,
2010,5,-117.085842,46.778666,CF10GPGB_5_9-A,GB,,100,0,1,,,,,,,,,,,,,171.2253829,155.9080963,,
2010,6,-117.0854188,46.77877321,CF10GPGB_6_10-A,GB,,100,0,1,,,,,,,,,,,,,176.1487965,159.7374179,,
2010,7,-117.085006,46.778632,CF10GPGB_7_11-A,GB,,100,0,1,,,,,,,,,,,,,193.654267,175.0547046,,
2010,8,-117.084588,46.778721,CF10GPGB_8_12-A,GB,,100,0,1,,,,,,,,,,,,,138.4026258,124.726477,,
2010,9,-117.08417,46.778674,CF10GPGB_9_13-A,GB,,100,0,1,,,,,,,,,,,,,131.8380744,118.7089716,,
2010,10,-117.083752,46.778737,CF10GPSW_10_14-A,SW,,100,0,1,,,,,,,,,,,,,327.6805252,316.7396061,,
2010,11,-117.083334,46.778658,CF10GPSW_11_15-A,SW,,100,0,1,,,,,,,,,,,,,494.5295405,473.1947484,,
2010,12,-117.0829398,46.77873108,CF10GPSW_12_16-A,SW,,100,0,1,,,,,,,,,,,,,423.4135667,410.2844639,,
2010,13,-117.082498,46.778764,CF10GPWW_13_17-A,WW,,100,0,1,,,,,,,,,,,,,576.5864333,558.5339168,,
2010,14,-117.0816322,46.77868863,CF10GPWW_14_19-A,WW,,100,0,1,,,,,,,,,,,,,427.7899344,413.0196937,,
2010,15,-117.081244,46.778707,CF10GPWW_15_20-A,WW,,100,0,1,,,,,,,,,,,,,436.5426696,423.9606127,,
2010,16,-117.080408,46.778826,CF10GPWW_16_22-A,WW,,100,0,1,,,,,,,,,,,,,586.4332604,559.0809628,,
2010,17,-117.07999,46.778797,CF10GPWW_17_23-A,WW,,100,0,1,,,,,,,,,,,,,749.452954,708.9715536,,
2010,18,-117.0888801,46.77895174,CF10GPSW_18_1-B,WW,Alfalfa,100,0,0,,,,,,,,,,,,,,,,
2010,19,-117.0884663,46.77882662,CF10GPSW_19_2-B,SW,,100,0,1,,,,,,,,,,,,,323.8512035,307.4398249,,
2010,20,-117.088064,46.778867,CF10GPSW_20_3-B,SW,,100,0,1,,,,,,,,,,,,,266.4113786,254.3763676,,
2010,21,-117.087646,46.778842,CF10GPSW_21_4-B,SW,,100,0,1,,,,,,,,,,,,,303.0634573,289.3873085,,
2010,22,-117.087228,46.779015,CF10GPSW_22_5-B,SW,,100,0,1,,,,,,,,,,,,,226.4770241,212.8008753,,
2010,23,-117.086831,46.77900278,CF10GPSW_23_6-B,SW,,100,0,1,,,,,,,,,,,,,355.5798687,340.2625821,,
2010,24,-117.086392,46.779077,CF10GPGB_24_7-B,GB,,100,0,1,,,,,,,,,,,,,145.5142232,131.2910284,,
2010,25,-117.085974,46.779047,CF10GPSB_25_8-B,SB,,100,0,1,,,,,,,,,,,,,541.0284464,521.8818381,,
2010,26,-117.085556,46.778952,CF10GPGB_26_9-B,GB,,100,0,1,,,,,,,,,,,,,206.2363239,185.9956236,,
2010,27,-117.085117,46.77906282,CF10GPGB_27_10-B,GB,,100,0,1,,,,,,,,,,,,,153.1728665,139.4967177,,
2010,28,-117.08472,46.778918,CF10GPGB_28_11-B,GB,,100,0,1,,,,,,,,,,,,,209.5185996,189.8249453,225.9299781,207.1024799
2010,29,-117.084302,46.779007,CF10GPGB_29_12-B,GB,,100,0,1,,,,,,,,,,,,,84.79212254,76.03938731,,
2010,30,-117.083884,46.77896,CF10GPGB_30_13-B,GB,,100,0,1,,,,,,,,,,,,,184.9015317,166.8490153,,
2010,31,-117.083466,46.779023,CF10GPSW_31_14-B,SW,,100,0,1,,,,,,,,,,,,,423.4135667,405.9080963,,
2010,32,-117.083048,46.778944,CF10GPSW_32_15-B,SW,,100,0,1,,,,,,,,,,,,,397.702407,376.3676149,,
2010,33,-117.08263,46.779013,CF10GPSW_33_16-B,SW,,100,0,1,,,,,,,,,,,,,,,,
2010,34,-117.082212,46.77905,CF10GPWW_34_17-B,WW,,100,0,1,,,,,,,,,,,,,589.1684902,562.3632385,,
2010,35,-117.081794,46.778852,CF10GPWW_35_18-B,WW,,100,0,1,,,,,,,,,,,,,542.1225383,500,1039.934354,921.759996
2010,36,-117.0814058,46.77900737,CF10GPWW_36_19-B,WW,,100,0,1,,,,,,,,,,,,,664.6608315,639.4967177,,
2010,37,-117.080958,46.778993,CF10GPWW_37_20-B,WW,,100,0,1,,,,,,,,,,,,,674.5076586,652.0787746,,
2010,38,-117.08054,46.778849,CF10GPWW_38_21-B,WW,,100,0,1,,,,,,,,,,,,,584.7921225,557.9868709,,
2010,39,-117.080122,46.779112,CF10GPWW_39_22-B,WW,,100,0,1,,,,,,,,,,,,,616.5207877,594.6389497,,
2010,40,-117.079704,46.779083,CF10GPWW_40_23-B,WW,,100,0,1,,,,,,,,,,,,,512.0350109,471.0065646,944.2013129,858.8819172
2010,41,-117.079286,46.779047,CF10GPWW_41_24-B,WW,,100,0,1,,,,,,,,,,,,,539.3873085,525.7111597,,
2010,42,-117.0887062,46.77911338,CF10GPSW_42_2-C,WW,Alfalfa,100,0,0,,,,,,,,,,,,,,,,
2010,43,-117.088318,46.779153,CF10GPSW_43_3-C,WW,,100,0,1,,,,,,,,,,,,,568.9277899,538.8402626,,
2010,44,-117.0879,46.779128,CF10GPSW_44_4-C,SW,,100,0,1,,,,,,,,,,,,,329.321663,316.1925602,,
2010,45,-117.0874635,46.77928833,CF10GPSW_45_5-C,SW,,100,0,1,,,,,,,,,,,,,243.4354486,228.1181619,,
2010,46,-117.087064,46.779278,CF10GPSW_46_6-C,SW,,100,0,1,,,,,,,,,,,,,223.1947484,211.1597374,,
2010,47,-117.086646,46.779363,CF10GPSW_47_7-C,SW,,100,0,1,,,,,,,,,,,,,365.4266958,350.6564551,,
2010,48,-117.086228,46.779333,CF10GPGB_48_8-C,GB,,100,0,1,,,,,,,,,,,,,169.0371991,152.0787746,,
2010,49,-117.08581,46.779238,CF10GPSB_49_9-C,SB,,100,0,1,,,,,,,,,,,,,559.6280088,533.3698031,,
2010,50,-117.0853355,46.77932123,CF10GPGB_50_10-C,GB,,100,0,1,,,,,,,,,,,,,158.643326,135.1203501,,
2010,51,-117.0849635,46.77919681,CF10GPGB_51_11-C,GB,,100,0,1,,,,,,,,,,,,,159.190372,143.8730853,,
2010,52,-117.084556,46.779293,CF10GPGB_52_12-C,GB,,100,0,1,,,,,,,,,,,,,198.5776805,179.4310722,,
2010,53,-117.084138,46.779246,CF10GPGB_53_13-C,GB,,100,0,1,,,,,,,,,,,,,88.07439825,78.77461707,,
2010,54,-117.08372,46.779309,CF10GPGB_54_14-C,GB,,100,0,1,,,,,,,,,,,,,222.1006565,200.7658643,,
2010,55,-117.083302,46.77923,CF10GPSW_55_15-C,SW,,100,0,1,,,,,,,,,,,,,327.6805252,303.6105033,690.9190372,620.7475725
2010,56,-117.0829019,46.77931128,CF10GPSW_56_16-C,SW,,100,0,1,,,,,,,,,,,,,397.1553611,379.1028446,,
2010,57,-117.082466,46.779336,CF10GPSW_57_17-C,SW,,100,0,1,,,,,,,,,,,,,432.7133479,399.3435449,771.8818381,694.6936543
2010,58,-117.082048,46.779138,CF10GPWW_58_18-C,WW,,100,0,1,,,,,,,,,,,,,576.0393873,560.7221007,,
2010,59,-117.0816002,46.77925244,CF10GPWW_59_19-C,WW,,100,0,1,,,,,,,,,,,,,482.4945295,459.5185996,,
2010,60,-117.081212,46.779279,CF10GPWW_60_20-C,WW,,100,0,1,,,,,,,,,,,,,533.916849,513.1291028,,
2010,61,-117.080794,46.779135,CF10GPWW_61_21-C,WW,,100,0,1,,,,,,,,,,,,,629.6498906,610.5032823,,
2010,62,-117.0803999,46.77941847,CF10GPWW_62_22-C,WW,,100,0,1,,,,,,,,,,,,,573.3041575,552.5164114,,
2010,63,-117.079958,46.779369,CF10GPWW_63_23-C,WW,,100,0,1,,,,,,,,,,,,,617.0678337,588.0743982,,
2010,64,-117.07954,46.779333,CF10GPWW_64_24-C,WW,,100,0,1,,,,,,,,,,,,,590.809628,573.8512035,,
2010,65,-117.079122,46.779254,CF10GPWW_65_25-C,WW,,100,0,1,,,,,,,,,,,,,508.2056893,491.7943107,,
2010,66,-117.0787339,46.77928646,CF10GPWW_66_26-C,WW,,100,0,1,,,,,,,,,,,,,593.5448578,569.4748359,,
2010,67,-117.078286,46.779271,CF10GPWW_67_27-C,WW,,100,0,1,,,,,,,,,,,,,269.1466083,256.0175055,,
2010,68,-117.088231,46.779439,CF10GPSW_68_3-D,WW,,100,0,1,,,,,,,,,,,,,467.7242888,446.3894967,,
2010,69,-117.087813,46.779414,CF10GPSW_69_4-D,SW,,100,0,1,,,,,,,,,,,,,437.6367615,414.1137856,,
2010,70,-117.087395,46.779587,CF10GPSW_70_5-D,SW,,100,0,1,,,,,,,,,,,,,348.4682713,328.7746171,,
2010,71,-117.086977,46.779564,CF10GPSW_71_6-D,SW,,100,0,1,,,,,,,,,,,,,259.8468271,242.8884026,,
2010,72,-117.086559,46.779649,CF10GPSW_72_7-D,SW,,100,0,1,,,,,,,,,,,,,387.8555799,366.5207877,,
2010,73,-117.0861725,46.77963697,CF10GPSW_73_8-D,SW,,100,0,1,,,,,,,,,,,,,306.345733,292.6695842,,
2010,74,-117.0856916,46.77950963,CF10GPSB_74_9-D,SB,,100,0,1,,,,,,,,,,,,,495.0765864,476.4770241,,
2010,75,-117.085305,46.779642,CF10GPSB_75_10-D,SB,,100,0,1,,,,,,,,,,,,,565.0984683,538.2932166,,
2010,76,-117.084887,46.77949,CF10GPGB_76_11-D,GB,,100,0,1,,,,,,,,,,,,,227.571116,206.7833698,,
2010,77,-117.084469,46.779579,CF10GPGB_77_12-D,GB,,100,0,1,,,,,,,,,,,,,213.8949672,193.654267,,
2010,78,-117.084051,46.779532,CF10GPGB_78_13-D,GB,,100,0,1,,,,,,,,,,,,,196.3894967,177.2428884,,
2010,79,-117.083633,46.779595,CF10GPGB_79_14-D,GB,,100,0,1,,,,,,,,,,,,,138.4026258,124.1794311,,
2010,80,-117.083215,46.779516,CF10GPGB_80_15-D,GB,,100,0,1,,,,,,,,,,,,,222.6477024,202.4070022,,
2010,81,-117.082797,46.779585,CF10GPSW_81_16-D,SW,,100,0,1,,,,,,,,,,,,,382.3851204,364.3326039,,
2010,82,-117.082379,46.779622,CF10GPSW_82_17-D,SW,,100,0,1,,,,,,,,,,,,,476.4770241,450.2188184,,
2010,83,-117.081961,46.779424,CF10GPWW_83_18-D,WW,,100,0,1,,,,,,,,,,,,,545.404814,519.1466083,,
2010,84,-117.081543,46.779563,CF10GPWW_84_19-D,WW,,100,0,1,,,,,,,,,,,,,724.2888403,687.6367615,,
2010,85,-117.081125,46.779565,CF10GPWW_85_20-D,WW,,100,0,1,,,,,,,,,,,,,554.7045952,532.8227571,,
2010,86,-117.080707,46.779421,CF10GPWW_86_21-D,WW,,100,0,1,,,,,,,,,,,,,585.8862144,562.9102845,,
2010,87,-117.080289,46.779684,CF10GPWW_87_22-D,WW,,100,0,1,,,,,,,,,,,,,512.5820569,489.059081,,
2010,88,-117.079871,46.779655,CF10GPWW_88_23-D,WW,,100,0,1,,,,,,,,,,,,,477.571116,452.9540481,,
2010,89,-117.079447,46.77960671,CF10GPWW_89_24-D,WW,,100,0,1,,,,,,,,,,,,,445.2954048,424.5076586,,
2010,90,-117.079035,46.77954,CF10GPWW_90_25-D,WW,,100,0,1,,,,,,,,,,,,,519.6936543,493.9824945,,
2010,91,-117.078617,46.779552,CF10GPWW_91_26-D,WW,,100,0,1,,,,,,,,,,,,,506.5645514,486.3238512,,
2010,92,-117.078199,46.779557,CF10GPWW_92_27-D,WW,,100,0,1,,,,,,,,,,,,,726.4770241,698.5776805,,
2010,93,-117.077781,46.779494,CF10GPWW_93_28-D,WW,,100,0,1,,,,,,,,,,,,,247.2647702,234.6827133,,
2010,94,-117.077363,46.779658,CF10GPWW_94_29-D,WW,,100,0,1,,,,,,,,,,,,,234.6827133,225.3829322,,
2010,95,-117.088073,46.77971682,CF10GPSW_95_3-E,WW,Alfalfa,100,0,0,,,,,,,,,,,,,,,,
2010,96,-117.087663,46.7797,CF10GPSW_96_4-E,WW,,100,0,1,,,,,,,,,,,,,496.1706783,479.7592998,,
2010,97,-117.087245,46.779873,CF10GPSW_97_5-E,SW,,100,0,1,,,,,,,,,,,,,435.4485777,413.0196937,,
2010,98,-117.086827,46.77985,CF10GPSW_98_6-E,SW,,100,0,1,,,,,,,,,,,,,516.4113786,488.512035,,
2010,99,-117.086409,46.779935,CF10GPSW_99_7-E,SW,,100,0,1,,,,,,,,,,,,,309.6280088,299.2341357,,
2010,100,-117.085991,46.779905,CF10GPSW_100_8-E,SW,,100,0,1,,,,,,,,,,,,,350.6564551,327.6805252,,
2010,101,-117.085573,46.77981,CF10GPGB_101_9-E,GB,,100,0,1,,,,,,,,,,,,,264.7702407,237.4179431,,
2010,102,-117.085155,46.779928,CF10GPSB_102_10-E,SB,,100,0,1,,,,,,,,,,,,,491.2472648,469.9124726,,
2010,103,-117.084737,46.779776,CF10GPGB_103_11-E,GB,,100,0,1,,,,,,,,,,,,,257.6586433,223.1947484,277.3522976,254.8033303
2010,104,-117.0843452,46.77988297,CF10GPGB_104_12-E,GB,,100,0,1,,,,,,,,,,,,,291.0284464,254.3763676,,
2010,105,-117.083901,46.779818,CF10GPGB_105_13-E,GB,,100,0,1,,,,,,,,,,,,,261.487965,238.512035,,
2010,106,-117.083483,46.779881,CF10GPGB_106_14-E,GB,,100,0,1,,,,,,,,,,,,,208.9715536,189.2778993,,
2010,107,-117.083065,46.779802,CF10GPGB_108_15-E,GB,,100,0,1,,,,,,,,,,,,,129.6498906,117.0678337,,
2010,108,-117.082647,46.779871,CF10GPSW_108_16-E,SW,,100,0,1,,,,,,,,,,,,,480.3063457,463.8949672,,
2010,109,-117.0821935,46.77987977,CF10GPSW_109_17-E,SW,,100,0,1,,,,,,,,,,,,,619.2560175,603.9387309,,
2010,110,-117.0817533,46.77967045,CF10GPWW_110_18-E,WW,,100,0,1,,,,,,,,,,,,,452.9540481,430.5251641,,
2010,111,-117.081393,46.779849,CF10GPWW_111_19-E,WW,,100,0,1,,,,,,,,,,,,,519.6936543,494.5295405,,
2010,112,-117.080975,46.779851,CF10GPWW_112_20-E,WW,,100,0,1,,,,,,,,,,,,,442.0131291,422.3194748,,
2010,113,-117.0805391,46.77969063,CF10GPWW_113_21-E,WW,,100,0,1,,,,,,,,,,,,,500,477.02407,,
2010,114,-117.080139,46.77997,CF10GPWW_114_22-E,WW,,100,0,1,,,,,,,,,,,,,542.6695842,518.0525164,,
2010,115,-117.0797031,46.77992463,CF10GPWW_115_23-E,WW,,100,0,1,,,,,,,,,,,,,,,,
2010,116,-117.079303,46.779905,CF10GPWW_116_24-E,WW,,100,0,1,,,,,,,,,,,,,601.750547,584.2450766,,
2010,117,-117.078885,46.779826,CF10GPWW_117_25-E,WW,,100,0,1,,,,,,,,,,,,,541.5754923,515.3172867,,
2010,118,-117.078467,46.779838,CF10GPWW_118_26-E,WW,,100,0,1,,,,,,,,,,,,,487.4179431,472.1006565,,
2010,119,-117.0780192,46.77982663,CF10GPWW_119_27-E,WW,,100,0,1,,,,,,,,,,,,,483.5886214,463.3479212,,
2010,120,-117.077631,46.77978,CF10GPWW_120_28-E,WW,,100,0,1,,,,,,,,,,,,,531.7286652,514.7702407,,
2010,121,-117.077213,46.779944,CF10GPWW_121_29-E,WW,,100,0,1,,,,,,,,,,,,,357.2210066,344.6389497,,
2010,122,-117.087699,46.779986,CF10GPSW_122_4-F,WW,Alfalfa,100,0,0,,,,,,,,,,,,,,,,
2010,123,-117.087281,46.780159,CF10GPSW_123_5-F,WW,,100,0,1,,,,,,,,,,,,,480.8533917,459.5185996,,
2010,124,-117.086863,46.780136,CF10GPSW_124_6-F,SW,,100,0,1,,,,,,,,,,,,,352.8446389,338.6214442,,
2010,125,-117.086445,46.780221,CF10GPSW_125_7-F,SW,,100,0,1,,,,,,,,,,,,,384.0262582,364.3326039,,
2010,126,-117.0860113,46.78018382,CF10GPSW_126_8-F,SW,,100,0,1,,,,,,,,,,,,,210.0656455,193.654267,605.5798687,552.4588276
2010,127,-117.0855933,46.78008882,CF10GPGB_127_9-F,GB,,100,0,1,,,,,,,,,,,,,203.5010941,183.8074398,,
2010,128,-117.085191,46.780214,CF10GPGB_128_10-F,GB,,100,0,1,,,,,,,,,,,,,183.2603939,165.2078775,,
2010,129,-117.084773,46.780062,CF10GPSB_129_11-F,SB,,100,0,1,,,,,,,,,,,,,507.1115974,484.6827133,,
2010,130,-117.084355,46.780151,CF10GPGB_130_12-F,GB,,100,0,1,,,,,,,,,,,,,138.4026258,123.6323851,,
2010,131,-117.083937,46.780104,CF10GPGB_131_13-F,GB,,100,0,1,,,,,,,,,,,,,212.2538293,189.8249453,,
2010,132,-117.083519,46.780167,CF10GPGB_132_14-F,GB,,100,0,1,,,,,,,,,,,,,180.5251641,163.0196937,,
2010,133,-117.083101,46.780088,CF10GPGB_133_15-F,GB,,100,0,1,,,,,,,,,,,,,259.8468271,235.2297593,,
2010,134,-117.082683,46.780157,CF10GPGB_134_16-F,GB,,100,0,1,,,,,,,,,,,,,165.7549234,149.3435449,,
2010,135,-117.082265,46.780194,CF10GPSW_135_17-F,SW,,100,0,1,,,,,,,,,,,,,381.2910284,364.8796499,,
2010,136,-117.081847,46.779996,CF10GPSW_136_18-F,SW,,100,0,1,,,,,,,,,,,,,583.1509847,565.0984683,,
2010,137,-117.0814529,46.78014727,CF10GPSW_137_19-F,SW,,100,0,1,,,,,,,,,,,,,570.0218818,545.404814,,
2010,138,-117.081011,46.780137,CF10GPWW_138_20-F,WW,,100,0,1,,,,,,,,,,,,,568.380744,552.5164114,,
2010,139,-117.080593,46.779993,CF10GPWW_139_21-F,WW,,100,0,1,,,,,,,,,,,,,477.571116,453.5010941,,
2010,140,-117.080175,46.780256,CF10GPWW_140_22-F,WW,,100,0,1,,,,,,,,,,,,,501.6411379,479.2122538,,
2010,141,-117.079757,46.780227,CF10GPWW_141_23-F,WW,,100,0,1,,,,,,,,,,,,,520.7877462,497.2647702,,
2010,142,-117.079339,46.780191,CF10GPWW_142_24-F,WW,,100,0,1,,,,,,,,,,,,,544.3107221,518.5995624,,
2010,143,-117.0789031,46.78010382,CF10GPWW_143_25-F,WW,,100,0,1,,,,,,,,,,,,,474.8358862,450.7658643,,
2010,144,-117.078503,46.780124,CF10GPWW_144_26-F,WW,,100,0,1,,,,,,,,,,,,,388.9496718,370.3501094,,
2010,145,-117.078085,46.780129,CF10GPWW_145_27-F,WW,,100,0,1,,,,,,,,,,,,,554.1575492,529.5404814,,
2010,146,-117.077667,46.780066,CF10GPWW_146_28-F,WW,,100,0,1,,,,,,,,,,,,,457.3304158,443.654267,,
2010,147,-117.077249,46.78023,CF10GPWW_147_29-F,WW,,100,0,1,,,,,,,,,,,,,515.8643326,492.8884026,,
2010,148,-117.076831,46.780004,CF10GPWW_148_30-F,WW,,100,0,1,,,,,,,,,,,,,485.2297593,465.536105,,
2010,149,-117.087103,46.780422,CF10GPSW_149_6-G,WW,,100,0,1,,,,,,,,,,,,,556.345733,515.3172867,,
2010,150,-117.086685,46.780507,CF10GPSW_150_7-G,SW,,100,0,1,,,,,,,,,,,,,420.678337,394.9671772,,
2010,151,-117.0862251,46.78045544,CF10GPSW_151_8-G,SW,,100,0,1,,,,,,,,,,,,,374.726477,354.4857768,,
2010,152,-117.0858333,46.78037122,CF10GPSW_152_9-G,SW,,100,0,1,,,,,,,,,,,,,450.2188184,429.9781182,,
2010,153,-117.085431,46.7805,CF10GPSW_153_10-G,SW,,100,0,1,,,,,,,,,,,,,275.1641138,260.3938731,,
2010,154,-117.085013,46.780348,CF10GPGB_154_11-G,GB,,100,0,1,,,,,,,,,,,,,231.4004376,208.9715536,,
2010,155,-117.084595,46.780437,CF10GPSB_155_12-G,SB,,100,0,1,,,,,,,,,,,,,387.3085339,367.6148796,,
2010,156,-117.084177,46.78039,CF10GPGB_156_13-G,GB,,100,0,1,,,,,,,,,,,,,274.6170678,248.9059081,,
2010,157,-117.083759,46.780453,CF10GPGB_157_14-G,GB,,100,0,1,,,,,,,,,,,,,161.9256018,147.1553611,,
2010,158,-117.083341,46.780374,CF10GPGB_158_15-G,GB,,100,0,1,,,,,,,,,,,,,169.0371991,150.9846827,226.4770241,203.1943394
2010,159,-117.082923,46.780443,CF10GPGB_159_16-G,GB,,100,0,1,,,,,,,,,,,,,109.4091904,99.56236324,,
2010,160,-117.082505,46.78048,CF10GPGB_160_17-G,GB,,100,0,1,,,,,,,,,,,,,135.6673961,121.9912473,,
2010,161,-117.082087,46.780282,CF10GPSW_161_18-G,SW,,100,0,1,,,,,,,,,,,,,512.0350109,490.1531729,,
2010,162,-117.0816451,46.78040873,CF10GPSW_162_19-G,SW,,100,0,1,,,,,,,,,,,,,528.4463895,508.7527352,,
2010,163,-117.081251,46.780423,CF10GPSW_163_20-G,SW,,100,0,1,,,,,,,,,,,,,600.1094092,577.1334792,,
2010,164,-117.080833,46.780279,CF10GPWW_164_21-G,WW,,100,0,1,,,,,,,,,,,,,557.4398249,514.2231947,821.6630197,740.8437063
2010,165,-117.080415,46.780542,CF10GPWW_165_22-G,WW,,100,0,1,,,,,,,,,,,,,487.4179431,468.8183807,,
2010,166,-117.079997,46.780513,CF10GPWW_166_23-G,WW,,100,0,1,,,,,,,,,,,,,548.6870897,529.5404814,,
2010,167,-117.079579,46.780477,CF10GPWW_167_24-G,WW,,100,0,1,,,,,,,,,,,,,,,,
2010,168,-117.079161,46.780398,CF10GPWW_168_25-G,WW,,100,0,1,,,,,,,,,,,,,465.536105,445.8424508,,
2010,169,-117.078743,46.78041,CF10GPWW_169_26-G,WW,,100,0,1,,,,,,,,,,,,,571.1159737,530.0875274,844.0919037,769.6132063
2010,170,-117.078325,46.780415,CF10GPWW_170_27-G,WW,,100,0,1,,,,,,,,,,,,,485.2297593,472.6477024,,
2010,171,-117.077907,46.780352,CF10GPWW_171_28-G,WW,,100,0,1,,,,,,,,,,,,,452.4070022,429.4310722,,
2010,172,-117.077489,46.780516,CF10GPWW_172_29-G,WW,,100,0,1,,,,,,,,,,,,,471.0065646,444.7483589,,
2010,173,-117.077071,46.78029,CF10GPWW_173_30-G,WW,,100,0,1,,,,,,,,,,,,,542.1225383,515.8643326,,
2010,174,-117.076653,46.780414,CF10GPWW_174_31-G,WW,,100,0,1,,,,,,,,,,,,,531.1816193,506.5645514,,
2010,175,-117.086879,46.780708,CF10GPSW_175_6-H,WW,,100,0,1,,,,,,,,,,,,,521.3347921,497.2647702,,
2010,176,-117.0864768,46.78080097,CF10GPSW_176_7-H,WW,,100,0,1,,,,,,,,,,,,,554.1575492,530.0875274,,
2010,177,-117.086043,46.780763,CF10GPSW_177_8-H,SW,,100,0,1,,,,,,,,,,,,,378.0087527,363.238512,,
2010,178,-117.085625,46.780668,CF10GPSW_178_9-H,SW,,100,0,1,,,,,,,,,,,,,487.9649891,462.8008753,,
2010,179,-117.085207,46.780786,CF10GPSW_179_10-H,SW,,100,0,1,,,,,,,,,,,,,521.3347921,500,,
2010,180,-117.084789,46.780634,CF10GPGB_180_11-H,GB,,100,0,1,,,,,,,,,,,,,101.2035011,91.35667396,,
2010,181,-117.084371,46.780723,CF10GPSB_181_12-H,SB,,100,0,1,,,,,,,,,,,,,450.2188184,422.8665208,577.6805252,519.2633934
2010,182,-117.0839212,46.78065692,CF10GPGB_182_13-H,GB,,100,0,1,,,,,,,,,,,,,204.04814,185.4485777,,
2010,183,-117.083535,46.780739,CF10GPGB_183_14-H,GB,,100,0,1,,,,,,,,,,,,,289.3873085,262.0350109,,
2010,184,-117.083117,46.78066,CF10GPGB_184_15-H,GB,,100,0,1,,,,,,,,,,,,,176.1487965,158.643326,,
2010,185,-117.082699,46.780729,CF10GPGB_185_16-H,GB,,100,0,0,,,,,,,,,,,,,,,,
2010,186,-117.082281,46.780766,CF10GPGB_186_17-H,GB,,100,0,1,,,,,,,,,,,,,247.2647702,224.8358862,,
2010,187,-117.081863,46.780568,CF10GPSW_187_18-H,SW,,100,0,1,,,,,,,,,,,,,300.8752735,276.8052516,621.4442013,579.5490866
2010,188,-117.081445,46.780707,CF10GPSW_188_19-H,SW,,100,0,1,,,,,,,,,,,,,397.702407,374.726477,,
2010,189,-117.081027,46.780709,CF10GPSW_189_20-H,SW,,100,0,1,,,,,,,,,,,,,618.1619256,572.7571116,916.3019694,830.8839892
2010,190,-117.080609,46.780565,CF10GPWW_190_21-H,WW,,100,0,1,,,,,,,,,,,,,541.0284464,516.9584245,,
2010,191,-117.080191,46.780828,CF10GPWW_191_22-H,WW,,100,0,1,,,,,,,,,,,,,579.868709,550.3282276,,
2010,192,-117.079773,46.780799,CF10GPWW_192_23-H,WW,,100,0,1,,,,,,,,,,,,,317.833698,304.7045952,,
2010,193,-117.079355,46.780763,CF10GPWW_193_24-H,WW,,100,0,1,,,,,,,,,,,,,510.940919,489.6061269,,
2010,194,-117.0789131,46.78066353,CF10GPWW_194_25-H,WW,,100,0,1,,,,,,,,,,,,,512.5820569,490.1531729,,
2010,195,-117.078519,46.780696,CF10GPWW_195_26-H,WW,,100,0,1,,,,,,,,,,,,,508.7527352,492.3413567,,
2010,196,-117.078101,46.780701,CF10GPWW_196_27-H,WW,,100,0,1,,,,,,,,,,,,,392.2319475,373.0853392,,
2010,197,-117.077683,46.780638,CF10GPWW_197_28-H,WW,,100,0,1,,,,,,,,,,,,,393.8730853,380.1969365,,
2010,198,-117.077265,46.780802,CF10GPWW_198_29-H,WW,,100,0,1,,,,,,,,,,,,,406.4551422,387.3085339,,
2010,199,-117.076847,46.780576,CF10GPWW_199_30-H,WW,,100,0,1,,,,,,,,,,,,,544.8577681,522.428884,,
2010,200,-117.0866262,46.7810531,CF10GPSW_200_7-I,WW,Alfalfa,100,0,0,,,,,,,,,,,,,,,,
2010,201,-117.086242,46.781049,CF10GPSW_201_8-I,WW,,100,0,1,,,,,,,,,,,,,232.4945295,219.3654267,,
2010,202,-117.085824,46.780954,CF10GPSW_202_9-I,SW,,100,0,1,,,,,,,,,,,,,452.4070022,422.3194748,,
2010,203,-117.085406,46.781072,CF10GPSW_203_10-I,SW,,100,0,1,,,,,,,,,,,,,326.5864333,314.0043764,,
2010,204,-117.084988,46.78092,CF10GPSW_204_11-I,SW,,100,0,1,,,,,,,,,,,,,514.7702407,472.6477024,949.1247265,850.6306511
2010,205,-117.08457,46.781009,CF10GPGB_205_12-I,GB,,100,0,1,,,,,,,,,,,,,212.8008753,190.9190372,,
2010,206,-117.084152,46.780962,CF10GPSB_206_13-I,SB,,100,0,1,,,,,,,,,,,,,440.3719912,421.7724289,,
2010,207,-117.083755,46.78103938,CF10GPSB_207_14-I,SB,,100,0,1,,,,,,,,,,,,,431.0722101,409.190372,,
2010,208,-117.083316,46.780946,CF10GPGB_208_15-I,GB,,100,0,1,,,,,,,,,,,,,161.9256018,147.1553611,,
2010,209,-117.082898,46.781015,CF10GPGB_209_16-I,GB,,100,0,1,,,,,,,,,,,,,140.0437637,127.4617068,,
2010,210,-117.08248,46.781052,CF10GPGB_210_17-I,GB,,100,0,1,,,,,,,,,,,,,159.7374179,144.4201313,,
2010,211,-117.082062,46.780854,CF10GPGB_211_18-I,GB,,100,0,1,,,,,,,,,,,,,252.1881838,227.571116,,
2010,212,-117.081644,46.780993,CF10GPGB_212_19-I,GB,,100,0,1,,,,,,,,,,,,,230.8533917,208.9715536,,
2010,213,-117.081226,46.780995,CF10GPSW_213_20-I,SW,,100,0,1,,,,,,,,,,,,,460.0656455,441.4660832,,
2010,214,-117.080808,46.780851,CF10GPSW_214_21-I,SW,,100,0,1,,,,,,,,,,,,,434.3544858,416.3019694,,
2010,215,-117.0804377,46.78111806,CF10GPSW_215_22-I,SW,,100,0,1,,,,,,,,,,,,,467.7242888,450.2188184,,
2010,216,-117.079972,46.781085,CF10GPWW_216_23-I,WW,,100,0,1,,,,,,,,,,,,,588.0743982,567.2866521,,
2010,217,-117.079554,46.781049,CF10GPWW_217_24-I,WW,,100,0,1,,,,,,,,,,,,,426.6958425,407.0021882,,
2010,218,-117.079136,46.78097,CF10GPWW_218_25-I,WW,,100,0,1,,,,,,,,,,,,,601.750547,582.6039387,,
2010,219,-117.078718,46.780982,CF10GPWW_219_26-I,WW,,100,0,1,,,,,,,,,,,,,385.6673961,369.8030635,,
2010,220,-117.0783,46.780987,CF10GPWW_220_27-I,WW,,100,0,1,,,,,,,,,,,,,445.2954048,420.678337,,
2010,221,-117.077882,46.780924,CF10GPWW_221_28-I,WW,,100,0,1,,,,,,,,,,,,,397.1553611,380.1969365,,
2010,222,-117.077464,46.781088,CF10GPWW_222_29-I,WW,,100,0,1,,,,,,,,,,,,,490.1531729,465.536105,,
2010,223,-117.077046,46.780862,CF10GPWW_223_30-I,WW,,100,0,1,,,,,,,,,,,,,534.463895,513.6761488,,
2010,224,-117.076628,46.780986,CF10GPWW_224_31-I,WW,,100,0,1,,,,,,,,,,,,,533.3698031,517.5054705,,
2010,225,-117.086295,46.781365,CF10GPSW_225_7-J,WW,Alfalfa,100,0,0,,,,,,,,,,,,,,,,
2010,226,-117.0858613,46.78132062,CF10GPSW_226_8-J,SW,,100,0,1,,,,,,,,,,,,,440.9190372,416.3019694,,
2010,227,-117.0854328,46.78122203,CF10GPSW_227_9-J,SW,,100,0,1,,,,,,,,,,,,,287.1991247,271.8818381,,
2010,228,-117.085041,46.781358,CF10GPSW_228_10-J,SW,,100,0,1,,,,,,,,,,,,,264.7702407,252.1881838,,
2010,229,-117.084623,46.781206,CF10GPSW_229_11-J,SW,,100,0,1,,,,,,,,,,,,,451.3129103,435.9956236,,
2010,230,-117.084205,46.781295,CF10GPGB_230_12-J,GB,,100,0,1,,,,,,,,,,,,,124.1794311,112.1444201,,
2010,231,-117.083787,46.781248,CF10GPSB_231_13-J,SB,,100,0,1,,,,,,,,,,,,,528.4463895,491.7943107,688.1838074,613.3812197
2010,232,-117.0832823,46.78127044,CF10GPGB_232_14-J,GB,,100,0,1,,,,,,,,,,,,,224.2888403,201.8599562,,
2010,233,-117.082951,46.781232,CF10GPGB_233_15-J,GB,,100,0,1,,,,,,,,,,,,,229.7592998,208.4245077,,
2010,234,-117.082533,46.781301,CF10GPGB_234_16-J,GB,,100,0,1,,,,,,,,,,,,,166.3019694,150.9846827,,
2010,235,-117.082115,46.781338,CF10GPGB_235_17-J,GB,,100,0,1,,,,,,,,,,,,,154.8140044,139.4967177,,
2010,236,-117.081697,46.78114,CF10GPGB_236_18-J,GB,,100,0,1,,,,,,,,,,,,,192.5601751,173.9606127,,
2010,237,-117.0812437,46.78126348,CF10GPSW_237_19-J,SW,,100,0,1,,,,,,,,,,,,,375.273523,357.2210066,,
2010,238,-117.080861,46.781281,CF10GPSW_238_20-J,SW,,100,0,1,,,,,,,,,,,,,530.6345733,513.1291028,,
2010,239,-117.080455,46.78115338,CF10GPSW_239_21-J,SW,,100,0,1,,,,,,,,,,,,,559.6280088,535.0109409,,
2010,240,-117.0801105,46.78144636,CF10GPSW_240_22-J,SW,,100,0,1,,,,,,,,,,,,,370.8971554,358.3150985,,
2010,241,-117.079607,46.781371,CF10GPWW_241_23-J,WW,,100,0,1,,,,,,,,,,,,,573.3041575,547.0459519,,
2010,242,-117.079189,46.781335,CF10GPWW_242_24-J,WW,,100,0,1,,,,,,,,,,,,,324.9452954,312.9102845,,
2010,243,-117.078771,46.781256,CF10GPWW_243_25-J,WW,,100,0,1,,,,,,,,,,,,,637.3085339,609.4091904,,
2010,244,-117.0783888,46.78129255,CF10GPWW_244_26-J,WW,,100,0,1,,,,,,,,,,,,,494.5295405,471.5536105,,
2010,245,-117.077935,46.781273,CF10GPWW_245_27-J,WW,,100,0,1,,,,,,,,,,,,,404.2669584,387.3085339,,
2010,246,-117.077517,46.78121,CF10GPWW_246_28-J,WW,,100,0,1,,,,,,,,,,,,,426.1487965,413.0196937,,
2010,247,-117.077099,46.781374,CF10GPWW_247_29-J,WW,,100,0,1,,,,,,,,,,,,,410.2844639,388.4026258,,
2010,248,-117.0766989,46.78116437,CF10GPWW_248_30-J,WW,,100,0,1,,,,,,,,,,,,,524.6170678,501.6411379,,
2010,249,-117.085864,46.781526,CF10GPSW_249_9-K,WW,,100,0,1,,,,,,,,,,,,,560.7221007,525.7111597,,
2010,250,-117.085446,46.781644,CF10GPSW_250_10-K,SW,,100,0,1,,,,,,,,,,,,,448.5776805,426.6958425,,
2010,251,-117.085028,46.781492,CF10GPSW_251_11-K,SW,,100,0,1,,,,,,,,,,,,,487.4179431,467.1772429,,
2010,252,-117.0845785,46.78155584,CF10GPSW_252_12-K,SW,,100,0,1,,,,,,,,,,,,,433.8074398,419.0371991,,
2010,253,-117.084192,46.781534,CF10GPSW_253_13-K,SW,,100,0,1,,,,,,,,,,,,,156.4551422,143.8730853,422.8665208,384.1037564
2010,254,-117.083774,46.781597,CF10GPGB_254_14-K,GB,,100,0,1,,,,,,,,,,,,,173.9606127,157.5492341,,
2010,255,-117.083356,46.781518,CF10GPSB_255_15-K,SB,,100,0,1,,,,,,,,,,,,,487.4179431,467.1772429,,
2010,256,-117.082938,46.781587,CF10GPGB_256_16-K,GB,,100,0,1,,,,,,,,,,,,,213.3479212,194.7483589,,
2010,257,-117.08252,46.781624,CF10GPGB_257_17-K,GB,,100,0,1,,,,,,,,,,,,,183.2603939,167.3960613,,
2010,258,-117.082102,46.781426,CF10GPGB_258_18-K,GB,,100,0,1,,,,,,,,,,,,,114.8796499,102.8446389,187.0897155,173.6057721
2010,259,-117.081684,46.781565,CF10GPGB_259_19-K,GB,,100,0,1,,,,,,,,,,,,,151.5317287,137.3085339,,
2010,260,-117.081266,46.781567,CF10GPGB_260_20-K,GB,,100,0,1,,,,,,,,,,,,,148.249453,135.1203501,,
2010,261,-117.080848,46.781423,CF10GPSW_261_21-K,SW,,100,0,1,,,,,,,,,,,,,415.2078775,406.4551422,,
2010,262,-117.08043,46.781686,CF10GPSW_262_22-K,SW,,100,0,1,,,,,,,,,,,,,307.4398249,294.8577681,,
2010,263,-117.080012,46.781657,CF10GPSW_263_23-K,SW,,100,0,1,,,,,,,,,,,,,483.0415755,467.7242888,,
2010,264,-117.079594,46.781621,CF10GPWW_264_24-K,WW,,100,0,1,,,,,,,,,,,,,594.0919037,566.7396061,,
2010,265,-117.0791581,46.78153382,CF10GPWW_265_25-K,WW,,100,0,1,,,,,,,,,,,,,305.2516411,288.8402626,,
2010,266,-117.078758,46.781554,CF10GPWW_266_26-K,WW,,100,0,1,,,,,,,,,,,,,540.4814004,516.9584245,,
2010,267,-117.07834,46.781559,CF10GPWW_267_27-K,WW,,100,0,1,,,,,,,,,,,,,583.6980306,538.2932166,958.9715536,848.3209897
2010,268,-117.077922,46.781496,CF10GPWW_268_28-K,WW,,100,0,1,,,,,,,,,,,,,600.6564551,577.1334792,,
2010,269,-117.077504,46.78166,CF10GPWW_269_29-K,WW,,100,0,1,,,,,,,,,,,,,573.8512035,543.7636761,,
2010,270,-117.077086,46.781434,CF10GPWW_270_30-K,WW,,100,0,1,,,,,,,,,,,,,639.4967177,611.0503282,,
2010,271,-117.076668,46.781558,CF10GPWW_271_31-K,WW,,100,0,1,,,,,,,,,,,,,570.5689278,544.8577681,,
2010,272,-117.08559,46.781812,CF10GPSW_272_9-L,WW,,100,0,1,,,,,,,,,,,,,475.9299781,453.5010941,,
2010,273,-117.085172,46.78193,CF10GPSW_273_10-L,SW,,100,0,1,,,,,,,,,,,,,269.6936543,253.8293217,,
2010,274,-117.084754,46.781778,CF10GPSW_274_11-L,SW,,100,0,1,,,,,,,,,,,,,351.750547,336.9803063,,
2010,275,-117.084357,46.78187778,CF10GPSW_275_12-L,SW,,100,0,1,,,,,,,,,,,,,424.5076586,406.4551422,,
2010,276,-117.083918,46.78182,CF10GPSW_276_13-L,SW,,100,0,1,,,,,,,,,,,,,379.6498906,358.3150985,,
2010,277,-117.0835,46.781883,CF10GPGB_277_14-L,GB,,100,0,1,,,,,,,,,,,,,111.0503282,100.6564551,,
2010,278,-117.083082,46.781804,CF10GPSB_278_15-L,SB,,100,0,1,,,,,,,,,,,,,528.4463895,505.4704595,,
2010,279,-117.0826501,46.78185937,CF10GPGB_279_16-L,GB,,100,0,1,,,,,,,,,,,,,260.940919,237.4179431,,
2010,280,-117.082246,46.78191,CF10GPGB_280_17-L,GB,,100,0,1,,,,,,,,,,,,,256.0175055,231.9474836,,
2010,281,-117.0818123,46.78170481,CF10GPGB_281_18-L,GB,,100,0,1,,,,,,,,,,,,,118.1619256,107.2210066,,
2010,282,-117.08141,46.781851,CF10GPGB_282_19-L,GB,,100,0,1,,,,,,,,,,,,,95.73304158,86.43326039,,
2010,283,-117.080992,46.781853,CF10GPGB_283_20-L,GB,,100,0,1,,,,,,,,,,,,,189.8249453,171.2253829,,
2010,284,-117.080574,46.781709,CF10GPSW_284_21-L,SW,,100,0,1,,,,,,,,,,,,,303.6105033,296.4989059,,
2010,285,-117.080156,46.781972,CF10GPSW_285_22-L,SW,,100,0,1,,,,,,,,,,,,,369.2560175,341.356674,673.4135667,610.5616338
2010,286,-117.079738,46.781943,CF10GPSW_286_23-L,SW,,100,0,1,,,,,,,,,,,,,544.8577681,506.0175055,788.8402626,702.7849612
2010,287,-117.07932,46.781907,CF10GPWW_287_24-L,WW,,100,0,1,,,,,,,,,,,,,602.8446389,583.6980306,,
2010,288,-117.0788662,46.78180208,CF10GPWW_288_25-L,WW,,100,0,1,,,,,,,,,,,,,365.9737418,346.8271335,,
2010,289,-117.078484,46.78184,CF10GPWW_289_26-L,WW,,100,0,1,,,,,,,,,,,,,385.6673961,371.9912473,,
2010,290,-117.078066,46.781845,CF10GPWW_290_27-L,WW,,100,0,1,,,,,,,,,,,,,455.1422319,432.166302,,
2010,291,-117.077648,46.781782,CF10GPWW_291_28-L,WW,,100,0,1,,,,,,,,,,,,,602.297593,575.4923414,,
2010,292,-117.07723,46.781946,CF10GPWW_292_29-L,WW,,100,0,1,,,,,,,,,,,,,481.4004376,454.04814,,
2010,293,-117.076812,46.78172,CF10GPWW_293_30-L,WW,,100,0,1,,,,,,,,,,,,,606.6739606,575.4923414,,
2010,297,-117.085536,46.782098,CF10GPSW_297_9-M,WW,Alfalfa,100,0,0,,,,,,,,,,,,,,,,
2010,298,-117.085118,46.782216,CF10GPSW_298_10-M,WW,,100,0,1,,,,,,,,,,,,,539.3873085,512.5820569,,
2010,299,-117.0847,46.782064,CF10GPSW_299_11-M,SW,,100,0,1,,,,,,,,,,,,,510.3938731,483.0415755,,
2010,300,-117.084282,46.782153,CF10GPSW_300_12-M,SW,,100,0,1,,,,,,,,,,,,,520.7877462,495.0765864,,
2010,301,-117.083864,46.782106,CF10GPSW_301_13-M,SW,,100,0,1,,,,,,,,,,,,,389.4967177,369.2560175,,
2010,302,-117.0834303,46.78215462,CF10GPGB_302_14-M,GB,,100,0,1,,,,,,,,,,,,,,,,
2010,303,-117.0830123,46.78207922,CF10GPSB_303_15-M,SB,,100,0,1,,,,,,,,,,,,,477.571116,442.0131291,676.1487965,605.982412
2010,304,-117.08261,46.782159,CF10GPSB_304_16-M,SB,,100,0,1,,,,,,,,,,,,,428.3369803,407.0021882,,
2010,305,-117.082192,46.782196,CF10GPGB_305_17-M,GB,,100,0,1,,,,,,,,,,,,,250.547046,226.4770241,,
2010,306,-117.081774,46.781998,CF10GPGB_306_18-M,GB,,100,0,1,,,,,,,,,,,,,170.131291,154.8140044,,
2010,307,-117.081356,46.782137,CF10GPGB_308_19-M,GB,,100,0,1,,,,,,,,,,,,,134.5733042,121.9912473,,
2010,308,-117.080938,46.782139,CF10GPGB_308_20-M,GB,,100,0,1,,,,,,,,,,,,,173.4135667,155.3610503,,
2010,309,-117.080499,46.78197702,CF10GPSW_309_21-M,SW,,100,0,1,,,,,,,,,,,,,382.3851204,367.0678337,,
2010,310,-117.080102,46.782258,CF10GPSW_310_22-M,SW,,100,0,1,,,,,,,,,,,,,518.0525164,500,,
2010,311,-117.079684,46.782229,CF10GPSW_311_23-M,SW,,100,0,1,,,,,,,,,,,,,537.1991247,510.3938731,,
2010,312,-117.0793018,46.78221346,CF10GPSW_312_24-M,SW,,100,0,1,,,,,,,,,,,,,521.8818381,497.8118162,,
2010,313,-117.078848,46.782114,CF10GPWW_313_25-M,WW,,100,0,1,,,,,,,,,,,,,612.1444201,582.6039387,,
2010,314,-117.07843,46.782126,CF10GPWW_314_26-M,WW,,100,0,1,,,,,,,,,,,,,439.2778993,422.8665208,,
2010,315,-117.0780418,46.78214737,CF10GPWW_315_27-M,WW,,100,0,1,,,,,,,,,,,,,679.4310722,635.1203501,,
2010,316,-117.077594,46.782068,CF10GPWW_316_28-M,WW,,100,0,1,,,,,,,,,,,,,785.0109409,747.8118162,,
2010,323,-117.0851352,46.78249247,CF10GPSW_323_10-N,WW,Alfalfa,100,0,0,,,,,,,,,,,,,,,,
2010,324,-117.084751,46.78235,CF10GPSW_324_11-N,SW,,100,0,1,,,,,,,,,,,,,417.3960613,392.2319475,,
2010,325,-117.084333,46.782439,CF10GPSW_325_12-N,SW,,100,0,1,,,,,,,,,,,,,326.5864333,305.7986871,,
2010,326,-117.083915,46.782392,CF10GPSW_326_13-N,SW,,100,0,1,,,,,,,,,,,,,491.7943107,461.1597374,,
2010,327,-117.083497,46.782455,CF10GPSW_327_14-N,SW,,100,0,1,,,,,,,,,,,,,338.0743982,311.2691466,801.9693654,720.1357567
2010,328,-117.083079,46.782376,CF10GPGB_328_15-N,GB,,100,0,1,,,,,,,,,,,,,143.8730853,130.1969365,,
2010,329,-117.0826453,46.78243781,CF10GPSB_329_16-N,SB,,100,0,1,,,,,,,,,,,,,549.7811816,526.2582057,,
2010,330,-117.082243,46.782482,CF10GPSB_330_17-N,SB,,100,0,1,,,,,,,,,,,,,456.2363239,422.3194748,502.7352298,457.4066435
2010,331,-117.081825,46.782284,CF10GPGB_331_18-N,GB,,100,0,1,,,,,,,,,,,,,206.2363239,187.6367615,,
2010,332,-117.081407,46.782423,CF10GPGB_332_19-N,GB,,100,0,1,,,,,,,,,,,,,188.7308534,172.3194748,,
2010,333,-117.080989,46.782425,CF10GPGB_333_20-N,GB,,100,0,1,,,,,,,,,,,,,157.0021882,142.2319475,,
2010,334,-117.080571,46.782281,CF10GPGB_334_21-N,GB,,100,0,1,,,,,,,,,,,,,214.9890591,194.2013129,,
2010,335,-117.080153,46.782544,CF10GPGB_335_22-N,GB,,100,0,1,,,,,,,,,,,,,245.0765864,222.1006565,270.2407002,246.1120663
2010,336,-117.079735,46.782515,CF10GPSW_336_23-N,SW,,100,0,1,,,,,,,,,,,,,422.3194748,404.2669584,,
2010,337,-117.079317,46.782479,CF10GPSW_337_24-N,SW,,100,0,1,,,,,,,,,,,,,426.1487965,402.6258206,,
2010,338,-117.0788911,46.78239455,CF10GPWW_338_25-N,WW,,100,0,1,,,,,,,,,,,,,440.9190372,413.5667396,,
2010,348,-117.084617,46.782636,CF10GPSW_348_11-O,WW,,100,0,1,,,,,,,,,,,,,663.0196937,639.4967177,,
2010,349,-117.084199,46.782725,CF10GPSW_349_12-O,SW,,100,0,1,,,,,,,,,,,,,449.6717724,422.8665208,,
2010,350,-117.083781,46.782678,CF10GPSW_350_13-O,SW,,100,0,1,,,,,,,,,,,,,445.2954048,426.6958425,,
2010,351,-117.083363,46.782741,CF10GPSW_351_14-O,SW,,100,0,1,,,,,,,,,,,,,402.6258206,384.0262582,,
2010,352,-117.0829188,46.78264763,CF10GPGB_352_15-O,GB,,100,0,1,,,,,,,,,,,,,184.9015317,168.4901532,,
2010,353,-117.082527,46.782731,CF10GPGB_353_16-O,GB,,100,0,1,,,,,,,,,,,,,157.0021882,142.2319475,,
2010,354,-117.082109,46.782768,CF10GPSB_354_17-O,SB,,100,0,1,,,,,,,,,,,,,509.8468271,485.2297593,,
2010,355,-117.081691,46.78257,CF10GPGB_355_18-O,GB,,100,0,1,,,,,,,,,,,,,259.2997812,235.2297593,,
2010,356,-117.081273,46.782709,CF10GPGB_356_19-O,GB,,100,0,1,,,,,,,,,,,,,155.3610503,141.1378556,,
2010,357,-117.080855,46.782711,CF10GPGB_357_20-O,GB,,100,0,1,,,,,,,,,,,,,277.3522976,252.1881838,,
2010,358,-117.0804141,46.78255608,CF10GPGB_358_21-O,GB,,100,0,1,,,,,,,,,,,,,195.8424508,178.3369803,,
2010,359,-117.080019,46.78283,CF10GPGB_359_22-O,GB,,100,0,1,,,,,,,,,,,,,218.2713348,198.5776805,,
2010,360,-117.079601,46.782801,CF10GPSW_360_23-O,SW,,100,0,1,,,,,,,,,,,,,351.750547,337.5273523,,
2010,371,-117.0842298,46.78296597,CF10GPSW_371_12-P,WW,,100,0,1,,,,,,,,,,,,,276.8052516,265.3172867,,
2010,372,-117.083798,46.782964,CF10GPSW_372_13-P,SW,,100,0,1,,,,,,,,,,,,,458.9715536,432.166302,,
2010,373,-117.08338,46.783027,CF10GPSW_373_14-P,SW,,100,0,1,,,,,,,,,,,,,420.131291,398.7964989,,
2010,374,-117.082962,46.782948,CF10GPSW_374_15-P,SW,,100,0,1,,,,,,,,,,,,,466.6301969,428.3369803,817.2866521,737.1605097
2010,375,-117.0825283,46.78300622,CF10GPGB_375_16-P,GB,,100,0,1,,,,,,,,,,,,,194.2013129,176.1487965,,
2010,376,-117.082126,46.783054,CF10GPGB_376_17-P,GB,,100,0,1,,,,,,,,,,,,,218.2713348,200.2188184,,
2010,377,-117.0816503,46.78282132,CF10GPGB_377_18-P,GB,,100,0,1,,,,,,,,,,,,,217.7242888,196.3894967,,
2010,378,-117.08129,46.782995,CF10GPGB_378_19-P,GB,,100,0,1,,,,,,,,,,,,,261.487965,235.2297593,,
2010,379,-117.080872,46.782997,CF10GPGB_379_20-P,GB,,100,0,1,,,,,,,,,,,,,180.5251641,164.6608315,,
2010,380,-117.080454,46.782853,CF10GPGB_380_21-P,GB,,100,0,1,,,,,,,,,,,,,155.9080963,140.5908096,,
2010,381,-117.080036,46.783116,CF10GPGB_381_22-P,GB,,100,0,1,,,,,,,,,,,,,130.1969365,117.6148796,,
2010,394,-117.0839099,46.78312585,CF10GPSW_394_13-Q,SW,,100,0,1,,,,,,,,,,,,,371.4442013,346.8271335,,
2010,395,-117.083498,46.783313,CF10GPSW_395_14-Q,SW,,100,0,1,,,,,,,,,,,,,489.059081,454.595186,,
2010,396,-117.08308,46.783234,CF10GPSW_396_15-Q,SW,,100,0,1,,,,,,,,,,,,,464.9890591,445.8424508,,
2010,397,-117.082662,46.783303,CF10GPSW_397_16-Q,SW,,100,0,1,,,,,,,,,,,,,298.6870897,280.6345733,,
2010,398,-117.0822755,46.78335797,CF10GPSW_398_17-Q,SW,,100,0,1,,,,,,,,,,,,,257.6586433,245.6236324,,
2010,399,-117.081826,46.783142,CF10GPSB_399_18-Q,SB,,100,0,1,,,,,,,,,,,,,537.1991247,515.8643326,,
2010,400,-117.081408,46.783281,CF10GPSB_400_19-Q,SB,,100,0,1,,,,,,,,,,,,,421.7724289,392.2319475,626.9146608,564.2231947
2010,401,-117.08099,46.783283,CF10GPGB_401_20-Q,GB,,100,0,1,,,,,,,,,,,,,276.8052516,251.0940919,,
2010,402,-117.080572,46.783139,CF10GPGB_402_21-Q,GB,,100,0,1,,,,,,,,,,,,,170.678337,153.7199125,,
2010,419,-117.0832106,46.7834571,CF10GPSW_419_15-R,SW,,100,0,1,,,,,,,,,,,,,461.7067834,446.3894967,,
2010,420,-117.0827709,46.78351532,CF10GPSW_420_16-R,SW,,100,0,1,,,,,,,,,,,,,420.678337,400.4376368,,
2010,421,-117.0823668,46.78355231,CF10GPSW_421_17-R,SW,,100,0,1,,,,,,,,,,,,,384.0262582,358.3150985,,
2010,422,-117.081933,46.783428,CF10GPGB_422_18-R,GB,,100,0,1,,,,,,,,,,,,,229.7592998,208.9715536,,
2010,423,-117.0814836,46.78355263,CF10GPSB_423_19-R,SB,,100,0,1,,,,,,,,,,,,,447.4835886,426.6958425,,
2010,424,-117.081097,46.783569,CF10GPSB_424_20-R,SB,Road/Wet Spot,100,0,0,,,,,,,,,,,,,,,,
2010,425,-117.080679,46.783425,CF10GPGB_425_21-R,GB,,100,0,1,,,,,,,,,,,,,263.6761488,239.059081,,
2011,1,-117.087514,46.778729,CF11GPGB_1_5-A,GB,,100,0,1,,,,,,,,,,,,,132.9321663,120.3252974,,
2011,2,-117.0870646,46.77869163,CF11GPSW_2_6-A,SW,,100,5.3,1,9.9,10.3,71.8,27.3,,77.4,,,,,,,409.7374179,390.8235717,,
2011,3,-117.086678,46.778791,CF11GPSW_3_7-A,SW,,100,5.3,1,9.3,9.6,73.5,25.8,,75.8,,,,,,,316.7396061,302.1186222,,
2011,4,-117.08626,46.778761,CF11GPSW_4_8-A,SW,,100,5.3,1,9.7,8.6,74.9,22.1,,74.5,,,,,,,377.4617068,360.0377363,,
2011,5,-117.085842,46.778666,CF11GPWW_5_9-A,WW,,100,10.5,1,9,9.4,75.2,24.4,,77.8,,,,,,,832.0568928,793.9594849,,
2011,6,-117.0854188,46.77877321,CF11GPWW_6_10-A,WW,,100,10.5,1,8.8,8.5,77.5,20.6,,76.4,,,,,,,716.083151,683.2958354,,
2011,7,-117.085006,46.778632,CF11GPWW_7_11-A,WW,,100,10.5,1,8.9,9.5,75.9,24.7,,78.9,,,,,,,723.1947484,690.0818139,,
2011,8,-117.084588,46.778721,CF11GPWW_8_12-A,WW,,100,5.3,1,9.1,9.8,74.8,25.8,,78.2,,,,,,,708.4245077,675.9878586,,
2011,9,-117.08417,46.778674,CF11GPWW_9_13-A,WW,,100,10.5,1,9.3,8.7,76.4,22.3,,75.5,,,,,,,597.3741794,570.0221943,,
2011,10,-117.083752,46.778737,CF11GPWW_10_14-A,WW,,100,10.5,1,9.1,7.5,78.1,16.6,,77.6,,,,,,,560.7221007,535.048305,,
2011,11,-117.083334,46.778658,CF11GPWW_11_15-A,WW,,100,10.5,1,9,9,76.4,23.3,,78.9,,,,,,,567.833698,541.8342836,,
2011,12,-117.0829398,46.77873108,CF11GPWW_12_16-A,WW,,100,10.5,1,9.2,8.4,76.9,20.7,,77.6,,,,,,,616.5207877,588.2921364,,
2011,13,-117.082498,46.778764,CF11GPSW_13_17-A,SW,,100,5.3,1,9.9,8.3,74,20.9,,77.3,,,,,,,327.1334792,312.0327048,,
2011,14,-117.0816322,46.77868863,CF11GPSB_14_19-A,SB,Residue note: wet spot ,100,0,0,,,,,,,,,,,,,,,,
2011,15,-117.081244,46.778707,CF11GPSB_15_20-A,SB,,100,0,1,9.5,11.5,65.6,,,71.1,,,,,,,484.6827133,464.9466033,,
2011,16,-117.080408,46.778826,CF11GPWW_16_22-A,WW,,100,10.5,1,9.5,8.7,75.9,21.9,,79.7,,,,,,,479.2122538,457.2705514,,
2011,17,-117.07999,46.778797,CF11GPSW_17_23-A,SW,,100,5.3,1,9.9,9.8,73.3,26.2,,80.5,,,,,,,619.8030635,591.1923989,,
2011,18,-117.0888801,46.77895174,CF11GPGB_18_1-B,GB,Grain note: Alfalfa,100,0,0,,,,,,,,,,,,,,,,
2011,19,-117.0884663,46.77882662,CF11GPGB_19_2-B,GB,,100,0,1,,,,,,,,,,,,,148.249453,134.1899407,,
2011,20,-117.088064,46.778867,CF11GPGB_20_3-B,GB,,100,0,1,,,,,,,,,,,,,140.5908096,127.2576191,,
2011,21,-117.087646,46.778842,CF11GPGB_21_4-B,GB,,100,0,1,,,,,,,,,,,,,257.1115974,232.7279415,,
2011,22,-117.087228,46.779015,CF11GPGB_22_5-B,GB,,100,0,1,,,,,,,,,,,,,196.9365427,178.2596999,,
2011,23,-117.086831,46.77900278,CF11GPGB_23_6-B,GB,,100,0,1,,,,,,,,,,,,,214.9890591,194.6001724,,
2011,24,-117.086392,46.779077,CF11GPSW_24_7-B,SW,,100,5.3,1,10.1,9.3,72.7,24.4,,79.5,,,,,,,287.7461707,274.4635497,387.8555799,364.9188697
2011,25,-117.085974,46.779047,CF11GPSW_25_8-B,SW,,100,5.3,1,10,8.2,74.5,21,,75.9,,,,,,,480.3063457,458.1349746,,
2011,26,-117.085556,46.778952,CF11GPWW_26_9-B,WW,,100,10.5,1,9,9.2,76,24,,77.4,,,,,,,649.8905908,620.1340355,,
2011,27,-117.085117,46.77906282,CF11GPWW_27_10-B,WW,,100,10.5,1,8.8,9.1,77.2,23.5,,78.6,,,,,,,700.7658643,668.6798817,,
2011,28,-117.08472,46.778918,CF11GPWW_28_11-B,WW,,100,10.5,1,8.8,8.7,77.1,21.6,,77.3,,,,,,,786.6520788,750.6336221,,
2011,29,-117.084302,46.779007,CF11GPWW_29_12-B,WW,,100,10.5,1,8.9,9.2,76,23.8,,78.8,,,,,,,681.0722101,649.8879413,,
2011,30,-117.083884,46.77896,CF11GPWW_30_13-B,WW,,100,10.5,1,8.7,8.5,77.9,20.5,,75.9,,,,,,,668.4901532,637.8819793,,
2011,31,-117.083466,46.779023,CF11GPWW_31_14-B,WW,,100,10.5,1,8.9,7.8,78.7,18,,76.9,,,,,,,653.7199125,623.7880239,,
2011,32,-117.083048,46.778944,CF11GPWW_32_15-B,WW,,100,10.5,1,9.2,8,78,18.8,,77.6,,,,,,,589.7155361,562.7142174,,
2011,33,-117.08263,46.779013,CF11GPWW_33_16-B,WW,,100,10.5,1,8.8,8.8,77.2,19.8,,77,,,,,,,392.7789934,374.7948127,,
2011,34,-117.082212,46.77905,CF11GPSW_34_17-B,SW,,100,10.5,1,9.6,8.1,75.9,19.7,,75.9,,,,,,,285.5579869,272.3763744,,
2011,35,-117.081794,46.778852,CF11GPGB_35_18-B,GB,,100,0,1,,,,,,,,,,,,,269.1466083,243.6215898,,
2011,36,-117.0814058,46.77900737,CF11GPGB_36_19-B,GB,,100,0,1,,,,,,,,,,,,,267.5054705,242.1360923,,
2011,37,-117.080958,46.778993,CF11GPSB_37_20-B,SB,Residue note: wet spot NIR note: MISSING,100,0,0,,,,,,,,,,,,,,,,
2011,38,-117.08054,46.778849,CF11GPWW_38_21-B,WW,,100,10.5,1,9.4,7.4,77.6,16.1,,75.7,,,,,,,425.0547046,405.5927151,,
2011,39,-117.080122,46.779112,CF11GPWW_39_22-B,WW,,100,5.3,1,9.4,9.4,74.8,24.5,,79.3,,,,,,,344.6389497,328.8589582,,
2011,40,-117.079704,46.779083,CF11GPSW_40_23-B,SW,Grain note: wet spot,100,0,0,,,,,,,,,,,,,,,,
2011,41,-117.079286,46.779047,CF11GPSW_41_24-B,SW,,100,5.3,1,9.8,9.6,73.2,25.7,,79,,,,,,,581.5098468,554.6668315,,
2011,42,-117.0887062,46.77911338,CF11GPGB_42_2-C,GB,Grain note: Alfalfa,100,0,0,,,,,,,,,,,,,,,,
2011,43,-117.088318,46.779153,CF11GPGB_43_3-C,GB,,100,0,1,,,,,,,,,,,,,256.5645514,232.2327757,223.1947484,199.5747459
2011,44,-117.0879,46.779128,CF11GPGB_44_4-C,GB,,100,0,1,,,,,,,,,,,,,159.7374179,144.5884232,,
2011,45,-117.0874635,46.77928833,CF11GPGB_45_5-C,GB,,100,0,1,,,,,,,,,,,,,144.9671772,131.2189458,,
2011,46,-117.087064,46.779278,CF11GPGB_46_6-C,GB,,100,0,1,,,,,,,,,,,,,173.4135667,156.9675691,,
2011,47,-117.086646,46.779363,CF11GPGB_47_7-C,GB,,100,0,1,,,,,,,,,,,,,213.8949672,193.6098407,,
2011,48,-117.086228,46.779333,CF11GPSW_48_8-C,SW,,100,5.3,1,9.4,9,74.7,23.6,,80.4,,,,,,,474.2888403,452.3952426,,
2011,49,-117.08581,46.779238,CF11GPSW_49_9-C,SW,,100,5.3,1,10.1,7.7,74.7,18.7,,77.3,,,,,,,438.7308534,418.4786442,,
2011,50,-117.0853355,46.77932123,CF11GPWW_50_10-C,WW,,100,10.5,1,8.9,9.5,75.2,24.7,,78.2,,,,,,,603.3916849,575.7641761,,
2011,51,-117.0849635,46.77919681,CF11GPWW_51_11-C,WW,,100,10.5,1,9.1,9.3,76.4,24.2,,79,,,,,,,785.5579869,749.5896254,,
2011,52,-117.084556,46.779293,CF11GPWW_52_12-C,WW,,100,10.5,1,8.5,10.3,75.9,28,,79.6,,,,,,,659.7374179,629.5300057,,
2011,53,-117.084138,46.779246,CF11GPWW_53_13-C,WW,,100,5.3,1,9,10.6,74.8,29,,79.2,,,,,,,775.1641138,739.6716568,,
2011,54,-117.08372,46.779309,CF11GPWW_54_14-C,WW,,100,10.5,1,9.2,9.2,76.1,23.4,,78.6,,,,,,,671.2253829,640.491971,753.2822757,691.4068643
2011,55,-117.083302,46.77923,CF11GPWW_55_15-C,WW,,100,10.5,1,8.7,8.7,77.8,21.8,,80,,,,,,,493.9824945,471.3645068,,
2011,56,-117.0829019,46.77931128,CF11GPWW_56_16-C,WW,,100,10.5,1,8.9,8.9,76.3,22.3,,78.9,,,,,,,722.1006565,689.0378172,,
2011,57,-117.082466,46.779336,CF11GPWW_57_17-C,WW,,100,10.5,1,8.9,9.5,76.2,25.3,,79.1,,,,,,,547.5929978,522.5203447,,
2011,58,-117.082048,46.779138,CF11GPSW_58_18-C,SW,,100,10.5,1,9.6,8.4,75.2,21.4,,75.7,,,,,,,425.6017505,405.9555925,,
2011,59,-117.0816002,46.77925244,CF11GPGB_59_19-C,GB,,100,0,1,,,,,,,,,,,,,285.0109409,257.981399,,
2011,60,-117.081212,46.779279,CF11GPGB_60_20-C,GB,,100,0,1,,,,,,,,,,,,,246.1706783,222.8246249,,
2011,61,-117.080794,46.779135,CF11GPSB_61_21-C,SB,Residue note: wet spot NIR note: MISSING,100,0,0,,,,,,,,,,,,,,,,
2011,62,-117.0803999,46.77941847,CF11GPSB_62_22-C,SB,,100,0,1,9.5,10.1,66.5,,,73,,,,,,,693.654267,665.4089085,736.3238512,697.6477959
2011,63,-117.079958,46.779369,CF11GPWW_63_23-C,WW,,100,10.5,1,9.1,9.4,75.5,24.2,,78.6,,,,,,,661.3785558,631.0960008,,
2011,64,-117.07954,46.779333,CF11GPSW_64_24-C,SW,,100,5.3,1,9.3,9.2,74.5,24.5,,76.8,,,,,,,414.6608315,395.5197161,,
2011,65,-117.079122,46.779254,CF11GPSW_65_25-C,SW,,100,10.5,1,9.4,7.6,75.7,18.6,,76.9,,,,,,,453.5010941,432.5670774,,
2011,66,-117.0787339,46.77928646,CF11GPSW_66_26-C,SW,,100,5.3,1,10,10.3,71.8,27.8,,77.1,,,,,,,431.0722101,411.1735307,,
2011,67,-117.078286,46.779271,CF11GPSW_67_27-C,SW,,100,5.3,1,9.6,8.8,74.6,23.4,,79,,,,,,,416.3019694,397.0850976,,
2011,68,-117.088231,46.779439,CF11GPGB_68_3-D,GB,,100,0,1,,,,,,,,,,,,,335.8862144,304.0318215,,
2011,69,-117.087813,46.779414,CF11GPGB_69_4-D,GB,,100,0,1,,,,,,,,,,,,,227.02407,205.4938207,,
2011,70,-117.087395,46.779587,CF11GPGB_70_5-D,GB,,100,0,1,,,,,,,,,,,,,229.7592998,207.9696499,,
2011,71,-117.086977,46.779564,CF11GPGB_71_6-D,GB,,100,0,1,,,,,,,,,,,,,167.3960613,151.5207449,160.8315098,143.811214
2011,72,-117.086559,46.779649,CF11GPGB_72_7-D,GB,,100,0,1,,,,,,,,,,,,,207.3304158,187.6678507,,
2011,73,-117.0861725,46.77963697,CF11GPGB_73_8-D,GB,,100,0,1,,,,,,,,,,,,,264.7702407,239.6602632,,
2011,74,-117.0856916,46.77950963,CF11GPSW_74_9-D,SW,,100,5.3,1,10.5,8.1,73.6,20.7,,80,,,,,,,548.6870897,523.3592022,605.5798687,569.767544
2011,75,-117.085305,46.779642,CF11GPSW_75_10-D,SW,,100,10.5,1,9.7,8.2,75.2,20.9,,76.7,,,,,,,493.4354486,470.6580263,,
2011,76,-117.084887,46.77949,CF11GPWW_76_11-D,WW,Grain note: no sample,100,0,1,,,,,,,,,,,,,,,,
2011,77,-117.084469,46.779579,CF11GPWW_77_12-D,WW,,100,10.5,1,9.1,7.9,76.4,18.8,,77,,,,,,,661.9256018,631.6179991,824.3982495,756.6812959
2011,78,-117.084051,46.779532,CF11GPWW_78_13-D,WW,,100,10.5,1,9.5,9.2,75.7,23.8,,76.7,,,,,,,797.0459519,760.5515907,,
2011,79,-117.083633,46.779595,CF11GPWW_79_14-D,WW,,100,10.5,1,9.1,8.1,76.5,19.3,,77.7,,,,,,,574.9452954,548.6202621,,
2011,80,-117.083215,46.779516,CF11GPWW_80_15-D,WW,,100,10.5,1,8.9,9.6,75.9,25.5,,79.4,,,,,,,568.380744,542.3562819,,
2011,81,-117.082797,46.779585,CF11GPWW_81_16-D,WW,,100,10.5,1,9.4,8.8,76.5,22,,77.1,,,,,,,512.0350109,488.5904522,,
2011,82,-117.082379,46.779622,CF11GPWW_82_17-D,WW,,100,10.5,1,9.4,8.6,76.7,21.8,,78.2,,,,,,,660.8315098,630.5740024,,
2011,83,-117.081961,46.779424,CF11GPSW_83_18-D,SW,,100,10.5,1,9.8,8.4,75.1,21,,78.1,,,,,,,405.9080963,387.171015,474.2888403,446.2407052
2011,84,-117.081543,46.779563,CF11GPSW_84_19-D,SW,,100,5.3,1,10.2,8.3,74,21.1,,77,,,,,,,469.9124726,448.220892,,
2011,85,-117.081125,46.779565,CF11GPGB_85_20-D,GB,,100,0,1,,,,,,,,,,,,,233.0415755,210.9406449,,
2011,86,-117.080707,46.779421,CF11GPSB_86_21-D,SB,,100,0,1,9.5,10.9,65.6,,,73.2,,,,,,,515.3172867,494.3337475,,
2011,87,-117.080289,46.779684,CF11GPSB_87_22-D,SB,,100,0,1,9.8,9.1,67.8,,,72.5,,,,,,,469.9124726,450.7778016,,
2011,88,-117.079871,46.779655,CF11GPWW_88_23-D,WW,,100,10.5,1,8.8,8.2,78.4,19.1,,78.6,,,,,,,579.321663,552.7962488,,
2011,89,-117.079447,46.77960671,CF11GPSW_89_24-D,SW,,100,10.5,1,9.7,8.5,75.2,22.2,,80.1,,,,,,,385.1203501,367.3428498,,
2011,90,-117.079035,46.77954,CF11GPSW_90_25-D,SW,,100,10.5,1,9.2,9.5,75.1,25.5,,78.1,,,,,,,515.3172867,491.5297791,,
2011,91,-117.078617,46.779552,CF11GPSW_91_26-D,SW,,100,5.3,1,9.6,9.7,74.1,26,,77.6,,,,,,,388.9496718,370.9954065,,
2011,92,-117.078199,46.779557,CF11GPSW_92_27-D,SW,,100,5.3,1,9.7,9.8,73.4,26.4,,79.4,,,,,,,514.2231947,490.4861915,,
2011,93,-117.077781,46.779494,CF11GPSW_93_28-D,SW,,100,5.3,1,9.8,9.5,73.2,25.1,,77.4,,,,,,,397.702407,379.3441077,,
2011,94,-117.077363,46.779658,CF11GPSW_94_29-D,SW,,100,5.3,1,9.7,9.4,74,24.9,,78.8,,,,,,,274.6170678,261.940498,,
2011,95,-117.088073,46.77971682,CF11GPGB_95_3-E,GB,Grain note: Alfalfa,100,0,0,,,,,,,,,,,,,,,,
2011,96,-117.087663,46.7797,CF11GPGB_96_4-E,GB,,100,0,1,,,,,,,,,,,,,185.9956236,168.3563832,,
2011,97,-117.087245,46.779873,CF11GPGB_97_5-E,GB,,100,0,1,,,,,,,,,,,,,202.9540481,183.7065241,205.1422319,183.4326709
2011,98,-117.086827,46.77985,CF11GPGB_98_6-E,GB,,100,0,1,,,,,,,,,,,,,225.9299781,204.503489,,
2011,99,-117.086409,46.779935,CF11GPGB_99_7-E,GB,,100,0,1,,,,,,,,,,,,,296.4989059,268.3798815,,
2011,100,-117.085991,46.779905,CF11GPGB_100_8-E,GB,,100,0,1,,,,,,,,,,,,,206.7833698,187.1726849,,
2011,101,-117.085573,46.77981,CF11GPSW_101_9-E,SW,,100,5.3,1,9.7,8.7,74.8,22.6,,78.4,,,,,,,415.7549234,396.5633038,,
2011,102,-117.085155,46.779928,CF11GPSW_102_10-E,SW,,100,10.5,1,9.6,7,76.5,17.2,,75,,,,,,,407.0021882,388.2146026,,
2011,103,-117.084737,46.779776,CF11GPWW_103_11-E,WW,,100,15.8,1,8.8,6.7,77.5,15.6,,74.7,,,,,,,569.4748359,543.4002786,,
2011,104,-117.0843452,46.77988297,CF11GPWW_104_12-E,WW,,100,15.8,1,9.3,6.8,77.8,14.4,,74.3,,,,,,,576.5864333,550.1862571,,
2011,105,-117.083901,46.779818,CF11GPWW_105_13-E,WW,,100,15.8,1,9.1,6.6,78.6,14.6,,73.4,,,,,,,362.6914661,346.0849037,,
2011,106,-117.083483,46.779881,CF11GPWW_106_14-E,WW,,100,15.8,1,9.2,6.9,76.1,15.7,,76.3,,,,,,,574.9452954,548.6202621,,
2011,107,-117.083065,46.779802,CF11GPWW_108_15-E,WW,NIR note: 75.6`,100,10.5,1,9.3,8.5,75.9,21.6,,75.6,,,,,,,277.8993435,265.17516,,
2011,108,-117.082647,46.779871,CF11GPWW_108_16-E,WW,,100,10.5,1,9.6,7.1,77.4,15.9,,75.5,,,,,,,366.5207877,349.7388921,,
2011,109,-117.0821935,46.77987977,CF11GPWW_109_17-E,WW,,100,5.3,1,8.8,9.7,74.9,25.9,,79.8,,,,,,,631.8380744,602.9080901,,
2011,110,-117.0817533,46.77967045,CF11GPSW_110_18-E,SW,,100,5.3,1,9.8,8.4,74.3,21.6,,77.7,,,,,,,357.7680525,341.2531588,,
2011,111,-117.081393,46.779849,CF11GPSW_111_19-E,SW,,100,5.3,1,9.8,9.2,73.6,24.6,,75.6,,,,,,,316.1925602,301.5968284,,
2011,112,-117.080975,46.779851,CF11GPGB_112_20-E,GB,,100,0,1,,,,,,,,,,,,,204.04814,184.6968557,,
2011,113,-117.0805391,46.77969063,CF11GPSB_113_21-E,SB,,100,0,1,9.4,9.7,67.3,,,69.9,,,,,,,412.4726477,395.6769062,,
2011,114,-117.080139,46.77997,CF11GPSB_114_22-E,SB,,100,0,1,9.8,9.4,66.6,,,68.6,,,,,,,309.0809628,296.4952944,326.5864333,309.4321947
2011,115,-117.0797031,46.77992463,CF11GPWW_115_23-E,WW,,100,10.5,1,9.3,7.9,77.8,18.2,,78.3,,,,,,,250.547046,239.0752426,,
2011,116,-117.079303,46.779905,CF11GPWW_116_24-E,WW,,100,10.5,1,9,7.3,78,16,,78.7,,,,,,,426.1487965,406.6367118,,
2011,117,-117.078885,46.779826,CF11GPSW_117_25-E,SW,,100,10.5,1,9.4,8.3,76.1,21.1,,79,,,,,,,405.3610503,386.6492212,,
2011,118,-117.078467,46.779838,CF11GPSW_118_26-E,SW,,100,10.5,1,9.3,8.3,76,20.9,,78.7,,,,,,,485.2297593,462.831119,,
2011,119,-117.0780192,46.77982663,CF11GPSW_119_27-E,SW,,100,5.3,1,10.2,8.6,73.7,22.7,,77.4,,,,,,,437.6367615,417.4350566,,
2011,120,-117.077631,46.77978,CF11GPSW_120_28-E,SW,,100,5.3,1,9.8,9.3,73.6,24.5,,77.5,,,,,,,364.8796499,348.0364784,,
2011,121,-117.077213,46.779944,CF11GPSW_121_29-E,SW,NIR note: MORE SAMPLE REQUIRED,100,26.3,1,9.2,11.4,70.1,31.1,,,,,,,,,146.0612691,139.3189501,252.7352298,237.7891647
2011,122,-117.087699,46.779986,CF11GPGB_122_4-F,GB,,100,0,1,,,,,,,,,,,,,219.3654267,198.561499,,
2011,123,-117.087281,46.780159,CF11GPGB_123_5-F,GB,,100,0,1,,,,,,,,,,,,,227.02407,205.4938207,,
2011,124,-117.086863,46.780136,CF11GPGB_124_6-F,GB,,100,0,1,,,,,,,,,,,,,172.8665208,156.4724032,,
2011,125,-117.086445,46.780221,CF11GPGB_125_7-F,GB,,100,0,1,,,,,,,,,,,,,271.3347921,245.6022532,,
2011,126,-117.0860113,46.78018382,CF11GPGB_126_8-F,GB,,100,0,1,,,,,,,,,,,,,172.3194748,155.9772374,172.3194748,154.0834435
2011,127,-117.0855933,46.78008882,CF11GPSW_127_9-F,SW,,100,5.3,1,9.6,10.1,72.8,27,,80,,,,,,,410.8315098,391.8671594,,
2011,128,-117.085191,46.780214,CF11GPSW_128_10-F,SW,,100,10.5,1,9.9,7.3,75.3,17.4,,75.7,,,,,,,407.5492341,388.7363965,,
2011,129,-117.084773,46.780062,CF11GPSW_129_11-F,SW,,100,10.5,1,8.7,8.1,76.5,19.7,,77.1,,,,,,,377.4617068,360.0377363,,
2011,130,-117.084355,46.780151,CF11GPWW_130_12-F,WW,,100,10.5,1,9.4,7.3,76,16.5,,76.5,,,,,,,522.428884,498.5084208,,
2011,131,-117.083937,46.780104,CF11GPWW_131_13-F,WW,,100,10.5,1,9.2,7.2,77.2,15.6,,74.6,,,,,,,624.1794311,595.6001132,,
2011,132,-117.083519,46.780167,CF11GPWW_132_14-F,WW,,100,10.5,1,8.8,7.4,79,16.7,,76.1,,,,,,,612.6914661,584.638148,,
2011,133,-117.083101,46.780088,CF11GPWW_133_15-F,WW,,100,10.5,1,9.1,8.8,76.1,22.2,,77,,,,,,,316.1925602,301.7150442,,
2011,134,-117.082683,46.780157,CF11GPWW_134_16-F,WW,,100,10.5,1,8.8,8.4,77.9,20.6,,76.4,,,,,,,661.9256018,631.6179991,,
2011,135,-117.082265,46.780194,CF11GPWW_135_17-F,WW,,100,10.5,1,9.2,7.3,77.8,16.5,,77.2,,,,,,,479.2122538,457.2705514,,
2011,136,-117.081847,46.779996,CF11GPWW_136_18-F,WW,,100,10.5,1,8.8,9.3,76,23.7,,77.5,,,,,,,605.0328228,577.3301711,,
2011,137,-117.0814529,46.78014727,CF11GPWW_137_19-F,WW,,100,10.5,1,8.9,8.8,77.3,22,,78.2,,,,,,,690.9190372,659.2839115,,
2011,138,-117.081011,46.780137,CF11GPSW_138_20-F,SW,,100,5.3,1,10.1,8.4,74.2,21.5,,77,,,,,,,333.1509847,317.7724368,,
2011,139,-117.080593,46.779993,CF11GPGB_139_21-F,GB,,100,0,1,,,,,,,,,,,,,147.1553611,133.1996091,,
2011,140,-117.080175,46.780256,CF11GPGB_140_22-F,GB,,100,0,1,,,,,,,,,,,,,152.0787746,137.6561016,,
2011,141,-117.079757,46.780227,CF11GPSB_141_23-F,SB,,100,0,1,9.8,10.7,66.3,,,69.9,,,,,,,253.2822757,242.9687103,,
2011,142,-117.079339,46.780191,CF11GPWW_142_24-F,WW,,100,10.5,1,8.9,7.6,78.1,17.5,,79.1,,,,,,,426.1487965,406.6367118,,
2011,143,-117.0789031,46.78010382,CF11GPSW_143_25-F,SW,,100,5.3,1,9.1,10.9,71.4,29.7,,72.1,,,,,,,289.3873085,276.0289312,,
2011,144,-117.078503,46.780124,CF11GPSW_144_26-F,SW,,100,5.3,1,10,8.7,74.1,22.6,,77,,,,,,,373.6323851,356.3851796,,
2011,145,-117.078085,46.780129,CF11GPSW_145_27-F,SW,,100,10.5,1,9.9,8.1,75.1,20.6,,76.5,,,,,,,347.3741794,331.3390762,,
2011,146,-117.077667,46.780066,CF11GPSW_146_28-F,SW,,100,5.3,1,9.4,9.9,72.3,26.6,,75.2,,,,,,,246.1706783,234.8072193,360.5032823,339.1841116
2011,147,-117.077249,46.78023,CF11GPSW_147_29-F,SW,NIR note: MORE SAMPLE REQUIRED,100,26.3,1,9.3,9.9,73.5,26.2,,,,,,,,,113.785558,108.5331147,,
2011,148,-117.076831,46.780004,CF11GPSW_148_30-F,SW,,100,5.3,1,9.8,9,74.1,23.7,,82,,,,,,,502.7352298,479.5285213,,
2011,149,-117.087103,46.780422,CF11GPGB_149_6-G,GB,,100,0,1,,,,,,,,,,,,,358.8621444,324.8287865,,
2011,150,-117.086685,46.780507,CF11GPGB_150_7-G,GB,,100,0,1,,,,,,,,,,,,,210.0656455,190.1436799,,
2011,151,-117.0862251,46.78045544,CF11GPGB_151_8-G,GB,,100,0,1,,,,,,,,,,,,,295.95186,267.8847157,,
2011,152,-117.0858333,46.78037122,CF11GPGB_152_9-G,GB,,100,0,1,,,,,,,,,,,,,290.4814004,262.9330573,,
2011,153,-117.085431,46.7805,CF11GPGB_153_10-G,GB,,100,0,1,,,,,,,,,,,,,246.1706783,222.8246249,,
2011,154,-117.085013,46.780348,CF11GPSW_154_11-G,SW,,100,10.5,1,9.7,6.7,75,16.1,,76.6,,,,,,,455.6892779,434.6542527,,
2011,155,-117.084595,46.780437,CF11GPSW_155_12-G,SW,,100,10.5,1,9.2,8,76,20.2,,75.4,,,,,,,279.5404814,266.6366424,,
2011,156,-117.084177,46.78039,CF11GPWW_156_13-G,WW,,100,10.5,1,8.6,7.1,78,16.7,,78.1,,,,,,,560.1750547,534.5263067,,
2011,157,-117.083759,46.780453,CF11GPWW_157_14-G,WW,,100,10.5,1,8.9,7.4,77.4,17.4,,75,,,,,,,571.1159737,544.9662736,,
2011,158,-117.083341,46.780374,CF11GPWW_158_15-G,WW,,100,15.8,1,9,6.9,77.9,15.8,,75.4,,,,,,,467.7242888,446.3085862,,
2011,159,-117.082923,46.780443,CF11GPWW_159_16-G,WW,,100,10.5,1,9.1,7.7,77.4,17.9,,75.4,,,,,,,580.9628009,554.3622439,,
2011,160,-117.082505,46.78048,CF11GPWW_160_17-G,WW,,100,10.5,1,8.9,8,77.9,19.2,,76.1,,,,,,,436.5426696,416.5546804,,
2011,161,-117.082087,46.780282,CF11GPWW_161_18-G,WW,,100,10.5,1,9,7.1,78.2,15.7,,76.3,,,,,,,535.0109409,510.5143828,,
2011,162,-117.0816451,46.78040873,CF11GPWW_162_19-G,WW,,100,10.5,1,9.1,7.1,76.9,15.9,,76.4,,,,,,,604.4857768,576.8081728,,
2011,163,-117.081251,46.780423,CF11GPWW_163_20-G,WW,,100,10.5,1,9.2,8,77.4,18.5,,77.3,,,,,,,658.0962801,627.9640107,,
2011,164,-117.080833,46.780279,CF11GPSW_164_21-G,SW,,100,5.3,1,9.9,8.8,74,22.9,,76.2,,,,,,,372.5382932,355.3415919,,
2011,165,-117.080415,46.780542,CF11GPSW_165_22-G,SW,,100,5.3,1,9.7,9.3,74,24.7,,79.3,,,,,,,327.1334792,312.0327048,,
2011,166,-117.079997,46.780513,CF11GPGB_166_23-G,GB,,100,0,1,,,,,,,,,,,,,158.0962801,143.1029257,,
2011,167,-117.079579,46.780477,CF11GPSB_167_24-G,SB,,100,0,1,9.1,10.1,67.5,,,71.8,,,,,,,311.2691466,298.5943761,,
2011,168,-117.079161,46.780398,CF11GPWW_168_25-G,WW,,100,10.5,1,9.1,8.4,77,21.6,,77.2,,,,,,,458.9715536,437.9566126,,
2011,169,-117.078743,46.78041,CF11GPWW_169_26-G,WW,,100,10.5,1,8.9,8,78.1,19.2,,76.6,,,,,,,370.8971554,353.9148789,,
2011,170,-117.078325,46.780415,CF11GPSW_170_27-G,SW,,100,10.5,1,9.6,8.5,75.4,21.6,,75.5,,,,,,,278.4463895,265.5930548,353.9387309,333.0077696
2011,171,-117.077907,46.780352,CF11GPSW_171_28-G,SW,,100,10.5,1,9.3,9.2,75.5,24.1,,76,,,,,,,310.1750547,295.8570964,,
2011,172,-117.077489,46.780516,CF11GPSW_172_29-G,SW,,100,5.3,1,9.6,8.8,75,22.8,,77.6,,,,,,,293.7636761,280.2032817,,
2011,173,-117.077071,46.78029,CF11GPSW_173_30-G,SW,,100,5.3,1,9.8,7.6,75,18.4,,77.7,,,,,,,299.7811816,285.9430138,,
2011,174,-117.076653,46.780414,CF11GPSW_174_31-G,SW,,100,10.5,1,9.7,8.1,75.1,19.9,,80.6,,,,,,,479.2122538,457.091387,,
2011,175,-117.086879,46.780708,CF11GPGB_175_6-H,GB,Grain note: Alfalfa,100,0,0,,,,,,,,,,,,,,,,
2011,176,-117.0864768,46.78080097,CF11GPGB_176_7-H,GB,,100,0,1,,,,,,,,,,,,,263.6761488,238.6699315,,
2011,177,-117.086043,46.780763,CF11GPGB_177_8-H,GB,,100,0,1,,,,,,,,,,,,,176.6958425,159.9385641,,
2011,178,-117.085625,46.780668,CF11GPGB_178_9-H,GB,,100,0,1,,,,,,,,,,,,,318.380744,288.1865148,,
2011,179,-117.085207,46.780786,CF11GPGB_179_10-H,GB,,100,0,1,,,,,,,,,,,,,323.8512035,293.1381732,,
2011,180,-117.084789,46.780634,CF11GPSW_180_11-H,SW,,100,5.3,1,9.8,7.6,75,19.1,,75.6,,,,,,,320.0218818,305.2493851,,
2011,181,-117.084371,46.780723,CF11GPSW_181_12-H,SW,,100,5.3,1,9.7,8.1,74.8,19.9,,76,,,,,,,447.4835886,426.8273454,,
2011,182,-117.0839212,46.78065692,CF11GPWW_182_13-H,WW,,100,10.5,1,8.9,8,77,19,,75.3,,,,,,,500,477.1064886,,
2011,183,-117.083535,46.780739,CF11GPWW_183_14-H,WW,,100,10.5,1,9.1,7,77.8,15,,76,,,,,,,649.3435449,619.6120372,,
2011,184,-117.083117,46.78066,CF11GPWW_184_15-H,WW,,100,15.8,1,8.9,6.7,78.9,15.8,,75.2,,,,,,,625.273523,596.6441099,,
2011,185,-117.082699,46.780729,CF11GPWW_185_16-H,WW,,100,10.5,1,9,9.3,75.7,24.1,,78.6,,,,,,,878.5557987,838.3293443,,
2011,186,-117.082281,46.780766,CF11GPWW_186_17-H,WW,,100,10.5,1,9,7.7,76.8,17.8,,75.4,,,,,,,756.0175055,721.4017147,,
2011,187,-117.081863,46.780568,CF11GPWW_187_18-H,WW,,100,10.5,1,9.2,8.2,76.5,19.4,,76.6,,,,,,,244.5295405,233.3332608,323.3041575,296.7476084
2011,188,-117.081445,46.780707,CF11GPWW_188_19-H,WW,,100,15.8,1,9.2,6.6,77.5,14.4,,76.8,,,,,,,385.6673961,368.0088342,,
2011,189,-117.081027,46.780709,CF11GPWW_189_20-H,WW,,100,10.5,1,9.3,8,77.3,18.8,,77.5,,,,,,,640.5908096,611.2600636,,
2011,190,-117.080609,46.780565,CF11GPSW_190_21-H,SW,,100,10.5,1,9.1,8.4,76,20.8,,73.7,,,,,,,526.8052516,502.4874494,,
2011,191,-117.080191,46.780828,CF11GPSW_191_22-H,SW,,100,10.5,1,9.5,8.4,75.8,21.2,,78.8,,,,,,,403.7199125,385.0838397,,
2011,192,-117.079773,46.780799,CF11GPGB_192_23-H,GB,,100,0,1,,,,,,,,,,,,,234.6827133,212.4261424,,
2011,193,-117.079355,46.780763,CF11GPSB_193_24-H,SB,,100,0,1,9.8,10.7,66,,,71.9,,,,,,,628.0087527,602.4364566,615.9737418,583.6191814
2011,194,-117.0789131,46.78066353,CF11GPWW_194_25-H,WW,,100,10.5,1,9.1,9,76.8,23.3,,78.9,,,,,,,398.7964989,380.5367945,,
2011,195,-117.078519,46.780696,CF11GPWW_195_26-H,WW,,100,10.5,1,9,8.8,76.8,21.6,,79.1,,,,,,,525.1641138,501.1184125,,
2011,196,-117.078101,46.780701,CF11GPSW_196_27-H,SW,,100,10.5,1,9.8,7.4,76.3,17.6,,77.7,,,,,,,415.7549234,396.5633038,,
2011,197,-117.077683,46.780638,CF11GPSW_197_28-H,SW,,100,5.3,1,10.1,7.9,75,19.7,,71.5,,,,,,,332.0568928,316.7288492,,
2011,198,-117.077265,46.780802,CF11GPSW_198_29-H,SW,,100,5.3,1,9.9,8.2,74.8,20.7,,76.1,,,,,,,351.750547,335.5134267,,
2011,199,-117.076847,46.780576,CF11GPSW_199_30-H,SW,,100,5.3,1,9.9,8.8,74.1,23.1,,80.6,,,,,,,430.5251641,410.6517369,,
2011,200,-117.0866262,46.7810531,CF11GPGB_200_7-I,GB,Grain note: Alfalfa,100,0,0,,,,,,,,,,,,,,,,
2011,201,-117.086242,46.781049,CF11GPGB_201_8-I,GB,,100,0,1,,,,,,,,,,,,,188.7308534,170.8322124,,
2011,202,-117.085824,46.780954,CF11GPGB_202_9-I,GB,,100,0,1,,,,,,,,,,,,,223.1947484,202.0276599,,
2011,203,-117.085406,46.781072,CF11GPGB_203_10-I,GB,,100,0,1,,,,,,,,,,,,,124.726477,112.8978099,,
2011,204,-117.084988,46.78092,CF11GPGB_204_11-I,GB,,100,0,1,,,,,,,,,,,,,199.6717724,180.7355291,,
2011,205,-117.08457,46.781009,CF11GPSW_205_12-I,SW,,100,5.3,1,10.2,9,72.1,22.4,,78.4,,,,,,,652.0787746,621.9782343,708.4245077,666.5302344
2011,206,-117.084152,46.780962,CF11GPSW_206_13-I,SW,,100,10.5,1,9.6,8.7,75.4,22.5,,78.2,,,,,,,608.8621444,580.7565225,,
2011,207,-117.083755,46.78103938,CF11GPSW_207_14-I,SW,,100,5.3,1,10,8.3,74.3,21.2,,77.1,,,,,,,548.6870897,523.3592022,,
2011,208,-117.083316,46.780946,CF11GPWW_208_15-I,WW,,100,10.5,1,9,8.5,77.6,20.9,,76.6,,,,,,,535.0109409,510.5143828,,
2011,209,-117.082898,46.781015,CF11GPWW_209_16-I,WW,,100,15.8,1,6.2,7.6,77.5,17.4,,76.8,,,,,,,607.2210066,579.4181645,,
2011,210,-117.08248,46.781052,CF11GPWW_210_17-I,WW,,100,10.5,1,9.3,8.2,76.8,20.2,,76.2,,,,,,,686.5426696,655.1079247,,
2011,211,-117.082062,46.780854,CF11GPWW_211_18-I,WW,,100,5.3,1,9.1,11.5,72.7,31.5,,80.9,,,,,,,785.5579869,749.5896254,,
2011,212,-117.081644,46.780993,CF11GPWW_212_19-I,WW,,100,10.5,1,9.2,10,75.1,26.8,,77.7,,,,,,,851.750547,812.7514253,,
2011,213,-117.081226,46.780995,CF11GPWW_213_20-I,WW,,100,5.3,1,9.9,10.3,71.4,26.2,,76.2,,,,,,,250.547046,239.0752426,,
2011,214,-117.080808,46.780851,CF11GPWW_214_21-I,WW,,100,10.5,1,9.2,8.2,75.9,19.9,,77.5,,,,,,,603.9387309,576.2861744,,
2011,215,-117.0804377,46.78111806,CF11GPWW_215_22-I,WW,,100,10.5,1,9.2,7.4,78,15.8,,77.1,,,,,,,658.643326,628.4860091,,
2011,216,-117.079972,46.781085,CF11GPSW_216_23-I,SW,,100,5.3,1,10.2,8.9,72.9,22.8,,78.5,,,,,,,445.8424508,425.2619639,535.0109409,503.3718682
2011,217,-117.079554,46.781049,CF11GPGB_217_24-I,GB,,100,0,1,,,,,,,,,,,,,257.6586433,233.2231074,,
2011,218,-117.079136,46.78097,CF11GPSB_218_25-I,SB,,100,0,1,9.2,10.5,66.9,,,73.5,,,,,,,689.2778993,661.210745,,
2011,219,-117.078718,46.780982,CF11GPSB_219_26-I,SB,,100,0,1,9.8,9.8,66.5,,,73.1,,,,,,,425.0547046,407.7466261,,
2011,220,-117.0783,46.780987,CF11GPWW_220_27-I,WW,,100,10.5,1,9.1,9.7,75.1,25.8,,80.6,,,,,,,569.4748359,543.4002786,,
2011,221,-117.077882,46.780924,CF11GPSW_221_28-I,SW,,100,10.5,1,9.5,8,75.5,20.1,,77.4,,,,,,,405.9080963,387.171015,,
2011,222,-117.077464,46.781088,CF11GPSW_222_29-I,SW,,100,5.3,1,10.1,8.1,74.7,19.4,,77.4,,,,,,,352.8446389,336.5570144,,
2011,223,-117.077046,46.780862,CF11GPSW_223_30-I,SW,,100,10.5,1,9.6,8.6,75.4,22.1,,76.6,,,,,,,437.0897155,416.9132628,,
2011,224,-117.076628,46.780986,CF11GPSW_224_31-I,SW,,100,5.3,1,9.7,8.1,75,20.6,,75.7,,,,,,,417.9431072,398.650479,,
2011,225,-117.086295,46.781365,CF11GPGB_225_7-J,GB,Grain note: Alfalfa,100,0,0,,,,,,,,,,,,,,,,
2011,226,-117.0858613,46.78132062,CF11GPGB_226_8-J,GB,,100,0,1,,,,,,,,,,,,,269.1466083,243.6215898,,
2011,227,-117.0854328,46.78122203,CF11GPGB_227_9-J,GB,,100,0,1,,,,,,,,,,,,,138.9496718,125.7721216,,
2011,228,-117.085041,46.781358,CF11GPGB_228_10-J,GB,,100,0,1,,,,,,,,,,,,,85.33916849,77.24586995,,
2011,229,-117.084623,46.781206,CF11GPGB_229_11-J,GB,,100,0,1,,,,,,,,,,,,,225.9299781,204.503489,,
2011,230,-117.084205,46.781295,CF11GPSW_230_12-J,SW,,100,5.3,1,10.2,9.1,73.3,24,,77.4,,,,,,,374.1794311,356.9069734,,
2011,231,-117.083787,46.781248,CF11GPSW_231_13-J,SW,,100,5.3,1,10.3,8.9,72.6,23.3,,75.3,,,,,,,291.5754923,278.1161065,391.6849015,368.5217358
2011,232,-117.0832823,46.78127044,CF11GPWW_232_14-J,WW,,100,10.5,1,8.9,7.1,78.1,15.2,,75.3,,,,,,,689.2778993,657.7179164,,
2011,233,-117.082951,46.781232,CF11GPWW_233_15-J,WW,,100,10.5,1,9.1,9.9,75.2,27,,77.5,,,,,,,667.3960613,636.8379826,,
2011,234,-117.082533,46.781301,CF11GPWW_234_16-J,WW,,100,10.5,1,9,8.7,77.4,22.3,,78.9,,,,,,,925.6017505,883.2212021,,
2011,235,-117.082115,46.781338,CF11GPWW_235_17-J,WW,,100,10.5,1,9.1,8.8,76.6,22.4,,78.7,,,,,,,795.404814,758.9855956,943.107221,865.6393856
2011,236,-117.081697,46.78114,CF11GPWW_236_18-J,WW,,100,10.5,1,9.1,7.5,78,16.6,,76,,,,,,,725.3829322,692.1698073,,
2011,237,-117.0812437,46.78126348,CF11GPWW_237_19-J,WW,,100,10.5,1,9,7.7,78.1,18.1,,77.7,,,,,,,714.9890591,682.2518387,,
2011,238,-117.080861,46.781281,CF11GPWW_238_20-J,WW,,100,10.5,1,8.7,8.4,78.1,20.7,,78.6,,,,,,,640.0437637,610.7380653,,
2011,239,-117.080455,46.78115338,CF11GPWW_239_21-J,WW,,100,10.5,1,9,7.5,78.2,16.8,,75.9,,,,,,,525.1641138,501.1184125,632.3851204,580.4403305
2011,240,-117.0801105,46.78144636,CF11GPWW_240_22-J,WW,,100,10.5,1,9,8.4,77,20,,77.5,,,,,,,550.3282276,525.1303365,,
2011,241,-117.079607,46.781371,CF11GPSW_241_23-J,SW,,100,5.3,1,9.9,9.2,73.7,24.3,,79.5,,,,,,,409.190372,390.3017779,,
2011,242,-117.079189,46.781335,CF11GPGB_242_24-J,GB,,100,0,1,,,,,,,,,,,,,314.5514223,284.720354,,
2011,243,-117.078771,46.781256,CF11GPSB_243_25-J,SB,,100,0,1,9.4,9.9,68.2,,,74.2,,,,,,,662.4726477,635.4969938,,
2011,244,-117.0783888,46.78129255,CF11GPSB_244_26-J,SB,,100,0,1,9.4,9.1,66.7,,,70.6,,,,,,,515.8643326,494.8585179,563.4573304,533.8612405
2011,245,-117.077935,46.781273,CF11GPWW_245_27-J,WW,,100,5.3,1,9.5,10,73.9,26.6,,79.2,,,,,,,602.8446389,575.2421777,,
2011,246,-117.077517,46.78121,CF11GPSW_246_28-J,SW,,100,5.3,1,9.8,7.9,73.8,18.8,,78.6,,,,,,,413.0196937,393.9543347,,
2011,247,-117.077099,46.781374,CF11GPSW_247_29-J,SW,,100,10.5,1,9.6,7.8,75.9,18.8,,77.6,,,,,,,398.249453,379.8659015,,
2011,248,-117.0766989,46.78116437,CF11GPSW_248_30-J,SW,,100,10.5,1,9.3,8,76.3,19.9,,78.4,,,,,,,590.809628,563.5373264,,
2011,249,-117.085864,46.781526,CF11GPGB_249_9-K,GB,,100,0,1,,,,,,,,,,,,,381.2910284,345.1305856,,
2011,250,-117.085446,46.781644,CF11GPGB_250_10-K,GB,,100,0,1,,,,,,,,,,,,,243.4354486,220.3487957,,
2011,251,-117.085028,46.781492,CF11GPGB_251_11-K,GB,,100,0,1,,,,,,,,,,,,,118.1619256,106.9558199,,
2011,252,-117.0845785,46.78155584,CF11GPGB_252_12-K,GB,,100,0,1,,,,,,,,,,,,,157.0021882,142.1125941,,
2011,253,-117.084192,46.781534,CF11GPGB_253_13-K,GB,,100,0,1,,,,,,,,,,,,,145.5142232,131.7141116,,
2011,254,-117.083774,46.781597,CF11GPSW_254_14-K,SW,,100,5.3,1,9.8,9.6,72.8,25.6,,79.34,,,,,,,584.7921225,557.7975944,,
2011,255,-117.083356,46.781518,CF11GPSW_255_15-K,SW,,100,5.3,1,9.6,8.5,74.7,22,,78.6,,,,,,,446.9365427,426.3055515,,
2011,256,-117.082938,46.781587,CF11GPWW_256_16-K,WW,,100,21.1,1,9.52,6.3,77.8,13.7,,73.6,,,,,,,354.4857768,338.2549285,,
2011,257,-117.08252,46.781624,CF11GPWW_257_17-K,WW,,100,10.5,1,8.5,8.7,77.7,20.9,,79.3,,,,,,,689.2778993,657.7179164,,
2011,258,-117.082102,46.781426,CF11GPWW_258_18-K,WW,,100,10.5,1,8.8,9.6,75.4,25.2,,78.2,,,,,,,759.2997812,724.5337048,,
2011,259,-117.081684,46.781565,CF11GPWW_259_19-K,WW,,100,10.5,1,8.4,8.2,78.7,19.2,,76,,,,,,,711.1597374,678.5978503,,
2011,260,-117.081266,46.781567,CF11GPWW_260_20-K,WW,Grain note: Combined,100,0,1,,,,,,,,,,,,,,,,
2011,261,-117.080848,46.781423,CF11GPWW_261_21-K,WW,,100,10.5,1,9,8.9,76.5,23.1,,78.5,,,,,,,679.4310722,648.3219462,,
2011,262,-117.08043,46.781686,CF11GPWW_262_22-K,WW,,100,10.5,1,8.5,8.7,77,21.2,,80.8,,,,,,,576.5864333,550.1862571,,
2011,263,-117.080012,46.781657,CF11GPWW_263_23-K,WW,,100,10.5,1,9.1,8.7,77,22,,77.2,,,,,,,575.4923414,549.1422604,,
2011,264,-117.079594,46.781621,CF11GPSW_264_24-K,SW,,100,5.3,1,10.2,7.8,74.7,19.5,,77.4,,,,,,,413.5667396,394.4761285,,
2011,265,-117.0791581,46.78153382,CF11GPGB_265_25-K,GB,,100,0,1,,,,,,,,,,,,,278.4463895,252.039409,,
2011,266,-117.078758,46.781554,CF11GPGB_266_26-K,GB,,100,0,1,,,,,,,,,,,,,164.6608315,149.0449157,,
2011,267,-117.07834,46.781559,CF11GPSB_267_27-K,SB,,100,0,1,9.7,10.6,66.8,,,74.3,,,,,,,650.9846827,624.4768148,,
2011,268,-117.077922,46.781496,CF11GPWW_268_28-K,WW,,100,5.3,1,9.6,9.4,74.8,24.2,,77.9,,,,,,,616.5207877,588.2921364,,
2011,269,-117.077504,46.78166,CF11GPWW_269_29-K,WW,,100,5.3,1,9.2,10.1,74.7,27.5,,79.3,,,,,,,376.3676149,359.1348623,,
2011,270,-117.077086,46.781434,CF11GPSW_270_30-K,SW,,100,10.5,1,9.8,7.7,75.9,19,,77.1,,,,,,,396.0612691,377.7787262,,
2011,271,-117.076668,46.781558,CF11GPSW_271_31-K,SW,,100,5.3,1,9.7,8.7,74.2,22.6,,76.1,,,,,,,375.8205689,358.4723549,,
2011,272,-117.08559,46.781812,CF11GPGB_272_9-L,GB,,100,5.3,1,,,,,,,,,,,,,435.4485777,394.1520031,,
2011,273,-117.085172,46.78193,CF11GPGB_273_10-L,GB,,100,0,1,,,,,,,,,,,,,154.8140044,140.1319307,,
2011,274,-117.084754,46.781778,CF11GPGB_274_11-L,GB,,100,0,1,,,,,,,,,,,,,252.1881838,228.271449,,
2011,275,-117.084357,46.78187778,CF11GPGB_275_12-L,GB,,100,0,1,,,,,,,,,,,,,295.95186,267.8847157,268.0525164,239.6853566
2011,276,-117.083918,46.78182,CF11GPGB_276_13-L,GB,,100,0,1,,,,,,,,,,,,,241.7943107,218.8632982,,
2011,277,-117.0835,46.781883,CF11GPSW_277_14-L,SW,,100,5.3,1,9.9,8.6,73.8,22.4,,76.4,,,,,,,367.0678337,350.1236537,,
2011,278,-117.083082,46.781804,CF11GPSW_278_15-L,SW,,100,10.5,1,9.4,8.3,75.8,20.8,,78.8,,,,,,,385.6673961,367.8646436,,
2011,279,-117.0826501,46.78185937,CF11GPWW_279_16-L,WW,,100,10.5,1,8.9,8.5,77.9,21.1,,77.9,,,,,,,619.2560175,590.9021281,,
2011,280,-117.082246,46.78191,CF11GPWW_280_17-L,WW,,100,10.5,1,9.1,8.1,77.8,19.3,,77,,,,,,,793.7636761,757.4196006,,
2011,281,-117.0818123,46.78170481,CF11GPWW_281_18-L,WW,,100,10.5,1,9.2,8.9,76.6,22.8,,77.7,,,,,,,760.940919,726.0996998,,
2011,282,-117.08141,46.781851,CF11GPWW_282_19-L,WW,,100,10.5,1,9.1,8.6,77.2,21.4,,80,,,,,,,780.0875274,744.3696419,,
2011,283,-117.080992,46.781853,CF11GPWW_283_20-L,WW,,100,10.5,1,9.2,7.8,77.7,17.8,,76.3,,,,,,,644.9671772,615.4360504,,
2011,284,-117.080574,46.781709,CF11GPWW_284_21-L,WW,,100,10.5,1,9.1,8,77.3,18.7,,76.8,,,,,,,688.7308534,657.1959181,,
2011,285,-117.080156,46.781972,CF11GPWW_285_22-L,WW,,100,10.5,1,9.4,9.1,75.5,23,,77.7,,,,,,,544.3107221,519.3883547,,
2011,286,-117.079738,46.781943,CF11GPWW_286_23-L,WW,,100,10.5,1,9.1,9.5,75.9,25.3,,79.4,,,,,,,624.1794311,595.6001132,,
2011,287,-117.07932,46.781907,CF11GPSW_287_24-L,SW,,100,10.5,1,9.6,8,75.7,19.7,,81.3,,,,,,,510.3938731,486.8336348,,
2011,288,-117.0788662,46.78180208,CF11GPGB_288_25-L,GB,,100,0,1,,,,,,,,,,,,,298.1400438,269.865379,,
2011,289,-117.078484,46.78184,CF11GPGB_289_26-L,GB,,100,0,1,,,,,,,,,,,,,324.9452954,294.1285048,,
2011,290,-117.078066,46.781845,CF11GPSB_290_27-L,SB,,100,0,1,8.5,10.1,67.2,,,72.7,,,,,,,422.8665208,405.6475444,,
2011,291,-117.077648,46.781782,CF11GPWW_291_28-L,WW,,100,15.8,1,9.4,6.9,77.3,15.2,,76.3,,,,,,,328.7746171,313.7210062,,
2011,292,-117.07723,46.781946,CF11GPWW_292_29-L,WW,,100,5.3,1,9.5,14,68.3,37.9,,80.1,,,,,,,290.4814004,277.1811219,,
2011,293,-117.076812,46.78172,CF11GPSW_293_30-L,SW,,100,5.3,1,9.9,8.8,74.1,23,,75.3,,,,,,,295.95186,282.290457,,
2011,297,-117.085536,46.782098,CF11GPGB_297_9-M,GB,Grain note: Alfalfa,100,0,0,,,,,,,,,,,,,,,,
2011,298,-117.085118,46.782216,CF11GPGB_298_10-M,GB,,100,5.3,1,,,,,,,,,,,,,443.654267,401.5794906,,
2011,299,-117.0847,46.782064,CF11GPGB_299_11-M,GB,,100,0,1,,,,,,,,,,,,,229.2122538,207.474484,,
2011,300,-117.084282,46.782153,CF11GPGB_300_12-M,GB,,100,0,1,,,,,,,,,,,,,256.5645514,232.2327757,,
2011,301,-117.083864,46.782106,CF11GPGB_301_13-M,GB,,100,0,1,,,,,,,,,,,,,266.4113786,241.1457607,,
2011,302,-117.0834303,46.78215462,CF11GPSW_302_14-M,SW,,100,5.3,1,9.7,9.6,73.5,26.2,,80,,,,,,,472.1006565,450.3080673,,
2011,303,-117.0830123,46.78207922,CF11GPSW_303_15-M,SW,,100,5.3,1,9.2,9.7,73.9,25.7,,75.5,,,,,,,302.5164114,288.5519829,,
2011,304,-117.08261,46.782159,CF11GPSW_304_16-M,SW,,100,10.5,1,9.8,7.6,75.7,17.9,,75.8,,,,,,,302.5164114,288.5519829,,
2011,305,-117.082192,46.782196,CF11GPWW_305_17-M,WW,,100,10.5,1,9.1,8,77.1,18.9,,77.5,,,,,,,693.107221,661.3719049,,
2011,306,-117.081774,46.781998,CF11GPWW_306_18-M,WW,,100,10.5,1,9,9.3,76.9,24.5,,77.9,,,,,,,807.4398249,770.4695593,,
2011,307,-117.081356,46.782137,CF11GPWW_308_19-M,WW,,100,5.3,1,8.8,9.9,74.6,26.7,,80.2,,,,,,,782.8227571,746.9796337,,
2011,308,-117.080938,46.782139,CF11GPWW_308_20-M,WW,,100,10.5,1,9.1,9.7,75.5,25.8,,77.7,,,,,,,710.6126915,678.075852,,
2011,309,-117.080499,46.78197702,CF11GPWW_309_21-M,WW,,100,10.5,1,9.1,9.2,75.9,23.7,,78.4,,,,,,,682.7133479,651.4539363,,
2011,310,-117.080102,46.782258,CF11GPWW_310_22-M,WW,,100,10.5,1,9.3,9.9,75.3,26.6,,78.5,,,,,,,543.2166302,518.344358,,
2011,311,-117.079684,46.782229,CF11GPWW_311_23-M,WW,,100,10.5,1,9.5,9.4,75.5,24.2,,79.5,,,,,,,673.9606127,643.1019627,,
2011,312,-117.0793018,46.78221346,CF11GPWW_312_24-M,WW,,100,5.3,1,9.4,10.2,74.7,27.5,,79.8,,,,,,,517.5054705,493.8104357,,
2011,313,-117.078848,46.782114,CF11GPSW_313_25-M,SW,,100,10.5,1,9.6,7.6,75.5,19.5,,79,,,,,,,475.3829322,453.4388302,,
2011,314,-117.07843,46.782126,CF11GPGB_314_26-M,GB,,100,0,1,,,,,,,,,,,,,149.8905908,135.6754382,,
2011,315,-117.0780418,46.78214737,CF11GPGB_315_27-M,GB,,100,0,1,,,,,,,,,,,,,136.214442,123.2962924,,
2011,316,-117.077594,46.782068,CF11GPSB_316_28-M,SB,,100,0,1,9,10.6,66.9,,,73.1,,,,,,,676.6958425,649.1410251,,
2011,323,-117.0851352,46.78249247,CF11GPGB_323_10-N,GB,Grain note: Alfalfa,100,0,0,,,,,,,,,,,,,,,,
2011,324,-117.084751,46.78235,CF11GPGB_324_11-N,GB,,100,0,1,,,,,,,,,,,,,273.5229759,247.5829165,,
2011,325,-117.084333,46.782439,CF11GPGB_325_12-N,GB,,100,0,1,,,,,,,,,,,,,264.2231947,239.1650974,,
2011,326,-117.083915,46.782392,CF11GPGB_326_13-N,GB,,100,0,1,,,,,,,,,,,,,276.8052516,250.5539115,,
2011,327,-117.083497,46.782455,CF11GPGB_327_14-N,GB,,100,0,1,,,,,,,,,,,,,248.9059081,225.300454,,
2011,328,-117.083079,46.782376,CF11GPSW_328_15-N,SW,,100,10.5,1,9.2,8.4,76,21.3,,79.3,,,,,,,309.0809628,294.8135087,,
2011,329,-117.0826453,46.78243781,CF11GPSW_329_16-N,SW,,100,10.5,1,9.9,7.9,75.2,19.2,,79.2,,,,,,,384.0262582,366.2992622,,
2011,330,-117.082243,46.782482,CF11GPSW_330_17-N,SW,,100,10.5,1,9.5,8.1,75.9,20.3,,78.6,,,,,,,382.3851204,364.7338807,,
2011,331,-117.081825,46.782284,CF11GPWW_331_18-N,WW,,100,10.5,1,8.5,8.5,77.4,20.9,,76.7,,,,,,,641.6849015,612.3040603,,
2011,332,-117.081407,46.782423,CF11GPWW_332_19-N,WW,,100,10.5,1,9.1,8.8,76.8,22.1,,77.1,,,,,,,686.5426696,655.1079247,,
2011,333,-117.080989,46.782425,CF11GPWW_333_20-N,WW,,100,10.5,1,9.3,9.1,76,23.7,,78.5,,,,,,,760.940919,726.0996998,,
2011,334,-117.080571,46.782281,CF11GPWW_334_21-N,WW,,100,10.5,1,9.2,9.1,75.7,23.7,,77.2,,,,,,,701.3129103,669.2018801,,
2011,335,-117.080153,46.782544,CF11GPWW_335_22-N,WW,,100,10.5,1,9.3,8.9,76.3,22.7,,78.7,,,,,,,701.8599562,669.7238784,,
2011,336,-117.079735,46.782515,CF11GPWW_336_23-N,WW,,100,10.5,1,9,9.8,75.6,25.9,,80.6,,,,,,,439.2778993,419.1646721,,
2011,337,-117.079317,46.782479,CF11GPWW_337_24-N,WW,,100,5.3,1,9.3,9.6,74.4,24.8,,77.6,,,,,,,309.6280088,295.4510641,,
2011,338,-117.0788911,46.78239455,CF11GPSW_338_25-N,SW,,100,5.3,1,9.7,8.8,74.8,22.6,,78,,,,,,,420.678337,401.2594482,,
2011,348,-117.084617,46.782636,CF11GPGB_348_11-O,GB,,100,5.3,1,,,,,,,,,,,,,413.5667396,374.3453698,,
2011,349,-117.084199,46.782725,CF11GPGB_349_12-O,GB,,100,0,1,,,,,,,,,,,,,269.6936543,244.1167557,,
2011,350,-117.083781,46.782678,CF11GPGB_350_13-O,GB,,100,0,1,,,,,,,,,,,,,315.6455142,285.7106857,,
2011,351,-117.083363,46.782741,CF11GPGB_351_14-O,GB,,100,0,1,,,,,,,,,,,,,177.7899344,160.9288957,,
2011,352,-117.0829188,46.78264763,CF11GPSW_352_15-O,SW,,100,5.3,1,9.7,9.5,73.6,25.8,,79.8,,,,,,,497.2647702,474.3105831,,
2011,353,-117.082527,46.782731,CF11GPSW_353_16-O,SW,,100,5.3,1,9.7,8.6,74.9,21.8,,79.5,,,,,,,478.6652079,456.5695932,502.1881838,472.4901585
2011,354,-117.082109,46.782768,CF11GPSW_354_17-O,SW,,100,5.3,1,9.9,7.5,73.8,18.5,,79.1,,,,,,,462.2538293,440.9157785,,
2011,355,-117.081691,46.78257,CF11GPWW_355_18-O,WW,,100,10.5,1,9.1,8.6,75.9,20.9,,78.5,,,,,,,729.2122538,695.8237957,,
2011,356,-117.081273,46.782709,CF11GPWW_356_19-O,WW,,100,10.5,1,9.3,9.1,75.7,23.9,,77.5,,,,,,,817.2866521,779.8655295,,
2011,357,-117.080855,46.782711,CF11GPWW_357_20-O,WW,,100,10.5,1,9.2,9.5,75.7,24.9,,78.4,,,,,,,793.2166302,756.8976023,,
2011,358,-117.0804141,46.78255608,CF11GPWW_358_21-O,WW,,100,10.5,1,9.2,9.1,76,23.6,,77.9,,,,,,,615.4266958,587.2481397,,
2011,359,-117.080019,46.78283,CF11GPWW_359_22-O,WW,,100,10.5,1,8.5,8.2,78.8,20.2,,77.5,,,,,,,565.0984683,539.2242918,,
2011,360,-117.079601,46.782801,CF11GPWW_360_23-O,WW,,100,10.5,1,9,7.8,77.8,18.4,,77.2,,,,,,,637.3085339,608.1280735,,
2011,371,-117.0842298,46.78296597,CF11GPGB_371_12-P,GB,,100,5.3,1,,,,,,,,,,,,,387.8555799,351.0725756,,
2011,372,-117.083798,46.782964,CF11GPGB_372_13-P,GB,,100,0,1,,,,,,,,,,,,,268.0525164,242.6312582,,
2011,373,-117.08338,46.783027,CF11GPGB_373_14-P,GB,,100,0,1,,,,,,,,,,,,,251.0940919,227.2811174,,
2011,374,-117.082962,46.782948,CF11GPGB_374_15-P,GB,,100,0,1,,,,,,,,,,,,,283.916849,256.9910673,,
2011,375,-117.0825283,46.78300622,CF11GPSW_375_16-P,SW,,100,5.3,1,9.9,8.3,74.7,21.2,,78.6,,,,,,,385.6673961,367.8646436,,
2011,376,-117.082126,46.783054,CF11GPSW_376_17-P,SW,,100,10.5,1,9.7,8,75.4,19.9,,79.1,,,,,,,400.4376368,381.9530768,,
2011,377,-117.0816503,46.78282132,CF11GPWW_377_18-P,WW,,100,10.5,1,9,8.7,77.2,21.6,,77.4,,,,,,,890.0437637,849.2913096,,
2011,378,-117.08129,46.782995,CF11GPWW_378_19-P,WW,,100,10.5,1,8.9,8.3,77.2,20.2,,77.1,,,,,,,761.487965,726.6216982,,
2011,379,-117.080872,46.782997,CF11GPWW_379_20-P,WW,,100,10.5,1,9.1,9.6,75.8,25.6,,78.6,,,,,,,741.2472648,707.3077594,,
2011,380,-117.080454,46.782853,CF11GPWW_380_21-P,WW,,100,10.5,1,9.2,10,75.1,26.9,,77.6,,,,,,,797.0459519,760.5515907,,
2011,381,-117.080036,46.783116,CF11GPWW_381_22-P,WW,,100,10.5,1,9.4,7.6,77.3,17.1,,76.8,,,,,,,611.5973742,583.5941513,,
2011,394,-117.0839099,46.78312585,CF11GPGB_394_13-Q,GB,,100,0,1,,,,,,,,,,,,,189.2778993,171.3273782,,
2011,395,-117.083498,46.783313,CF11GPGB_395_14-Q,GB,,100,0,1,,,,,,,,,,,,,260.3938731,235.6989365,,
2011,396,-117.08308,46.783234,CF11GPGB_396_15-Q,GB,,100,0,1,,,,,,,,,,,,,203.5010941,184.2016899,,
2011,397,-117.082662,46.783303,CF11GPGB_397_16-Q,GB,,100,0,1,,,,,,,,,,,,,183.8074398,166.3757199,,
2011,398,-117.0822755,46.78335797,CF11GPGB_398_17-Q,GB,,100,0,1,,,,,,,,,,,,,199.1247265,180.2403632,,
2011,399,-117.081826,46.783142,CF11GPSW_399_18-Q,SW,,100,5.3,1,10.1,7.4,74.7,16.5,,77.5,,,,,,,478.6652079,456.5695932,521.8818381,491.0191843
2011,400,-117.081408,46.783281,CF11GPSW_400_19-Q,SW,,100,10.5,1,9.7,8,75.2,19.8,,78.1,,,,,,,429.4310722,409.6081493,,
2011,401,-117.08099,46.783283,CF11GPWW_401_20-Q,WW,,100,10.5,1,9.3,7.1,77.6,15.5,,76.3,,,,,,,513.1291028,489.6344489,,
2011,402,-117.080572,46.783139,CF11GPWW_402_21-Q,WW,,100,10.5,1,9.3,7.9,76.7,18,,76.7,,,,,,,539.9343545,515.2123679,,
2011,419,-117.0832106,46.7834571,CF11GPGB_419_15-R,GB,,100,0,1,,,,,,,,,,,,,218.2713348,197.5711674,,
2011,420,-117.0827709,46.78351532,CF11GPGB_420_16-R,GB,,100,0,1,,,,,,,,,,,,,250.547046,226.7859515,,
2011,421,-117.0823668,46.78355231,CF11GPGB_421_17-R,GB,,100,0,1,,,,,,,,,,,,,246.1706783,222.8246249,,
2011,422,-117.081933,46.783428,CF11GPSW_422_18-R,SW,,100,5.3,1,10.1,7.8,74.3,19.1,,76.5,,,,,,,478.6652079,456.5695932,,
2011,423,-117.0814836,46.78355263,CF11GPSW_423_19-R,SW,Grain note: wet spot,100,0,0,,,,,,,,,,,,,,,,
2011,424,-117.081097,46.783569,CF11GPSW_424_20-R,SW,Grain note: wet spot,100,0,0,,,,,,,,,,,,,,,,
2011,425,-117.080679,46.783425,CF11GPWW_425_21-R,WW,,100,10.5,1,9.8,7.4,76.9,16.1,,76.5,,,,,,,507.1115974,483.8924671,,
2012,1,-117.087514,46.778729,GPHY12_WW_A4_1_5-A,WW,,100,10.5,1,8.3,10.8,75.1,28.6,,76,,,,,,,663.5667396,633.1839942,,
2012,2,-117.0870646,46.77869163,GPHY12_WW_A5_2_6-A,WW,Sample note: mice,100,15.8,1,8.1,11.4,74.3,30.9,,75.4,,,,,,,610.5032823,582.5501546,,
2012,3,-117.086678,46.778791,GPHY12_WW_A5_3_7-A,WW,,100,10.5,1,7.9,9.3,77.3,22.6,,76.7,,,,,,,588.0743982,561.1482224,,
2012,4,-117.08626,46.778761,GPHY12_WW_A6_4_8-A,WW,Sample note: Mice,100,15.8,1,9.4,10.3,74.4,27.3,,77.3,,,,,,,652.6258206,622.7440272,,
2012,5,-117.085842,46.778666,GPHY12_SW_B1_5_9-A,SW,,100,5.3,1,9,10.5,72.5,28.3,,78.2,,,,,,,441.4660832,421.0876133,,
2012,6,-117.0854188,46.77877321,GPHY12_SW_B2_6_10-A,SW,,100,10.5,1,9,8.7,75.5,22.1,,79.2,,,,,,,372.5382932,355.3415919,,
2012,7,-117.085006,46.778632,GPHY12_SW_B3_7_11-A,SW,,100,0,1,,,,,,,,,,,,,378.5557987,361.081324,,
2012,8,-117.084588,46.778721,GPHY12_SW_B3_8_12-A,SW,,100,5.3,1,9.1,9.5,73.4,25.3,,79.8,,,,,,,463.3479212,441.9593662,,
2012,9,-117.08417,46.778674,GPHY12_WW_B4_9_13-A,WW,Sample note: mice,100,15.8,1,8.7,11.4,73.3,30.4,,75.8,,,,,,,631.8380744,602.9080901,,
2012,10,-117.083752,46.778737,GPHY12_SB_B5_10_14-A,SB,,100,0,1,9.2,10.8,67.3,,,72.5,,,,,,,459.5185996,440.8071634,,
2012,11,-117.083334,46.778658,GPHY12_SL_B6_11_15-A,GB,,100,0,1,,,,,,,,,,,,,158.0962801,143.1029257,,
2012,12,-117.0829398,46.77873108,GPHY12_SL_B6_12_16-A,GB,,100,0,1,,,,,,,,,,,,,,,,
2012,13,-117.082498,46.778764,GPHY12_SL_C1_13_17-A,GB,,100,0,1,,,,,,,,,,,,,140.0437637,126.7624533,,
2012,14,-117.0816322,46.77868863,GPHY12_SW_C3_14_19-A,SW,,100,5.3,1,9.5,9.8,72.1,26.6,,79.2,,,,,,,443.107221,422.6529948,,
2012,15,-117.081244,46.778707,GPHY12_SW_C3_15_20-A,SW,,100,0,1,,,,,,,,,,,,,298.6870897,284.8994261,,
2012,16,-117.080408,46.778826,GPHY12_SL_C4_16_22-A,GB,,100,0,1,,,,,,,,,,,,,340.2625821,307.9931481,,
2012,17,-117.07999,46.778797,GPHY12_SL_C5_17_23-A,GB,,100,0,1,,,,,,,,,,,,,303.0634573,274.3218715,,
2012,18,-117.0888801,46.77895174,GPHY12_WW_A1_18_1-B,WW,,100,0,0,,,,,,,,,,,,,,,,
2012,19,-117.0884663,46.77882662,GPHY12_WW_A2_19_2-B,WW,,100,5.3,1,8.3,12.7,71.7,34.4,,73.8,,,,,,,600.1094092,572.632186,,
2012,20,-117.088064,46.778867,GPHY12_WW_A2_20_3-B,WW,,100,5.3,1,8.1,10.9,74.5,28.6,,72.9,,,,,,,405.9080963,387.322773,,
2012,21,-117.087646,46.778842,GPHY12_WW_A3_21_4-B,WW,,100,5.3,1,8.1,11.1,75,29.6,,75.2,,,,,,,628.0087527,599.2541017,,
2012,22,-117.087228,46.779015,GPHY12_WW_A4_22_5-B,WW,Sample note: mice,100,21.1,1,8,10.5,75.7,27,,76.4,,,,,,,549.2341357,524.0863398,,
2012,23,-117.086831,46.77900278,GPHY12_WW_A4_23_6-B,WW,,100,5.3,1,7.9,11.7,74,31.1,,75.6,,,,,,,647.702407,618.0460421,,
2012,24,-117.086392,46.779077,GPHY12_WW_A5_24_7-B,WW,,100,10.5,1,8.1,10.1,77.4,26,,78,,,,,,,562.3632385,536.6143001,,
2012,25,-117.085974,46.779047,GPHY12_WW_A6_25_8-B,WW,,100,10.5,1,7.9,9.3,78.2,22.8,,77.1,,,,,,,644.4201313,614.914052,,
2012,26,-117.085556,46.778952,GPHY12_SW_B1_26_9-B,SW,,100,5.3,1,8.9,9.8,74,26.2,,79.3,,,,,,,410.2844639,391.3453656,,
2012,27,-117.085117,46.77906282,GPHY12_SW_B2_27_10-B,SW,,100,0,1,,,,,,,,,,,,,373.6323851,356.3851796,,
2012,28,-117.08472,46.778918,GPHY12_SW_B3_28_11-B,SW,,100,5.3,1,9.2,10.3,71.7,27.8,,79.2,,,,,,,410.8315098,391.8671594,,
2012,29,-117.084302,46.779007,GPHY12_SW_B3_29_12-B,SW,,100,10.5,1,9.1,8.6,75.4,22.2,,80.6,,,,,,,352.297593,336.0352206,431.0722101,405.5797874
2012,30,-117.083884,46.77896,GPHY12_WW_B4_30_13-B,WW,Sample note: mice,100,15.8,1,8.8,10.2,74.6,26.9,,75.3,,,,,,,538.8402626,514.1683712,,
2012,31,-117.083466,46.779023,GPHY12_SB_B5_31_14-B,SB,,100,0,1,8.9,11,66.4,,,72.9,,,,,,,407.0021882,390.4292018,362.6914661,343.6407791
2012,32,-117.083048,46.778944,GPHY12_SL_B6_32_15-B,GB,,100,0,1,,,,,,,,,,,,,212.8008753,192.619509,,
2012,33,-117.08263,46.779013,GPHY12_SL_B6_33_16-B,GB,,100,0,1,,,,,,,,,,,,,117.0678337,105.9654883,143.8730853,128.6474465
2012,34,-117.082212,46.77905,GPHY12_SL_C1_34_17-B,GB,,100,0,1,,,,,,,,,,,,,211.1597374,191.1340115,,
2012,35,-117.081794,46.778852,GPHY12_SW_C2_35_18-B,SW,,100,5.3,1,9,10.6,72.3,28.7,,80.1,,,,,,,527.3522976,503.0092432,,
2012,36,-117.0814058,46.77900737,GPHY12_SW_C2_36_19-B,SW,,100,5.3,1,10,9,73.4,23.8,,81.1,,,,,,,603.9387309,576.0603781,,
2012,37,-117.080958,46.778993,GPHY12_SW_C3_37_20-B,SW,,100,5.3,1,9.4,9.5,73,25.5,,78.3,,,,,,,288.2932166,274.9853435,,
2012,38,-117.08054,46.778849,GPHY12_SL_C4_38_21-B,GB,,100,0,1,,,,,,,,,,,,,189.8249453,171.8225441,252.1881838,225.4998967
2012,39,-117.080122,46.779112,GPHY12_SL_C4_39_22-B,GB,,100,0,1,,,,,,,,,,,,,124.1794311,112.4026441,,
2012,40,-117.079704,46.779083,GPHY12_SL_C5_40_23-B,GB,,100,0,1,,,,,,,,,,,,,117.0678337,105.9654883,,
2012,41,-117.079286,46.779047,GPHY12_SL_C6_41_24-B,GB,,100,0,1,,,,,,,,,,,,,250,226.2907857,,
2012,42,-117.0887062,46.77911338,GPHY12_WW_A1_42_2-C,WW,,100,0,0,,,,,,,,,,,,,,,,
2012,43,-117.088318,46.779153,GPHY12_WW_A1_43_3-C,WW,,100,10.5,1,8.4,10.6,75.2,27.9,,76.2,,,,,,,683.2603939,651.9759346,,
2012,44,-117.0879,46.779128,GPHY12_WW_A2_44_4-C,WW,,100,5.3,1,8,11.4,74.4,30.1,,73.7,,,,,,,439.8249453,419.6866705,,
2012,45,-117.0874635,46.77928833,GPHY12_WW_A3_45_5-C,WW,Sample note: mice,100,15.8,1,9.5,11.2,72.2,30.3,,74.4,,,,,,,542.6695842,517.8223596,,
2012,46,-117.087064,46.779278,GPHY12_WW_A3_46_6-C,WW,Sample note: mice,100,21.1,1,8.1,10.4,75.7,27.3,,76.9,,,,,,,592.4507659,565.3242091,,
2012,47,-117.086646,46.779363,GPHY12_WW_A4_47_7-C,WW,,100,0,1,,,,,,,,,,,,,,,,
2012,48,-117.086228,46.779333,GPHY12_WW_A5_48_8-C,WW,Sample note: mice,100,21.1,1,7.7,10.8,76.1,27.8,,78,,,,,,,554.1575492,528.7843249,,
2012,49,-117.08581,46.779238,GPHY12_WW_A6_49_9-C,WW,,100,10.5,1,8.3,10,76.5,25.9,,77.7,,,,,,,652.6258206,622.7440272,,
2012,50,-117.0853355,46.77932123,GPHY12_SW_B1_50_10-C,SW,,100,5.3,1,9.2,10.1,72.9,27.7,,80.1,,,,,,,594.0919037,566.6680893,,
2012,51,-117.0849635,46.77919681,GPHY12_SW_B2_51_11-C,SW,,100,5.3,1,8.9,9.4,74.2,25.1,,80.4,,,,,,,485.2297593,462.831119,,
2012,52,-117.084556,46.779293,GPHY12_SW_B2_52_12-C,SW,,100,5.3,1,9.2,10.4,72.3,28.2,,80.2,,,,,,,596.2800875,568.7552646,,
2012,53,-117.084138,46.779246,GPHY12_SW_B3_53_13-C,SW,,100,5.3,1,9.2,9.8,73.2,26.3,,80.2,,,,,,,485.2297593,462.831119,,
2012,54,-117.08372,46.779309,GPHY12_WW_B4_54_14-C,WW,,100,10.5,1,8.4,10.5,75.5,27.3,,76.3,,,,,,,577.6805252,551.2302538,,
2012,55,-117.083302,46.77923,GPHY12_SB_B5_55_15-C,SB,,100,0,1,9.2,11.5,67.1,,,73.9,,,,,,,425.0547046,407.7466261,,
2012,56,-117.0829019,46.77931128,GPHY12_SB_B5_56_16-C,SB,,100,0,1,9.3,10.3,67.6,,,74.6,,,,,,,542.1225383,520.0474987,,
2012,57,-117.082466,46.779336,GPHY12_SL_B6_57_17-C,GB,,100,0,1,,,,,,,,,,,,,225.9299781,204.503489,,
2012,58,-117.082048,46.779138,GPHY12_SL_C1_58_18-C,GB,,100,0,1,,,,,,,,,,,,,187.6367615,169.8418807,,
2012,59,-117.0816002,46.77925244,GPHY12_SW_C2_59_19-C,SW,,100,5.3,1,9.3,9.8,73,27,,81,,,,,,,573.8512035,547.361718,,
2012,60,-117.081212,46.779279,GPHY12_SW_C2_60_20-C,SW,,100,5.3,1,8.6,9.7,74.5,25,,81.2,,,,,,,531.1816193,506.6617999,,
2012,61,-117.080794,46.779135,GPHY12_SW_C3_61_21-C,SW,,100,0,0,,,,,,,,,,,,,,,,
2012,62,-117.0803999,46.77941847,GPHY12_SW_C3_62_22-C,SW,,100,5.3,1,9.4,8.7,74.3,23.2,,81.8,,,,,,,526.8052516,502.4874494,,
2012,63,-117.079958,46.779369,GPHY12_SL_C4_63_23-C,GB,,100,0,1,,,,,,,,,,,,,243.4354486,220.3487957,,
2012,64,-117.07954,46.779333,GPHY12_SL_C5_64_24-C,GB,,100,0,1,,,,,,,,,,,,,240.1531729,217.3778007,,
2012,65,-117.079122,46.779254,GPHY12_SL_C6_65_25-C,GB,,100,0,1,,,,,,,,,,,,,321.6630197,291.1575098,,
2012,66,-117.0787339,46.77928646,GPHY12_SL_C6_66_26-C,GB,,100,0,1,,,,,,,,,,,,,327.1334792,296.1091681,,
2012,67,-117.078286,46.779271,GPHY12_SL_C7_67_27-C,GB,,100,0,1,,,,,,,,,,,,,193.654267,175.2887049,,
2012,68,-117.088231,46.779439,GPHY12_WW_A1_68_3-D,WW,,100,10.5,1,8,10.1,76.4,25.2,,74.8,,,,,,,601.2035011,573.6761827,,
2012,69,-117.087813,46.779414,GPHY12_WW_A2_69_4-D,WW,Sample note: mice,100,15.8,1,8.6,10.6,74.7,28.5,,74.8,,,,,,,518.5995624,494.8544324,,
2012,70,-117.087395,46.779587,GPHY12_WW_A2_70_5-D,WW,,100,10.5,1,8.6,9.3,76.6,23.1,,74.6,,,,,,,496.7177243,473.9744985,815.0984683,748.1454087
2012,71,-117.086977,46.779564,GPHY12_WW_A3_71_6-D,WW,,100,10.5,1,7.9,10.8,75.9,28.8,,75.9,,,,,,,590.809628,563.7582141,,
2012,72,-117.086559,46.779649,GPHY12_WW_A4_72_7-D,WW,,100,10.5,1,8.1,10.5,75.6,27.1,,76.2,,,,,,,594.6389497,567.4122025,,
2012,73,-117.0861725,46.77963697,GPHY12_WW_A4_73_8-D,WW,Sample note: mice,100,15.8,1,8.1,11.5,74.6,30.7,,77.5,,,,,,,549.2341357,524.0863398,,
2012,74,-117.0856916,46.77950963,GPHY12_WW_A6_74_9-D,WW,,100,10.5,1,8.6,10.5,75.3,27.8,,78.8,,,,,,,578.7746171,552.2742505,,
2012,75,-117.085305,46.779642,GPHY12_WW_A6_75_10-D,WW,,100,5.3,1,9.1,10.8,73.9,28.7,,76.3,,,,,,,680.5251641,649.3659429,787.7461707,723.0398581
2012,76,-117.084887,46.77949,GPHY12_SW_B1_76_11-D,SW,,100,0,1,,,,,,,,,,,,,,,,
2012,77,-117.084469,46.779579,GPHY12_SW_B2_77_12-D,SW,,100,5.3,1,9,9.8,73.4,25.8,,81.4,,,,,,,492.3413567,469.6144387,705.6892779,663.9567586
2012,78,-117.084051,46.779532,GPHY12_SW_B3_78_13-D,SW,,100,5.3,1,9.6,8.7,74.8,22.6,,80.8,,,,,,,419.5842451,400.2158605,,
2012,79,-117.083633,46.779595,GPHY12_SW_B3_79_14-D,SW,,100,5.3,1,9.3,9.5,73.9,25.6,,80.8,,,,,,,489.059081,466.4836757,,
2012,80,-117.083215,46.779516,GPHY12_WW_B4_80_15-D,WW,,100,10.5,1,8.2,9.9,76.5,24.8,,76.9,,,,,,,492.3413567,469.7985117,,
2012,81,-117.082797,46.779585,GPHY12_SB_B5_81_16-D,SB,,100,0,1,9.3,9,68.8,,,73.4,,,,,,,577.6805252,554.1575768,,
2012,82,-117.082379,46.779622,GPHY12_SL_B6_82_17-D,GB,,100,0,1,,,,,,,,,,,,,262.5820569,237.6795999,,
2012,83,-117.081961,46.779424,GPHY12_SL_C1_83_18-D,GB,,100,0,1,,,,,,,,,,,,,176.6958425,159.9385641,180.5251641,161.4207504
2012,84,-117.081543,46.779563,GPHY12_SL_C1_84_19-D,GB,,100,0,1,,,,,,,,,,,,,238.512035,215.8923032,,
2012,85,-117.081125,46.779565,GPHY12_SW_C2_85_20-D,SW,,100,0,1,,,,,,,,,,,,,572.7571116,546.3181303,,
2012,86,-117.080707,46.779421,GPHY12_SW_C3_86_21-D,SW,,100,5.3,1,9.7,9.5,72.7,25.8,,80.8,,,,,,,491.2472648,468.570851,,
2012,87,-117.080289,46.779684,GPHY12_SW_C3_87_22-D,SW,,100,5.3,1,9.4,9.1,73.8,24.5,,81.5,,,,,,,397.1553611,378.8223139,,
2012,88,-117.079871,46.779655,GPHY12_SL_C4_88_23-D,GB,,100,0,1,,,,,,,,,,,,,194.7483589,176.2790366,,
2012,89,-117.079447,46.77960671,GPHY12_SL_C5_89_24-D,GB,,100,0,1,,,,,,,,,,,,,219.3654267,198.561499,,
2012,90,-117.079035,46.77954,GPHY12_SL_C5_90_25-D,GB,,100,0,1,,,,,,,,,,,,,212.8008753,192.619509,,
2012,91,-117.078617,46.779552,GPHY12_SL_C6_91_26-D,GB,,100,0,1,,,,,,,,,,,,,223.7417943,202.5228257,,
2012,92,-117.078199,46.779557,GPHY12_SL_C7_92_27-D,GB,,100,0,1,,,,,,,,,,,,,339.7155361,307.4979823,,
2012,93,-117.077781,46.779494,GPHY12_SL_C8_93_28-D,GB,,100,0,1,,,,,,,,,,,,,190.3719912,172.3177099,,
2012,94,-117.077363,46.779658,GPHY12_SL_C8_94_29-D,GB,,100,0,1,,,,,,,,,,,,,134.0262582,121.3156291,,
2012,95,-117.088073,46.77971682,GPHY12_WW_A1_95_3-E,WW,,100,0,0,,,,,,,,,,,,,,,,
2012,96,-117.087663,46.7797,GPHY12_WW_A1_96_4-E,WW,,100,10.5,1,8.2,9.3,77,22.4,,73.9,,,,,,,611.0503282,583.0721529,,
2012,97,-117.087245,46.779873,GPHY12_WW_A2_97_5-E,WW,,100,5.3,1,8.3,10.7,74.4,28.4,,75.8,,,,,,,422.8665208,403.5047218,,
2012,98,-117.086827,46.77985,GPHY12_WW_A3_98_6-E,WW,,100,10.5,1,8.1,9.6,77.2,23.9,,76.2,,,,,,,649.8905908,620.1340355,,
2012,99,-117.086409,46.779935,GPHY12_WW_A3_99_7-E,WW,,100,10.5,1,8.2,10.6,76.2,27.7,,77.4,,,,,,,560.1750547,534.5263067,,
2012,100,-117.085991,46.779905,GPHY12_WW_A4_100_8-E,WW,,100,10.5,1,8.4,10.9,75.3,29.3,,76.9,,,,,,,655.3610503,625.354019,840.809628,771.7446263
2012,101,-117.085573,46.77981,GPHY12_WW_A5_101_9-E,WW,Sample note: mice,100,21.1,1,8.2,9.9,76.1,25.3,,77.5,,,,,,,570.0218818,543.9222769,,
2012,102,-117.085155,46.779928,GPHY12_WW_A6_102_10-E,WW,,100,10.5,1,8.1,8.2,78.9,19.7,,75.9,,,,,,,632.9321663,603.9520868,,
2012,103,-117.084737,46.779776,GPHY12_SW_B1_103_11-E,SW,Sample note: mice,100,15.8,1,11.5,9.8,68.9,27.1,,78.5,,,,,,,552.5164114,527.011759,,
2012,104,-117.0843452,46.77988297,GPHY12_SW_B1_104_12-E,SW,,100,5.3,1,9.2,10.1,72.2,27.1,,77.4,,,,,,,442.0131291,421.6094072,,
2012,105,-117.083901,46.779818,GPHY12_SW_B2_105_13-E,SW,,100,0,1,,,,,,,,,,,,,188.1838074,179.4970743,,
2012,106,-117.083483,46.779881,GPHY12_SW_B3_106_14-E,SW,,100,5.3,1,9.3,11.4,70.6,31.3,,78.6,,,,,,,378.0087527,360.5595301,,
2012,107,-117.083065,46.779802,GPHY12_WW_B4_107_15-E,WW,TestWeight note: not enough sample ,100,10.5,1,8.8,8.4,77.5,20.3,,,,,,,,,150.4376368,143.5495453,,
2012,108,-117.082647,46.779871,GPHY12_SB_B5_108_16-E,SB,,100,0,1,9.3,9.3,68,,,73.5,,,,,,,554.7045952,532.1172186,,
2012,109,-117.0821935,46.77987977,GPHY12_SL_B6_109_17-E,GB,,100,0,1,,,,,,,,,,,,,257.6586433,233.2231074,,
2012,110,-117.0817533,46.77967045,GPHY12_SL_C1_110_18-E,GB,,100,0,1,,,,,,,,,,,,,244.5295405,221.3391274,,
2012,111,-117.081393,46.779849,GPHY12_SL_C1_111_19-E,GB,,100,0,1,,,,,,,,,,,,,150.9846827,136.6657699,,
2012,112,-117.080975,46.779851,GPHY12_SW_C2_112_20-E,SW,,100,5.3,1,9,10.1,73.2,27.7,,80.5,,,,,,,478.1181619,456.0477993,,
2012,113,-117.0805391,46.77969063,GPHY12_SW_C3_113_21-E,SW,,100,5.3,1,9,9.7,73.9,26.1,,80.5,,,,,,,394.4201313,376.2133448,,
2012,114,-117.080139,46.77997,GPHY12_SW_C3_114_22-E,SW,,100,5.3,1,9,9.5,74.3,25.2,,78.7,,,,,,,338.6214442,322.990375,,
2012,115,-117.0797031,46.77992463,GPHY12_SL_C4_115_23-E,GB,,100,0,1,,,,,,,,,,,,,159.7374179,144.5884232,,
2012,116,-117.079303,46.779905,GPHY12_SL_C4_116_24-E,GB,,100,0,1,,,,,,,,,,,,,195.2954048,176.7742024,,
2012,117,-117.078885,46.779826,GPHY12_SL_C5_117_25-E,GB,,100,0,1,,,,,,,,,,,,,268.0525164,242.6312582,,
2012,118,-117.078467,46.779838,GPHY12_SL_C6_118_26-E,GB,,100,0,1,,,,,,,,,,,,,235.2297593,212.9213082,,
2012,119,-117.0780192,46.77982663,GPHY12_SL_C7_119_27-E,GB,,100,0,1,,,,,,,,,,,,,240.1531729,217.3778007,,
2012,120,-117.077631,46.77978,GPHY12_SL_C7_120_28-E,GB,,100,0,1,,,,,,,,,,,,,225.9299781,204.503489,,
2012,121,-117.077213,46.779944,GPHY12_SL_C8_121_29-E,GB,,100,0,1,,,,,,,,,,,,,114.8796499,103.9848249,,
2012,122,-117.087699,46.779986,GPHY12_WW_A1_122_4-F,WW,,100,10.5,1,8.5,10.3,75.1,26.4,,74.7,,,,,,,693.654267,661.8939032,959.5185996,880.702716
2012,123,-117.087281,46.780159,GPHY12_WW_A1_123_5-F,WW,,100,10.5,1,8.2,10.9,75.1,28.1,,76,,,,,,,703.5010941,671.2898735,,
2012,124,-117.086863,46.780136,GPHY12_WW_A2_124_6-F,WW,,100,5.3,1,8.2,11.3,74.7,30.4,,75.5,,,,,,,562.3632385,536.6143001,,
2012,125,-117.086445,46.780221,GPHY12_WW_A3_125_7-F,WW,,100,10.5,1,8.5,10.4,75.5,27.2,,75.5,,,,,,,666.8490153,636.3159842,,
2012,126,-117.0860113,46.78018382,GPHY12_WW_A4_126_8-F,WW,,100,10.5,1,8,10.8,75.9,28.1,,75.7,,,,,,,557.4398249,531.916315,,
2012,127,-117.0855933,46.78008882,GPHY12_WW_A5_127_9-F,WW,,100,5.3,1,8.2,11.5,73.7,30.6,,77.6,,,,,,,690.3719912,658.7619131,,
2012,128,-117.085191,46.780214,GPHY12_WW_A5_128_10-F,WW,,100,0,1,,,,,,,,,,,,,607.7680525,579.9401628,,
2012,129,-117.084773,46.780062,GPHY12_WW_A6_129_11-F,WW,,100,10.5,1,8.1,9.6,77.3,23.9,,75.5,,,,,,,547.0459519,521.9983464,,
2012,130,-117.084355,46.780151,GPHY12_SW_B1_130_12-F,SW,,100,5.3,1,9.1,8.5,74.4,21.5,,76.8,,,,,,,242.8884026,231.6764564,371.9912473,349.99271
2012,131,-117.083937,46.780104,GPHY12_SW_B2_131_13-F,SW,,100,5.3,1,9.5,8.5,74.2,21.4,,79.7,,,,,,,467.1772429,445.6119229,,
2012,132,-117.083519,46.780167,GPHY12_SW_B2_132_14-F,SW,,100,5.3,1,9.4,9.3,74.1,24.1,,81,,,,,,,413.0196937,393.9543347,,
2012,133,-117.083101,46.780088,GPHY12_SW_B3_133_15-F,SW,,100,5.3,1,9.7,9.9,73.9,26.9,,82,,,,,,,565.0984683,539.0130168,,
2012,134,-117.082683,46.780157,GPHY12_WW_B4_134_16-F,WW,,100,10.5,1,8.6,9.5,76.7,23,,75.6,,,,,,,450.2188184,429.6046391,545.404814,500.6046795
2012,135,-117.082265,46.780194,GPHY12_SB_B5_135_17-F,SB,,100,0,1,9.3,10.2,67.2,,,73.4,,,,,,,530.0875274,508.5025492,,
2012,136,-117.081847,46.779996,GPHY12_SL_B6_136_18-F,GB,,100,0,1,,,,,,,,,,,,,252.7352298,228.7666149,,
2012,137,-117.0814529,46.78014727,GPHY12_SL_B6_137_19-F,GB,,100,0,1,,,,,,,,,,,,,241.2472648,218.3681324,237.9649891,212.7818982
2012,138,-117.081011,46.780137,GPHY12_SL_C1_138_20-F,GB,,100,0,1,,,,,,,,,,,,,271.8818381,246.097419,,
2012,139,-117.080593,46.779993,GPHY12_SW_C2_139_21-F,SW,Sample note: mice,100,15.8,1,11.4,10.7,67.8,29.5,,78.8,,,,,,,324.9452954,309.9455295,,
2012,140,-117.080175,46.780256,GPHY12_SW_C2_140_22-F,SW,,100,5.3,1,9,10.8,72.2,29.5,,78.4,,,,,,,314.5514223,300.0314469,,
2012,141,-117.079757,46.780227,GPHY12_SW_C3_141_23-F,SW,,100,5.3,1,8.6,11.5,71.4,31.1,,76.1,,,,,,,286.6520788,273.4199621,,
2012,142,-117.079339,46.780191,GPHY12_SL_C4_142_24-F,GB,,100,0,1,,,,,,,,,,,,,168.4901532,152.5110766,,
2012,143,-117.0789031,46.78010382,GPHY12_SL_C5_143_25-F,GB,,100,0,1,,,,,,,,,,,,,166.8490153,151.0255791,,
2012,144,-117.078503,46.780124,GPHY12_SL_C5_144_26-F,GB,,100,0,1,,,,,,,,,,,,,163.0196937,147.5594182,219.3654267,196.1506694
2012,145,-117.078085,46.780129,GPHY12_SL_C6_145_27-F,GB,,100,0,1,,,,,,,,,,,,,172.3194748,155.9772374,,
2012,146,-117.077667,46.780066,GPHY12_SL_C7_146_28-F,GB,,100,0,1,,,,,,,,,,,,,147.1553611,133.1996091,,
2012,147,-117.077249,46.78023,GPHY12_SL_C7_147_29-F,GB,,100,0,1,,,,,,,,,,,,,107.2210066,97.05250327,100.6564551,90.00429717
2012,148,-117.076831,46.780004,GPHY12_SL_C8_148_30-F,GB,,100,0,1,,,,,,,,,,,,,229.2122538,207.474484,,
2012,149,-117.087103,46.780422,GPHY12_WW_A1_149_6-G,WW,,100,5.3,1,8.4,13.1,71.2,35.7,,75.8,,,,,,,687.0897155,655.6299231,,
2012,150,-117.086685,46.780507,GPHY12_WW_A2_150_7-G,WW,Sample note: mice,100,15.8,1,10,9.9,73.6,26.2,,76.1,,,,,,,582.0568928,555.4062406,,
2012,151,-117.0862251,46.78045544,GPHY12_WW_A3_151_8-G,WW,,100,5.3,1,8.7,10.6,74.8,28,,75.9,,,,,,,559.0809628,533.48231,824.3982495,756.6812959
2012,152,-117.0858333,46.78037122,GPHY12_WW_A4_152_9-G,WW,,100,5.3,1,7.9,11,75,28.4,,77.3,,,,,,,675.6017505,644.6679578,,
2012,153,-117.085431,46.7805,GPHY12_WW_A4_153_10-G,WW,,100,5.3,1,8.9,11.3,73.9,30.3,,77,,,,,,,562.9102845,537.1362984,727.02407,667.3055357
2012,154,-117.085013,46.780348,GPHY12_WW_A5_154_11-G,WW,,100,0,1,,,,,,,,,,,,,572.2100656,546.0102703,,
2012,155,-117.084595,46.780437,GPHY12_WW_A6_155_12-G,WW,,100,10.5,1,8.2,7.8,77.9,18.7,,74.1,,,,,,,437.0897155,417.0766788,,
2012,156,-117.084177,46.78039,GPHY12_SW_B1_156_13-G,SW,,100,5.3,1,9.4,8.8,74.4,22.4,,79.8,,,,,,,513.1291028,489.4426039,,
2012,157,-117.083759,46.780453,GPHY12_SW_B1_157_14-G,SW,,100,0,1,,,,,,,,,,,,,298.1400438,284.3776323,,
2012,158,-117.083341,46.780374,GPHY12_SW_B2_158_15-G,SW,TestWeight note: not enough sample ,100,5.3,1,9.4,10.6,70.9,28.4,,,,,,,,,123.0853392,117.4036097,,
2012,159,-117.082923,46.780443,GPHY12_SW_B3_159_16-G,SW,,100,0,1,,,,,,,,,,,,,369.2560175,352.210829,,
2012,160,-117.082505,46.78048,GPHY12_WW_B4_160_17-G,WW,Sample note: mice,100,15.8,1,10.3,9.2,74.3,23.7,,75.6,,,,,,,455.6892779,434.8246225,,
2012,161,-117.082087,46.780282,GPHY12_SB_B5_161_18-G,SB,,100,0,1,9.5,9.7,65.9,,,72.7,,,,,,,621.9912473,596.6639818,642.2319475,608.4981518
2012,162,-117.0816451,46.78040873,GPHY12_SL_B6_162_19-G,GB,,100,0,1,,,,,,,,,,,,,248.9059081,225.300454,,
2012,163,-117.081251,46.780423,GPHY12_SL_B6_163_20-G,GB,,100,0,1,,,,,,,,,,,,,216.083151,195.590504,,
2012,164,-117.080833,46.780279,GPHY12_SL_C1_164_21-G,GB,,100,0,1,,,,,,,,,,,,,227.02407,205.4938207,206.7833698,184.9001322
2012,165,-117.080415,46.780542,GPHY12_SL_C1_165_22-G,GB,,100,0,1,,,,,,,,,,,,,193.654267,175.2887049,,
2012,166,-117.079997,46.780513,GPHY12_SW_C2_166_23-G,SW,,100,5.3,1,9.1,10.3,73.5,28.5,,81.3,,,,,,,410.8315098,391.8671594,,
2012,167,-117.079579,46.780477,GPHY12_SW_C3_167_24-G,SW,,100,5.3,1,8.8,10.3,73,27.8,,78.3,,,,,,,336.9803063,321.4249936,,
2012,168,-117.079161,46.780398,GPHY12_SL_C4_168_25-G,GB,,100,0,1,,,,,,,,,,,,,137.3085339,124.2866241,160.2844639,143.3220602
2012,169,-117.078743,46.78041,GPHY12_SL_C4_169_26-G,GB,,100,0,1,,,,,,,,,,,,,141.1378556,127.7527849,,
2012,170,-117.078325,46.780415,GPHY12_SL_C5_170_27-G,GB,,100,0,1,,,,,,,,,,,,,155.3610503,140.6270966,,
2012,171,-117.077907,46.780352,GPHY12_SL_C6_171_28-G,GB,,100,0,1,,,,,,,,,,,,,137.8555799,124.7817899,,
2012,172,-117.077489,46.780516,GPHY12_SL_C6_172_29-G,GB,,100,0,1,,,,,,,,,,,,,132.3851204,119.8301316,,
2012,173,-117.077071,46.78029,GPHY12_SL_C7_173_30-G,GB,,100,0,1,,,,,,,,,,,,,174.5076586,157.9579007,,
2012,174,-117.076653,46.780414,GPHY12_SL_C8_174_31-G,GB,,100,0,1,,,,,,,,,,,,,282.2757112,255.5055698,,
2012,175,-117.086879,46.780708,GPHY12_WW_A1_175_6-H,WW,Sample note: mice,100,21.1,1,8.6,10.4,75.2,27.6,,76.7,,,,,,,666.3019694,635.7939859,,
2012,176,-117.0864768,46.78080097,GPHY12_WW_A1_176_7-H,WW,Sample note: mice,100,15.8,1,10,11.6,72,31,,74.4,,,,,,,602.297593,574.7201794,,
2012,177,-117.086043,46.780763,GPHY12_WW_A2_177_8-H,WW,,100,10.5,1,8.3,9.6,76.9,23.7,,75.3,,,,,,,482.4945295,460.4025415,,
2012,178,-117.085625,46.780668,GPHY12_WW_A3_178_9-H,WW,,100,5.3,1,8.7,12.1,72.9,32.8,,77.5,,,,,,,831.5098468,793.4374865,,
2012,179,-117.085207,46.780786,GPHY12_WW_A4_179_10-H,WW,Sample note: mice,100,15.8,1,9.2,11.4,73.2,30.4,,77.4,,,,,,,681.619256,650.4099396,,
2012,180,-117.084789,46.780634,GPHY12_WW_A5_180_11-H,WW,,100,10.5,1,8.3,8.6,77.8,20.6,,73.8,,,,,,,396.6083151,378.4488011,520.2407002,477.5075729
2012,181,-117.084371,46.780723,GPHY12_WW_A6_181_12-H,WW,,100,10.5,1,7.9,8.9,78.7,21.5,,77,,,,,,,610.5032823,582.5501546,,
2012,182,-117.0839212,46.78065692,GPHY12_SW_B1_182_13-H,SW,,100,5.3,1,8.6,10.8,72,28.5,,76.8,,,,,,,300.3282276,286.4648076,484.6827133,456.0199133
2012,183,-117.083535,46.780739,GPHY12_SW_B1_183_14-H,SW,,100,5.3,1,9.2,10.1,72.7,26.8,,79.2,,,,,,,516.4113786,492.5733668,,
2012,184,-117.083117,46.78066,GPHY12_SW_B2_184_15-H,SW,,100,5.3,1,9.2,9.6,73.4,25,,80.6,,,,,,,573.3041575,546.8399241,688.1838074,647.4865134
2012,185,-117.082699,46.780729,GPHY12_SW_B3_185_16-H,SW,,100,5.3,1,9.1,10.3,72.6,27.1,,78.9,,,,,,,518.0525164,494.1387482,805.2516411,757.6312781
2012,186,-117.082281,46.780766,GPHY12_WW_B4_186_17-H,WW,,100,10.5,1,8.4,8.7,77.4,20.8,,76.5,,,,,,,578.2275711,551.7522521,,
2012,187,-117.081863,46.780568,GPHY12_SB_B5_187_18-H,SB,,100,0,1,9.1,10.8,66.6,,,71,,,,,,,301.9693654,289.6732788,,
2012,188,-117.081445,46.780707,GPHY12_SB_B5_188_19-H,SB,,100,0,1,,,,,,,,,,,,,449.1247265,430.8365251,,
2012,189,-117.081027,46.780709,GPHY12_SL_B6_189_20-H,GB,,100,0,1,,,,,,,,,,,,,195.8424508,177.2693682,,
2012,190,-117.080609,46.780565,GPHY12_SL_C1_190_21-H,GB,,100,0,1,,,,,,,,,,,,,,,,
2012,191,-117.080191,46.780828,GPHY12_SL_C1_191_22-H,GB,,100,0,1,,,,,,,,,,,,,204.04814,184.6968557,,
2012,192,-117.079773,46.780799,GPHY12_SW_C2_192_23-H,SW,,100,5.3,1,9.3,10.4,72.8,29,,81.8,,,,,,,483.5886214,461.2657375,,
2012,193,-117.079355,46.780763,GPHY12_SW_C3_193_24-H,SW,,100,5.3,1,9.2,9.5,73.9,25.7,,82,,,,,,,414.1137856,394.9979223,,
2012,194,-117.0789131,46.78066353,GPHY12_SL_C4_194_25-H,GB,,100,0,1,,,,,,,,,,,,,160.8315098,145.5787549,190.3719912,170.2255186
2012,195,-117.078519,46.780696,GPHY12_SL_C4_195_26-H,GB,,100,0,1,,,,,,,,,,,,,215.536105,195.0953382,,
2012,196,-117.078101,46.780701,GPHY12_SL_C5_196_27-H,GB,,100,0,1,,,,,,,,,,,,,255.4704595,231.242444,,
2012,197,-117.077683,46.780638,GPHY12_SL_C6_197_28-H,GB,,100,0,1,,,,,,,,,,,,,120.3501094,108.9364833,,
2012,198,-117.077265,46.780802,GPHY12_SL_C6_198_29-H,GB,,100,0,1,,,,,,,,,,,,,160.2844639,145.0835891,,
2012,199,-117.076847,46.780576,GPHY12_SL_C7_199_30-H,GB,,100,0,1,,,,,,,,,,,,,241.2472648,218.3681324,,
2012,200,-117.0866262,46.7810531,GPHY12_WW_A1_200_7-I,WW,,100,0,0,,,,,,,,,,,,,,,,
2012,201,-117.086242,46.781049,GPHY12_WW_A1_201_8-I,WW,Sample note: mice,100,15.8,1,9.3,9.3,74.3,24.1,,74.4,,,,,,,438.1838074,418.1206755,,
2012,202,-117.085824,46.780954,GPHY12_WW_A2_202_9-I,WW,Sample note: mice,100,15.8,1,9.8,11.8,73,31.1,,77.2,,,,,,,590.809628,563.7582141,,
2012,203,-117.085406,46.781072,GPHY12_WW_A3_203_10-I,WW,,100,0,1,,,,,,,,,,,,,465.536105,444.2205928,,
2012,204,-117.084988,46.78092,GPHY12_WW_A4_204_11-I,WW,,100,0,1,,,,,,,,,,,,,,,,
2012,205,-117.08457,46.781009,GPHY12_WW_A5_205_12-I,WW,,100,10.5,1,8,9,78.4,21.8,,76.6,,,,,,,481.4004376,459.3585448,,
2012,206,-117.084152,46.780962,GPHY12_WW_A6_206_13-I,WW,,100,10.5,1,7.7,9.2,78.5,22.2,,77.1,,,,,,,497.2647702,474.4964969,,
2012,207,-117.083755,46.78103938,GPHY12_WW_A6_207_14-I,WW,,100,10.5,1,7.9,10.5,77,27.5,,76.6,,,,,,,612.6914661,584.638148,,
2012,208,-117.083316,46.780946,GPHY12_SW_B1_208_15-I,SW,,100,5.3,1,9.1,10.9,72.1,29.8,,79.6,,,,,,,391.6849015,373.6043757,,
2012,209,-117.082898,46.781015,GPHY12_SW_B2_209_16-I,SW,,100,5.3,1,8.9,9.8,74.2,25.7,,78.6,,,,,,,343.5448578,327.6865194,,
2012,210,-117.08248,46.781052,GPHY12_SW_B3_210_17-I,SW,,100,5.3,1,9.4,10.1,72.8,27.4,,82,,,,,,,558.5339168,532.751491,,
2012,211,-117.082062,46.780854,GPHY12_WW_B4_211_18-I,WW,,100,5.3,1,8.2,12,74.6,32.3,,79.3,,,,,,,599.5623632,572.1101876,,
2012,212,-117.081644,46.780993,GPHY12_WW_B4_212_19-I,WW,,100,10.5,1,8.6,11.3,75.8,30.5,,80.2,,,,,,,360.5032823,343.9969103,,
2012,213,-117.081226,46.780995,GPHY12_SB_B5_213_20-I,SB,,100,0,0,,,,,,,,,,,,,,,,
2012,214,-117.080808,46.780851,GPHY12_SL_B6_214_21-I,GB,,100,0,1,,,,,,,,,,,,,291.0284464,263.4282232,,
2012,215,-117.0804377,46.78111806,GPHY12_SL_B6_215_22-I,GB,,100,0,1,,,,,,,,,,,,,229.2122538,207.474484,,
2012,216,-117.079972,46.781085,GPHY12_SL_C1_216_23-I,GB,,100,0,1,,,,,,,,,,,,,247.2647702,223.8149565,,
2012,217,-117.079554,46.781049,GPHY12_SW_C2_217_24-I,SW,Sample note: mice,100,15.8,1,11,10.5,68.8,29.2,,81.8,,,,,,,456.7833698,435.6978403,,
2012,218,-117.079136,46.78097,GPHY12_SW_C3_218_25-I,SW,,100,5.3,1,9.4,10.4,72.4,28.9,,82.8,,,,,,,617.6148796,589.1052236,,
2012,219,-117.078718,46.780982,GPHY12_SW_C3_219_26-I,SW,,100,10.5,1,9.5,8.3,75.4,21.4,,81.8,,,,,,,549.7811816,524.4027898,,
2012,220,-117.0783,46.780987,GPHY12_SL_C4_220_27-I,GB,,100,0,1,,,,,,,,,,,,,199.1247265,180.2403632,,
2012,221,-117.077882,46.780924,GPHY12_SL_C5_221_28-I,GB,,100,0,1,,,,,,,,,,,,,264.2231947,239.1650974,,
2012,222,-117.077464,46.781088,GPHY12_SL_C5_222_29-I,GB,,100,0,1,,,,,,,,,,,,,237.9649891,215.3971374,232.4945295,207.8903603
2012,223,-117.077046,46.780862,GPHY12_SL_C6_223_30-I,GB,,100,0,1,,,,,,,,,,,,,190.9190372,172.8128757,182.166302,162.8882117
2012,224,-117.076628,46.780986,GPHY12_SL_C7_224_31-I,GB,,100,0,1,,,,,,,,,,,,,233.5886214,211.4358107,,
2012,225,-117.086295,46.781365,GPHY12_WW_A1_225_7-J,WW,,100,0,0,,,,,,,,,,,,,,,,
2012,226,-117.0858613,46.78132062,GPHY12_WW_A2_226_8-J,WW,,100,0,1,,,,,,,,,,,,,,,,
2012,227,-117.0854328,46.78122203,GPHY12_WW_A3_227_9-J,WW,Sample note: mice,100,15.8,1,8.5,11.3,73.5,30.4,,74.9,,,,,,,651.5317287,621.7000305,,
2012,228,-117.085041,46.781358,GPHY12_WW_A3_228_10-J,WW,,100,0,1,,,,,,,,,,,,,,,,
2012,229,-117.084623,46.781206,GPHY12_WW_A4_229_11-J,WW,,100,10.5,1,8.1,10.1,76.4,25.6,,77.8,,,,,,,624.1794311,595.6001132,,
2012,230,-117.084205,46.781295,GPHY12_WW_A5_230_12-J,WW,,100,10.5,1,8.9,10,75.6,26.3,,77.5,,,,,,,553.6105033,528.2623265,,
2012,231,-117.083787,46.781248,GPHY12_WW_A6_231_13-J,WW,Sample note: Mice,100,21.1,1,8.6,8.9,76.5,22.1,,77.4,,,,,,,587.5273523,560.626224,,
2012,232,-117.0832823,46.78127044,GPHY12_SW_B1_232_14-J,SW,,100,5.3,1,9,10.1,72.5,26.8,,78.9,,,,,,,528.4463895,504.0528308,,
2012,233,-117.082951,46.781232,GPHY12_SW_B1_233_15-J,SW,,100,5.3,1,9,10.7,73,29,,81.8,,,,,,,411.3785558,392.3889532,487.4179431,458.5933891
2012,234,-117.082533,46.781301,GPHY12_SW_B2_234_16-J,SW,,100,5.3,1,9.2,8.8,74,22.6,,80.1,,,,,,,565.0984683,539.0130168,,
2012,235,-117.082115,46.781338,GPHY12_SW_B3_235_17-J,SW,,100,5.3,1,8.8,13.3,68.6,35.9,,77.3,,,,,,,453.5010941,432.5670774,,
2012,236,-117.081697,46.78114,GPHY12_WW_B4_236_18-J,WW,,100,10.5,1,7.9,9.4,77.8,22.4,,77.4,,,,,,,547.0459519,521.9983464,,
2012,237,-117.0812437,46.78126348,GPHY12_SB_B5_237_19-J,SB,,100,0,1,8.3,10.5,66.9,,,71.8,,,,,,,363.238512,348.4475672,,
2012,238,-117.080861,46.781281,GPHY12_SB_B5_238_20-J,SB,,100,0,1,9.3,10.9,67.1,,,74.1,,,,,,,611.0503282,586.1685732,,
2012,239,-117.080455,46.78115338,GPHY12_SL_B6_239_21-J,GB,,100,0,1,,,,,,,,,,,,,223.1947484,202.0276599,227.02407,202.9988224
2012,240,-117.0801105,46.78144636,GPHY12_SL_B6_240_22-J,GB,,100,0,1,,,,,,,,,,,,,145.5142232,131.7141116,,
2012,241,-117.079607,46.781371,GPHY12_SL_C1_241_23-J,GB,,100,0,1,,,,,,,,,,,,,213.3479212,193.1146749,,
2012,242,-117.079189,46.781335,GPHY12_SW_C2_242_24-J,SW,,100,5.3,1,9.5,9.2,74.2,24.3,,82.6,,,,,,,526.2582057,501.9656556,,
2012,243,-117.078771,46.781256,GPHY12_SW_C3_243_25-J,SW,,100,5.3,1,10,10.1,72.3,27.9,,82.3,,,,,,,634.0262582,604.7590382,,
2012,244,-117.0783888,46.78129255,GPHY12_SW_C3_244_26-J,SW,,100,5.3,1,9.4,8.9,74.3,23.2,,82.9,,,,,,,574.3982495,547.8835118,922.3194748,867.7760427
2012,245,-117.077935,46.781273,GPHY12_SL_C4_245_27-J,GB,,100,0,1,,,,,,,,,,,,,200.7658643,181.7258607,,
2012,246,-117.077517,46.78121,GPHY12_SL_C5_246_28-J,GB,,100,0,1,,,,,,,,,,,,,,,,
2012,247,-117.077099,46.781374,GPHY12_SL_C5_247_29-J,GB,,100,0,1,,,,,,,,,,,,,176.1487965,159.4433982,,
2012,248,-117.0766989,46.78116437,GPHY12_SL_C6_248_30-J,GB,,100,0,1,,,,,,,,,,,,,364.8796499,330.2756106,,
2012,249,-117.085864,46.781526,GPHY12_WW_A1_249_9-K,WW,Sample note: mice,100,15.8,1,8.3,10.8,74.8,28.5,,76.3,,,,,,,670.131291,639.4479743,,
2012,250,-117.085446,46.781644,GPHY12_WW_A2_250_10-K,WW,,100,10.5,1,8.3,10.2,76.3,26.1,,75.4,,,,,,,623.0853392,594.5561165,,
2012,251,-117.085028,46.781492,GPHY12_WW_A3_251_11-K,WW,Sample note: mice,100,15.8,1,8.6,12.3,72,33.3,,75.2,,,,,,,490.1531729,467.7105184,,
2012,252,-117.0845785,46.78155584,GPHY12_WW_A4_252_12-K,WW,,100,10.5,1,8.1,10.2,75.7,25.7,,75.4,,,,,,,514.2231947,490.6784456,,
2012,253,-117.084192,46.781534,GPHY12_WW_A4_253_13-K,WW,,100,0,1,,,,,,,,,,,,,446.3894967,425.9506507,,
2012,254,-117.083774,46.781597,GPHY12_WW_A5_254_14-K,WW,,100,10.5,1,8.3,10.4,76.1,26.6,,77.8,,,,,,,650.4376368,620.6560339,,
2012,255,-117.083356,46.781518,GPHY12_WW_A6_255_15-K,WW,Sample note: Mice,100,21.1,1,8.2,9.9,76.3,25.7,,77.9,,,,,,,623.0853392,594.5561165,,
2012,256,-117.082938,46.781587,GPHY12_SW_B1_256_16-K,SW,,100,5.3,1,8.8,12,70.7,32.3,,77.7,,,,,,,384.0262582,366.2992622,,
2012,257,-117.08252,46.781624,GPHY12_SW_B1_257_17-K,SW,,100,5.3,1,9.2,9.9,74,27.1,,81.3,,,,,,,395.5142232,377.2569324,,
2012,258,-117.082102,46.781426,GPHY12_SW_B3_258_18-K,SW,,100,5.3,1,9,10.8,72.3,29.1,,79.3,,,,,,,430.5251641,410.6517369,,
2012,259,-117.081684,46.781565,GPHY12_SW_B3_259_19-K,SW,,100,5.3,1,9.2,9.3,73.9,24.6,,79.4,,,,,,,371.9912473,354.8197981,,
2012,260,-117.081266,46.781567,GPHY12_WW_B4_260_20-K,WW,,100,10.5,1,8.2,9.7,76.7,24.3,,75.8,,,,,,,650.4376368,620.6560339,804.1575492,738.1031884
2012,261,-117.080848,46.781423,GPHY12_SB_B5_261_21-K,SB,,100,0,1,9.2,10.1,66.7,,,73.1,,,,,,,507.6586433,486.9869614,468.2713348,443.6749727
2012,262,-117.08043,46.781686,GPHY12_SB_B5_262_22-K,SB,,100,0,1,9.3,10.7,67.2,,,73.8,,,,,,,463.3479212,444.4805564,,
2012,263,-117.080012,46.781657,GPHY12_SL_B6_263_23-K,GB,,100,0,1,,,,,,,,,,,,,229.2122538,207.474484,,
2012,264,-117.079594,46.781621,GPHY12_SL_C1_264_24-K,GB,,100,0,1,,,,,,,,,,,,,250.547046,226.7859515,221.5536105,198.1072845
2012,265,-117.0791581,46.78153382,GPHY12_SW_C2_265_25-K,SW,,100,5.3,1,9.4,10.1,73.5,28,,82.5,,,,,,,552.5164114,527.011759,,
2012,266,-117.078758,46.781554,GPHY12_SW_C2_266_26-K,SW,,100,5.3,1,9.2,9.8,73.7,26.8,,82.8,,,,,,,455.6892779,434.6542527,,
2012,267,-117.07834,46.781559,GPHY12_SW_C3_267_27-K,SW,,100,5.3,1,9.7,10.5,71.6,29.1,,81.8,,,,,,,546.4989059,521.2720269,,
2012,268,-117.077922,46.781496,GPHY12_SL_C4_268_28-K,GB,,100,0,1,,,,,,,,,,,,,222.1006565,201.0373282,,
2012,269,-117.077504,46.78166,GPHY12_SL_C4_269_29-K,GB,,100,0,1,,,,,,,,,,,,,243.9824945,220.8439615,,
2012,270,-117.077086,46.781434,GPHY12_SL_C5_270_30-K,GB,,100,0,1,,,,,,,,,,,,,276.8052516,250.5539115,,
2012,271,-117.076668,46.781558,GPHY12_SL_C6_271_31-K,GB,,100,0,1,,,,,,,,,,,,,204.595186,185.1920216,,
2012,272,-117.08559,46.781812,GPHY12_WW_A1_272_9-L,WW,Sample note: mice,100,21.1,1,8.6,9.9,76,25.9,,77.7,,,,,,,602.297593,574.7201794,,
2012,273,-117.085172,46.78193,GPHY12_WW_A2_273_10-L,WW,,100,0,1,,,,,,,,,,,,,,,,
2012,274,-117.084754,46.781778,GPHY12_WW_A3_274_11-L,WW,Sample note: mice,100,15.8,1,10.5,11,72.6,29.2,,76.4,,,,,,,665.2078775,634.7499892,,
2012,275,-117.084357,46.78187778,GPHY12_WW_A3_275_12-L,WW,,100,5.3,1,8.7,11.8,73.6,31.4,,77.5,,,,,,,678.8840263,647.7999479,,
2012,276,-117.083918,46.78182,GPHY12_WW_A4_276_13-L,WW,,100,10.5,1,7.8,10.8,76.6,27.9,,76.5,,,,,,,711.7067834,679.1198487,,
2012,277,-117.0835,46.781883,GPHY12_WW_A5_277_14-L,WW,,100,0,1,,,,,,,,,,,,,518.5995624,494.8544324,,
2012,278,-117.083082,46.781804,GPHY12_WW_A6_278_15-L,WW,Sample note: Mice,100,21.1,1,8.8,9.8,75.9,25.8,,76.9,,,,,,,569.4748359,543.4002786,,
2012,279,-117.0826501,46.78185937,GPHY12_SW_B1_279_16-L,SW,,100,5.3,1,9.2,10,73.2,27.1,,80.4,,,,,,,482.4945295,460.2221499,,
2012,280,-117.082246,46.78191,GPHY12_SW_B1_280_17-L,SW,,100,5.3,1,9,9.3,74.9,24.3,,81.4,,,,,,,429.4310722,409.6081493,496.1706783,466.8285117
2012,281,-117.0818123,46.78170481,GPHY12_SW_B3_281_18-L,SW,,100,5.3,1,9.1,10.6,71.8,28.7,,79.2,,,,,,,336.4332604,320.9031998,,
2012,282,-117.08141,46.781851,GPHY12_SW_B3_282_19-L,SW,,100,5.3,1,9.4,9.6,73,26,,81.7,,,,,,,462.8008753,441.4375723,,
2012,283,-117.080992,46.781853,GPHY12_WW_B4_283_20-L,WW,,100,10.5,1,8.3,9.8,76.9,25,,76.4,,,,,,,569.4748359,543.4002786,,
2012,284,-117.080574,46.781709,GPHY12_SB_B5_284_21-L,SB,,100,0,1,9.2,10.3,66.5,,,72.4,,,,,,,412.4726477,395.6769062,,
2012,285,-117.080156,46.781972,GPHY12_SB_B5_285_22-L,SB,,100,0,1,,,,,,,,,,,,,544.3107221,522.1465804,,
2012,286,-117.079738,46.781943,GPHY12_SL_B6_286_23-L,GB,,100,0,1,,,,,,,,,,,,,287.7461707,260.4572282,,
2012,287,-117.07932,46.781907,GPHY12_SL_C1_287_24-L,GB,,100,0,1,,,,,,,,,,,,,288.2932166,260.952394,,
2012,288,-117.0788662,46.78180208,GPHY12_SW_C2_288_25-L,SW,,100,5.3,1,9.5,9.6,74,26.3,,82.6,,,,,,,489.6061269,467.0054696,,
2012,289,-117.078484,46.78184,GPHY12_SW_C2_289_26-L,SW,,100,5.3,1,9.8,10.3,72.3,28.5,,83.3,,,,,,,605.5798687,577.6257596,,
2012,290,-117.078066,46.781845,GPHY12_SW_C3_290_27-L,SW,,100,5.3,1,9.4,9.1,73.8,24.3,,81.7,,,,,,,472.6477024,450.8298611,,
2012,291,-117.077648,46.781782,GPHY12_SL_C4_291_28-L,GB,,100,0,1,,,,,,,,,,,,,136.214442,123.2962924,,
2012,292,-117.07723,46.781946,GPHY12_SL_C4_292_29-L,GB,,100,0,1,,,,,,,,,,,,,178.3369803,161.4240616,,
2012,293,-117.076812,46.78172,GPHY12_SL_C5_293_30-L,GB,,100,0,1,,,,,,,,,,,,,172.3194748,155.9772374,,
2012,297,-117.085536,46.782098,GPHY12_WW_A1_297_9-M,WW,,100,0,0,,,,,,,,,,,,,,,,
2012,298,-117.085118,46.782216,GPHY12_WW_A1_298_10-M,WW,,100,0,1,,,,,,,,,,,,,,,,
2012,299,-117.0847,46.782064,GPHY12_WW_A2_299_11-M,WW,,100,0,1,,,,,,,,,,,,,,,,
2012,300,-117.084282,46.782153,GPHY12_WW_A3_300_12-M,WW,,100,5.3,1,8.1,11,75,28.6,,76.5,,,,,,,606.6739606,578.8961661,,
2012,301,-117.083864,46.782106,GPHY12_WW_A4_301_13-M,WW,,100,5.3,1,8.4,10.8,74.7,28.6,,75.7,,,,,,,545.404814,520.4323513,806.345733,740.1116325
2012,302,-117.0834303,46.78215462,GPHY12_WW_A5_302_14-M,WW,,100,10.5,1,8.4,10.5,75.7,27.9,,78,,,,,,,621.9912473,593.5121198,,
2012,303,-117.0830123,46.78207922,GPHY12_WW_A6_303_15-M,WW,,100,10.5,1,7.8,9.9,76.8,24.1,,76.7,,,,,,,475.3829322,453.616563,,
2012,304,-117.08261,46.782159,GPHY12_WW_A6_304_16-M,WW,,100,10.5,1,8.3,9.9,76.7,24.9,,76,,,,,,,692.5601751,660.8499065,,
2012,305,-117.082192,46.782196,GPHY12_SW_B1_305_17-M,SW,,100,5.3,1,9.2,8.9,74.6,22.9,,80.6,,,,,,,460.0656455,438.8286032,,
2012,306,-117.081774,46.781998,GPHY12_SW_B2_306_18-M,SW,,100,5.3,1,9.2,10.8,72.1,29.7,,80.6,,,,,,,416.8490153,397.6068914,,
2012,307,-117.081356,46.782137,GPHY12_SW_B3_307_19-M,SW,,100,5.3,1,9,11.1,72,30.3,,80.2,,,,,,,433.2603939,413.260706,564.5514223,531.1654069
2012,308,-117.080938,46.782139,GPHY12_SW_B3_308_20-M,SW,,100,5.3,1,9.3,8.8,74.3,23,,81.1,,,,,,,464.9890591,443.5247476,,
2012,309,-117.080499,46.78197702,GPHY12_SB_B5_309_21-M,SB,,100,0,1,9.4,9.9,66.6,,,72.9,,,,,,,409.7374179,393.053054,386.214442,365.9281901
2012,310,-117.080102,46.782258,GPHY12_SB_B5_310_22-M,SB,,100,0,1,9.3,9.5,68.2,,,74.8,,,,,,,538.8402626,516.8988761,,
2012,311,-117.079684,46.782229,GPHY12_SL_B6_311_23-M,GB,,100,0,1,,,,,,,,,,,,,239.059081,216.387469,,
2012,312,-117.0793018,46.78221346,GPHY12_SL_B6_312_24-M,GB,,100,0,1,,,,,,,,,,,,,296.4989059,268.3798815,304.7045952,272.4586604
2012,313,-117.078848,46.782114,GPHY12_SL_C1_313_25-M,GB,,100,0,1,,,,,,,,,,,,,334.7921225,303.0414898,,
2012,314,-117.07843,46.782126,GPHY12_SW_C2_314_26-M,SW,,100,5.3,1,8.5,9.6,74.4,24.6,,79.4,,,,,,,421.7724289,402.3030358,,
2012,315,-117.0780418,46.78214737,GPHY12_SW_C2_315_27-M,SW,,100,5.3,1,10.9,10.4,70.9,28.3,,80.2,,,,,,,735.7768053,701.8126889,,
2012,316,-117.077594,46.782068,GPHY12_SW_C3_316_28-M,SW,,100,5.3,1,10.2,10,70.7,27.3,,80.2,,,,,,,500.547046,477.441346,,
2012,323,-117.0851352,46.78249247,GPHY12_WW_A1_323_10-N,WW,,100,0,0,,,,,,,,,,,,,,,,
2012,324,-117.084751,46.78235,GPHY12_WW_A2_324_11-N,WW,,100,0,1,,,,,,,,,,,,,,,,
2012,325,-117.084333,46.782439,GPHY12_WW_A2_325_12-N,WW,,100,0,1,,,,,,,,,,,,,,,,
2012,326,-117.083915,46.782392,GPHY12_WW_A3_326_13-N,WW,,100,5.3,1,8.4,11.1,74.4,29.7,,76.3,,,,,,,613.238512,585.1601463,,
2012,327,-117.083497,46.782455,GPHY12_WW_A4_327_14-N,WW,,100,5.3,1,8.7,11.2,73.6,30.4,,76.3,,,,,,,620.8971554,592.4681232,,
2012,328,-117.083079,46.782376,GPHY12_WW_A5_328_15-N,WW,,100,10.5,1,8.2,11.1,75.3,29.6,,77.7,,,,,,,531.7286652,507.3823927,678.8840263,623.1197666
2012,329,-117.0826453,46.78243781,GPHY12_WW_A6_329_16-N,WW,,100,10.5,1,8.2,9.3,77.7,22.7,,76.8,,,,,,,679.9781182,648.8439446,,
2012,330,-117.082243,46.782482,GPHY12_WW_A6_330_17-N,WW,,100,10.5,1,8.3,9.6,77.1,24.3,,75.7,,,,,,,607.7680525,579.9401628,,
2012,331,-117.081825,46.782284,GPHY12_SW_B1_331_18-N,SW,,100,0,1,,,,,,,,,,,,,460.0656455,438.8286032,,
2012,332,-117.081407,46.782423,GPHY12_SW_B2_332_19-N,SW,,100,5.3,1,9.4,8.6,74.3,22,,81,,,,,,,493.4354486,470.6580263,,
2012,333,-117.080989,46.782425,GPHY12_SW_B3_333_20-N,SW,,100,5.3,1,9.1,10.5,72.7,28.6,,81.9,,,,,,,420.678337,401.2594482,540.4814004,508.5188198
2012,334,-117.080571,46.782281,GPHY12_WW_B4_334_21-N,WW,,100,10.5,1,8,10.1,77.4,26.2,,78,,,,,,,542.6695842,517.8223596,,
2012,335,-117.080153,46.782544,GPHY12_WW_B4_335_22-N,WW,,100,10.5,1,8.3,10.3,75.7,26.5,,76.8,,,,,,,568.9277899,542.8782802,,
2012,336,-117.079735,46.782515,GPHY12_SB_B5_336_23-N,SB,,100,0,1,9.3,9.5,68.6,,,74.1,,,,,,,481.9474836,462.3227511,,
2012,337,-117.079317,46.782479,GPHY12_SL_B6_337_24-N,GB,,100,0,1,,,,,,,,,,,,,100.1094092,90.61534744,,
2012,338,-117.0788911,46.78239455,GPHY12_SL_C1_338_25-N,GB,,100,0,1,,,,,,,,,,,,,277.8993435,251.5442432,,
2012,348,-117.084617,46.782636,GPHY12_WW_A1_348_11-O,WW,Sample note: mice,100,15.8,1,8.8,10.1,74.1,26.2,,77.2,,,,,,,641.6849015,612.3040603,,
2012,349,-117.084199,46.782725,GPHY12_WW_A2_349_12-O,WW,,100,5.3,1,8.2,13.4,70.7,36.8,,78.1,,,,,,,514.2231947,490.6784456,,
2012,350,-117.083781,46.782678,GPHY12_WW_A3_350_13-O,WW,,100,5.3,1,8.6,12,72.5,32.2,,74.6,,,,,,,549.7811816,524.6083381,1025.71116,941.4581485
2012,351,-117.083363,46.782741,GPHY12_WW_A4_351_14-O,WW,Sample note: mice,100,21.1,1,8.1,10.7,75.7,28.1,,77.3,,,,,,,684.9015317,653.5419297,,
2012,352,-117.0829188,46.78264763,GPHY12_WW_A5_352_15-O,WW,,100,10.5,1,8.2,10.4,75.9,26.6,,77,,,,,,,649.3435449,619.6120372,,
2012,353,-117.082527,46.782731,GPHY12_WW_A5_353_16-O,WW,,100,10.5,1,8.5,11,75.4,29.4,,78.6,,,,,,,625.8205689,597.1661083,,
2012,354,-117.082109,46.782768,GPHY12_WW_A6_354_17-O,WW,,100,5.3,1,8,10.4,75,26.9,,78.6,,,,,,,618.7089716,590.3801298,,
2012,355,-117.081691,46.78257,GPHY12_SW_B1_355_18-O,SW,,100,0,1,,,,,,,,,,,,,568.9277899,542.6655736,,
2012,356,-117.081273,46.782709,GPHY12_SW_B2_356_19-O,SW,,100,10.5,1,9.2,9,75.1,23.2,,82,,,,,,,495.0765864,472.2234078,536.6520788,504.9159537
2012,357,-117.080855,46.782711,GPHY12_SW_B2_357_20-O,SW,,100,5.3,1,9.5,10,72.5,27.3,,81.7,,,,,,,419.0371991,399.6940667,,
2012,358,-117.0804141,46.78255608,GPHY12_WW_B4_358_21-O,WW,,100,0,1,,,,,,,,,,,,,565.0984683,539.2242918,,
2012,359,-117.080019,46.78283,GPHY12_WW_B4_359_22-O,WW,Sample note: mice,100,21.1,1,9,9.4,75.4,24.5,,77.7,,,,,,,534.463895,509.9923844,,
2012,360,-117.079601,46.782801,GPHY12_SB_B5_360_23-O,SB,,100,0,1,9.2,9.2,67.8,,,72.5,,,,,,,384.0262582,368.3888437,,
2012,371,-117.0842298,46.78296597,GPHY12_WW_A1_371_12-P,WW,,100,0,1,7.7,13.3,70.4,,,,,,,,,,539.3873085,514.6903695,,
2012,372,-117.083798,46.782964,GPHY12_WW_A2_372_13-P,WW,,100,5.3,1,7.8,11.4,73.8,29.6,,73.8,,,,,,,516.9584245,493.2884373,,
2012,373,-117.08338,46.783027,GPHY12_WW_A3_373_14-P,WW,,100,10.5,1,8.4,10.5,75.8,27.7,,76.3,,,,,,,579.321663,552.7962488,,
2012,374,-117.082962,46.782948,GPHY12_WW_A4_374_15-P,WW,,100,5.3,1,8.4,11.9,73.3,32.1,,76,,,,,,,630.7439825,601.8640934,,
2012,375,-117.0825283,46.78300622,GPHY12_WW_A5_375_16-P,WW,,100,0,1,,,,,,,,,,,,,644.4201313,614.914052,,
2012,376,-117.082126,46.783054,GPHY12_WW_A5_376_17-P,WW,,100,10.5,1,8.2,9.9,76.5,25,,77.8,,,,,,,614.3326039,586.204143,,
2012,377,-117.0816503,46.78282132,GPHY12_SW_B1_377_18-P,SW,,100,5.3,1,9.5,9.3,73.8,24.9,,81.4,,,,,,,585.3391685,558.3193882,,
2012,378,-117.08129,46.782995,GPHY12_SW_B1_378_19-P,SW,,100,5.3,1,9.4,8.3,75,21,,81.7,,,,,,,514.7702407,491.0079853,,
2012,379,-117.080872,46.782997,GPHY12_SW_B2_379_20-P,SW,Sample note: mice,100,15.8,1,9.4,9.6,72.9,25.6,,80.5,,,,,,,457.8774617,436.741428,,
2012,380,-117.080454,46.782853,GPHY12_SW_B3_380_21-P,SW,,100,5.3,1,9.6,8.7,74.2,22.3,,80.1,,,,,,,490.7002188,468.0490572,,
2012,381,-117.080036,46.783116,GPHY12_SW_B3_381_22-P,SW,,100,5.3,1,10.1,11.2,70.9,31.1,,81.6,,,,,,,662.4726477,631.8923169,,
2012,394,-117.0839099,46.78312585,GPHY12_WW_A2_394_13-Q,WW,,100,10.5,1,8.5,10.3,75.5,26.6,,74.8,,,,,,,523.5229759,499.5524175,648.7964989,595.5036609
2012,395,-117.083498,46.783313,GPHY12_WW_A2_395_14-Q,WW,,100,5.3,1,8.1,11.2,74.8,28.9,,75.5,,,,,,,614.3326039,586.204143,,
2012,396,-117.08308,46.783234,GPHY12_WW_A3_396_15-Q,WW,,100,10.5,1,8.4,8.8,76.9,21.3,,74.6,,,,,,,543.2166302,518.344358,,
2012,397,-117.082662,46.783303,GPHY12_WW_A4_397_16-Q,WW,Sample note: mice,100,21.1,1,8.4,10,75.9,26.1,,77,,,,,,,607.2210066,579.4181645,,
2012,398,-117.0822755,46.78335797,GPHY12_WW_A4_398_17-Q,WW,,100,10.5,1,8.2,9.9,76.7,24.8,,77,,,,,,,596.8271335,569.5001959,,
2012,399,-117.081826,46.783142,GPHY12_WW_A6_399_18-Q,WW,,100,10.5,1,8.4,9.3,77.5,22.9,,75.3,,,,,,,618.1619256,589.8581314,808.5339168,742.1200765
2012,400,-117.081408,46.783281,GPHY12_WW_A6_400_19-Q,WW,,100,10.5,1,8.6,9.8,76.5,25,,77.5,,,,,,,470.4595186,448.9185779,,
2012,401,-117.08099,46.783283,GPHY12_SW_B1_401_20-Q,SW,,100,5.3,1,9.3,8.9,73.8,22.9,,80.1,,,,,,,487.4179431,464.9182943,603.9387309,568.2234585
2012,402,-117.080572,46.783139,GPHY12_SW_B2_402_21-Q,SW,,100,10.5,1,9.3,8.5,75.1,21.7,,79.7,,,,,,,475.3829322,453.4388302,,
2012,419,-117.0832106,46.7834571,GPHY12_WW_A2_419_15-R,WW,,100,10.5,1,8.1,10.7,75.7,28,,74.8,,,,,,,541.5754923,516.7783629,,
2012,420,-117.0827709,46.78351532,GPHY12_WW_A3_420_16-R,WW,,100,5.3,1,8.6,12.4,70.7,33.6,,74.3,,,,,,,432.166302,412.3786936,601.2035011,551.8200028
2012,421,-117.0823668,46.78355231,GPHY12_WW_A4_421_17-R,WW,,100,10.5,1,8.3,9.4,77.4,23.3,,75.9,,,,,,,465.536105,444.2205928,,
2012,422,-117.081933,46.783428,GPHY12_WW_A5_422_18-R,WW,Sample note: mice,100,21.1,1,8.2,8.7,77.6,20.8,,76.4,,,,,,,423.4135667,404.0267201,,
2012,423,-117.0814836,46.78355263,GPHY12_WW_A6_423_19-R,WW,,100,0,0,,,,,,,,,,,,,,,,
2012,424,-117.081097,46.783569,GPHY12_WW_A6_424_20-R,WW,,100,0,0,,,,,,,,,,,,,,,,
2012,425,-117.080679,46.783425,GPHY12_SW_B1_425_21-R,SW,,100,0,1,,,,,,,,,,,,,375.273523,357.950561,,
2013,1,-117.08751,46.77873,CF13GPSW_0_5-A,SW,,100,10.5,1,7.6,11.9,72,30.1,,54.8,,,,,,,,189.058399,,
2013,2,-117.08706,46.77869,CF13GPGB_1_6-A,GB,,100,0,1,,,,,,,46.141,3.5254,,,,,,84.07152231,,
2013,3,-117.08668,46.77879,CF13GPGB_2_7-A,GB,,100,0,1,,,,,,,46.31,3.5875,,,,,,150.9186352,,
2013,4,-117.08626,46.77876,CF13GPSB_3_8-A,SB,,100,10.5,1,9.2,12.2,63,,,53.3,,,,,,,,338.7467192,,
2013,5,-117.08584,46.77867,CF13GPGB_4_9-A,GB,,100,0,1,,,,,,,46.683,3.9095,,,,,,182.0866142,,
2013,6,-117.08542,46.77877,CF13GPGB_5_10-A,GB,,100,0,1,,,,,,,46.913,3.7607,,,,,,125.902231,,
2013,7,-117.08501,46.77863,CF13GPGB_6_11-A,GB,,100,0,1,,,,,,,46.587,3.9043,,,,,,121.3910761,,
2013,8,-117.084588,46.778721,,,,100,0,0,,,,,,,,,,,,,,,,
2013,9,-117.08417,46.77867,CF13GPGB_8_13-A,GB,,100,0,1,,,,,,,46.497,3.5176,,,,,,200.9514436,,
2013,10,-117.08375,46.77874,CF13GPSW_9_14-A,SW,,100,10.5,1,6.3,10.8,78.1,24,,57.9,,,,,,,,232.9396325,,
2013,11,-117.08333,46.77866,CF13GPSW_10_15-A,SW,,100,10.5,1,9.7,10.6,70,28.8,,60.3,,,,,,,,315.3707349,,
2013,12,-117.08294,46.77873,CF13GPSW_11_16-A,SW,,100,0,1,9.5,13.2,67.6,35.2,,57.1,,,,45.064,0.60088,,,303.0675853,,481.8733596
2013,13,-117.0825,46.77876,CF13GPWW_13_17-A,WW,,100,0,1,9.1,10,73.5,25.5,,58,,,,,,,,328.9041995,,
2013,14,-117.08163,46.77869,CF13GPWW_14_19-A,WW,insufficient sample,100,5.3,1,9.4,8.9,72.9,23,,,,,,,,,,143.9468504,,
2013,15,-117.08124,46.77871,CF13GPWW_15_20-A,WW,,100,0,1,9.2,8.9,73.6,22,,56.8,,,,,,,,228.8385827,,
2013,16,-117.08041,46.77883,CF13GPWW_16_22-A,WW,,100,0,1,9.3,9.7,74.4,24.6,,58.2,,,,,,,,451.1154856,,
2013,17,-117.07999,46.7788,CF13GPWW_17_23-A,WW,,100,0,1,9.6,10.1,74.3,26.8,,60.4,,,,,,,,517.1423885,,
2013,18,-117.0888801,46.77895174,,,,100,0,0,,,,,,,,,,,,,,,,
2013,19,-117.08847,46.77883,CF13GPSW_18_2-B,SW,,100,15.8,1,6.2,12,73.6,28.9,,55.5,,,,,,,,152.9691601,,
2013,20,-117.08806,46.77887,CF13GPSW_19_3-B,SW,,100,10.5,1,9.2,9.5,73,24,,58.6,,,,,,,,191.1089239,,
2013,21,-117.08765,46.77884,CF13GPSW_20_4-B,SW,,100,10.5,1,7.5,11.7,72.3,30.7,,56.3,,,,,,,,206.6929134,,
2013,22,-117.08723,46.77901,CF13GPSW_21_5-B,SW,,100,10.5,1,7.3,12.5,71.9,32.1,,56.3,,,,,,,,206.2828084,,
2013,23,-117.08683,46.779,CF13GPSW_22_6-B,SW,,100,21.1,1,6.9,8.7,79.6,21,,61.9,,,,,,,,204.2322835,,
2013,24,-117.086392,46.779077,,,,100,0,0,,,,,,,,,,,,,,,,
2013,25,-117.08597,46.77905,CF13GPSB_24_8-B,SB,,100,0,1,6.9,10.3,66.2,,,54.3,,,,,,,,355.5610236,,
2013,26,-117.08556,46.77895,CF13GPGB_25_9-B,GB,,100,0,1,,,,,,,46.645,3.5054,,,,,,180.4461942,,
2013,27,-117.08512,46.77906,CF13GPGB_26_10-B,GB,,100,0,1,,,,,,,46.808,3.4979,,,,,,133.6942257,,
2013,28,-117.08472,46.77892,CF13GPGB_27_11-B,GB,,100,0,1,,,,,,,46.758,3.7724,,,,,,111.1384514,,
2013,29,-117.0843,46.77901,CF13GPGB_28_12-B,GB,,100,0,1,,,,,,,46.661,3.7651,,45.765,0.45498,,,125.082021,,
2013,30,-117.08388,46.77896,CF13GPGB_29_13-B,GB,,100,0,1,,,,,,,46.65,3.7249,,,,,,142.3064304,,
2013,31,-117.08347,46.77902,CF13GPSW_30_14-B,SW,,100,10.5,1,9.8,11.4,69,31.3,,60.5,,,,,,,,295.6856955,,
2013,32,-117.08305,46.77894,CF13GPSW_31_15-B,SW,,100,10.5,1,6.3,11.7,76,27,,58.6,,,,,,,,317.4212598,,
2013,33,-117.08263,46.77901,CF13GPSW_32_16-B,SW,,100,10.5,1,9.3,13,67.3,34.3,,55.3,,,,,,,,177.5754593,,
2013,34,-117.08221,46.77905,CF13GPWW_34_17-B,WW,,100,0,1,8.9,9.9,73.9,25.4,,58,,,,,,,,359.2519685,,
2013,35,-117.08179,46.77885,CF13GPWW_35_18-B,WW,853,100,0,1,9,9.3,74.3,23.2,,56.7,,,,45.077,0.2712,,,349.8195538,,562.253937
2013,36,-117.08141,46.77901,CF13GPWW_36_19-B,WW,,100,0,1,9.2,9.1,74.8,22.4,,59.9,,,,,,,,325.6233596,,
2013,37,-117.08096,46.77899,CF13GPWW_37_20-B,WW,,100,0,1,8.9,10.6,71.2,27.4,,57.4,,,,,,,,296.5059055,,
2013,38,-117.08054,46.77885,CF13GPWW_38_21-B,WW,,100,0,1,9.3,9.6,73.4,24.7,,58.9,,,,,,,,455.6266404,,
2013,39,-117.08012,46.77911,CF13GPWW_39_22-B,WW,,100,0,1,9.1,9.3,74.2,23.4,,58.2,,,,,,,,307.5787402,,
2013,40,-117.0797,46.77908,CF13GPWW_40_23-B,WW,,100,0,1,9.1,12.3,68.9,33.2,,58.2,,,,44.625,0.24303,,,218.996063,,353.9206037
2013,41,-117.07929,46.77905,CF13GPWW_41_24-B,WW,,100,0,1,9.2,11.2,71.9,30.3,,59.9,,,,,,,,510.5807087,,
2013,42,-117.0887062,46.77911338,,,,100,0,0,,,,,,,,,,,,,,,,
2013,43,-117.08832,46.77915,CF13GPWW_42_3-C,WW,93,100,0,1,,,,,,,,,,,,,,38.13976378,,
2013,44,-117.0879,46.77913,CF13GPSW_43_4-C,SW,,100,10.5,1,6.6,9,78,21.6,,59.1,,,,,,,,185.3674541,,
2013,45,-117.08746,46.77929,CF13GPSW_44_5-C,SW,,100,21.1,1,6.3,9.7,79.2,22.9,,59.6,,,,,,,,205.0524934,,
2013,46,-117.087064,46.779278,,,,100,0,0,,,,,,,,,,,,,,,,
2013,47,-117.08665,46.77936,CF13GPSW_46_7-C,SW,,100,10.5,1,7.6,10.8,73.8,28.1,,58.4,,,,,,,,274.7703412,,
2013,48,-117.08623,46.77933,CF13GPGB_47_8-C,GB,,100,0,1,,,,,,,46.533,3.5209,,,,,,183.3169291,,
2013,49,-117.08581,46.77924,CF13GPSB_48_9-C,SB,,100,0,1,6.6,9.8,69,,,55.2,,,,,,,,417.4868766,,
2013,50,-117.08534,46.77932,CF13GPGB_49_10-C,GB,,100,0,1,,,,,,,46.596,3.5346,,,,,,199.7211286,,
2013,51,-117.08496,46.7792,CF13GPGB_50_11-C,GB,,100,0,1,,,,,,,46.342,3.3538,,,,,,191.5190289,,
2013,52,-117.08456,46.77929,CF13GPGB_51_12-C,GB,,100,0,1,,,,,,,46.665,3.6892,,,,,,191.9291339,,
2013,53,-117.08414,46.77925,CF13GPGB_52_13-C,GB,,100,0,1,,,,,,,46.369,3.5349,,,,,,96.37467192,,
2013,54,-117.08372,46.779309,,,,100,0,0,,,,,,,,,,,,,,,,
2013,55,-117.0833,46.77923,CF13GPSW_54_15-C,SW,,100,21.1,1,6.4,10.2,78.2,23.9,,61.6,,,,,,,,251.394357,,
2013,56,-117.0829,46.77931,CF13GPSW_55_16-C,SW,,100,10.5,1,6.3,10.7,78,25.5,,62.2,,,,,,,,351.4599738,,
2013,57,-117.08247,46.77934,CF13GPSW_56_17-C,SW,,100,10.5,1,6.4,10.2,78.3,23.6,,61.8,,,,,,,,316.6010499,,
2013,58,-117.08205,46.77914,CF13GPWW_58_18-C,WW,,100,0,1,9,10.5,73.4,27.7,,57.5,,,,,,,,447.0144357,,
2013,59,-117.0816,46.77925,CF13GPWW_59_19-C,WW,,100,0,1,9,10,73.5,26.5,,60.3,,,,,,,,401.9028871,,
2013,60,-117.08121,46.77928,CF13GPWW_60_20-C,WW,,100,0,1,9,9.9,73.7,25.8,,61,,,,,,,,390.4199475,,
2013,61,-117.08079,46.77913,CF13GPWW_61_21-C,WW,,100,0,1,9,8.2,74.7,19.8,,57.3,,,,,,,,376.476378,,
2013,62,-117.0804,46.77942,CF13GPWW_62_22-C,WW,,100,0,1,9.2,10,74.2,26.3,,60.7,,,,,,,,382.6279528,,
2013,63,-117.07996,46.77937,CF13GPWW_63_23-C,WW,,100,0,1,9.1,10.2,73.8,26.7,,58.7,,,,,,,,465.8792651,,
2013,64,-117.07954,46.77933,CF13GPWW_64_24-C,WW,,100,0,1,8.9,12.1,69.3,32.7,,58,,,,,,,,489.2552493,,
2013,65,-117.07912,46.77925,CF13GPWW_65_25-C,WW,,100,0,1,9.1,10.6,73.9,28.3,,61.1,,,,,,,,422.4081365,,
2013,66,-117.07873,46.77929,CF13GPWW_66_26-C,WW,,100,0,1,9.1,10.9,73,29.5,,60,,,,,,,,437.992126,,
2013,67,-117.07829,46.77927,CF13GPWW_67_27-C,WW,,100,0,1,9.2,9.9,73.9,25.8,,59.6,,,,,,,,346.5387139,,
2013,68,-117.08823,46.77944,CF13GPWW_67_3-D,WW,,100,0,1,9.1,13.5,69.1,36.8,,57.3,,,,,,,,136.5649606,,
2013,69,-117.08781,46.77941,CF13GPSW_68_4-D,SW,,100,5.3,1,7.5,9.5,75.4,23.5,,57.8,,,,,,,,232.1194226,,
2013,70,-117.08739,46.77959,CF13GPSW_69_5-D,SW,,100,10.5,1,10,11.7,69.1,31.9,,57.9,,,,,,,,259.1863517,,
2013,71,-117.08698,46.77956,CF13GPSW_70_6-D,SW,,100,10.5,1,9.1,11.3,71,30,,58.8,,,,,,,,171.4238845,,
2013,72,-117.08656,46.77965,CF13GPSW_71_7-D,SW,,100,10.5,1,6.4,10,78.7,23.2,,60,,,,,,,,240.3215223,,
2013,73,-117.08617,46.77964,CF13GPSW_72_8-D,SW,,100,10.5,1,6.8,9.6,76.7,22.4,,58.3,,,,,,,,271.4895013,,
2013,74,-117.08569,46.77951,CF13GPSB_73_9-D,SB,,100,10.5,1,6.6,10.3,67.9,,,55.7,,,,,,,,519.1929134,,
2013,75,-117.0853,46.77964,CF13GPSB_74_10-D,SB,,100,10.5,1,6.9,11.1,65.4,,,53.9,,,,,,,,300.6069554,,
2013,76,-117.084887,46.77949,,,,100,0,0,,,,,,,,,,,,,,,,
2013,77,-117.084469,46.779579,,,,100,0,0,,,,,,,,,,,,,,,,
2013,78,-117.084051,46.779532,,,,100,0,0,,,,,,,,,,,,,,,,
2013,79,-117.083633,46.779595,,,,100,0,0,,,,,,,,,,,,,,,,
2013,80,-117.08322,46.77952,CF13GPGB_79_15-D,GB,,100,0,1,,,,,,,46.356,3.5726,,,,,,209.1535433,,
2013,81,-117.0828,46.77958,CF13GPSW_80_16-D,SW,,100,10.5,1,6.5,9.3,79,22.4,,62.1,,,,,,,,376.8864829,,
2013,82,-117.08238,46.77962,CF13GPSW_81_17-D,SW,,100,10.5,1,6.5,9.4,78.9,23,,62.5,,,,,,,,368.2742782,,
2013,83,-117.08196,46.77942,CF13GPWW_83_18-D,WW,,100,0,1,9.2,10.4,73.7,27.7,,58.6,,,,,,,,385.0885827,,
2013,84,-117.08154,46.77956,CF13GPWW_84_19-D,WW,,100,0,1,9.2,9.7,74.8,24.8,,59.1,,,,,,,,393.2906824,,
2013,85,-117.08113,46.77956,CF13GPWW_85_20-D,WW,,100,0,1,9.2,9.7,73.6,26,,60.8,,,,,,,,403.1332021,,
2013,86,-117.08071,46.77942,CF13GPWW_86_21-D,WW,,100,5.3,1,9.2,8.7,75.1,21,,59.6,,,,,,,,348.5892388,,
2013,87,-117.08029,46.77968,CF13GPWW_87_22-D,WW,,100,0,1,9.1,10.6,74.1,28.7,,59.6,,,,,,,,259.5964567,,
2013,88,-117.07987,46.77965,CF13GPWW_88_23-D,WW,,100,0,1,9.2,10.6,73.1,28.4,,57.6,,,,,,,,448.2447507,,
2013,89,-117.07945,46.77961,CF13GPWW_89_24-D,WW,,100,0,1,9,10.2,73.2,26.8,,59.4,,,,,,,,416.2565617,,
2013,90,-117.07904,46.77954,CF13GPWW_90_25-D,WW,,100,0,1,9.3,10.4,73.2,28.4,,60.3,,,,,,,,397.3917323,,
2013,91,-117.07862,46.77955,CF13GPWW_91_26-D,WW,,100,0,1,9.3,10.4,73.4,28.5,,59.6,,,,,,,,454.3963255,,
2013,92,-117.0782,46.77956,CF13GPWW_92_27-D,WW,,100,0,1,9.5,10.3,73.8,28.5,,59.3,,,,,,,,364.5833333,,
2013,93,-117.07778,46.77949,CF13GPWW_93_28-D,WW,,100,0,1,9,11.2,72.4,30,,57.9,,,,,,,,312.910105,,
2013,94,-117.07736,46.77966,CF13GPWW_94_29-D,WW,,100,0,1,9.5,11.3,72.2,31.5,,58.3,,,,,,,,293.6351706,,
2013,95,-117.088073,46.77971682,,,,100,0,0,,,,,,,,,,,,,,,,
2013,96,-117.08766,46.7797,CF13GPWW_95_4-E,WW,,100,0,1,9.1,10.3,73.2,28.2,,58.5,,,,,,,,195.6200787,,
2013,97,-117.08725,46.77987,CF13GPSW_96_5-E,SW,,100,10.5,1,6.7,9.3,77.6,22.1,,58.8,,,,,,,,203.8221785,,
2013,98,-117.08683,46.77985,CF13GPSW_97_6-E,SW,,100,15.8,1,7.9,8.3,75.7,21.2,,60.2,,,,,,,,214.4849081,,
2013,99,-117.08641,46.77993,CF13GPSW_98_7-E,SW,,100,10.5,1,9.2,10.1,72.5,26.8,,58.8,,,,,,,,223.0971129,,
2013,100,-117.08599,46.7799,CF13GPSW_99_8-E,SW,,100,21.1,1,6.7,11.8,75.1,28.2,,58.6,,,,,,,,224.3274278,,
2013,101,-117.08557,46.77981,CF13GPGB_100_9-E,GB,,100,0,1,,,,,,,46.234,3.4055,,,,,,179.2158793,,
2013,102,-117.08516,46.77993,CF13GPSB_101_10-E,SB,,100,10.5,1,9.9,10.8,64.3,,,53.7,,,,,,,,391.2401575,,
2013,103,-117.08474,46.77978,CF13GPGB_102_11-E,GB,,100,0,1,,,,,,,46.339,3.5807,,,,,,192.7493438,,
2013,104,-117.0843452,46.77988297,,,,100,0,0,,,,,,,,,,,,,,,,
2013,105,-117.083901,46.779818,,,,100,0,0,,,,,,,,,,,,,,,,
2013,106,-117.083483,46.779881,,,,100,0,0,,,,,,,,,,,,,,,,
2013,107,-117.083065,46.779802,,,,100,0,0,,,,,,,,,,,,,,,,
2013,108,-117.08265,46.77987,CF13GPSW_107_16-E,SW,,100,21.1,1,6.4,10.9,76.8,26.2,,61.1,,,,,,,,322.3425197,,
2013,109,-117.08219,46.77988,CF13GPSW_108_17-E,SW,,100,21.1,1,6.6,9.8,78.1,23.9,,62.5,,,,,,,,398.6220472,,
2013,110,-117.08175,46.77967,CF13GPWW_110_18-E,WW,,100,0,1,9,10,73.9,26,,58.8,,,,,,,,361.3024934,,
2013,111,-117.08139,46.77985,CF13GPWW_111_19-E,WW,,100,0,1,9.4,9.6,73.4,25,,57,,,,,,,,299.7867454,,
2013,112,-117.08097,46.77985,CF13GPWW_112_20-E,WW,,100,0,1,8.9,9.5,74,25.2,,61,,,,,,,,355.1509186,,
2013,113,-117.08054,46.77969,CF13GPWW_113_21-E,WW,,100,5.3,1,9.2,8.7,75.8,21.3,,61,,,,,,,,390.4199475,,
2013,114,-117.08014,46.77997,CF13GPWW_114_22-E,WW,,100,0,1,9.3,8.3,74.1,21,,57.4,,,,,,,,238.2709974,,
2013,115,-117.0797,46.77992,CF13GPWW_115_23-E,WW,,100,0,1,9.3,9.4,73.6,25,,58.5,,,,,,,,421.5879265,,
2013,116,-117.0793,46.7799,CF13GPWW_116_24-E,WW,,100,0,1,8.9,9.7,74.1,24.7,,56.5,,,,,,,,376.066273,,
2013,117,-117.07889,46.77983,CF13GPWW_117_25-E,WW,,100,0,1,9,10.2,74,26.9,,59.5,,,,,,,,407.234252,,
2013,118,-117.07847,46.77984,CF13GPWW_118_26-E,WW,,100,0,1,9.2,10.5,72.7,29,,59.6,,,,,,,,418.7171916,,
2013,119,-117.07802,46.77983,CF13GPWW_119_27-E,WW,,100,0,1,9,10.8,72.4,29.1,,60.1,,,,,,,,476.9520997,,
2013,120,-117.07763,46.77978,CF13GPWW_120_28-E,WW,,100,0,1,8.9,12.1,70.2,32.6,,58.2,,,,,,,,355.5610236,,
2013,121,-117.07721,46.77994,CF13GPWW_121_29-E,WW,,100,0,1,9.3,12.6,69.5,33.6,,56.2,,,,,,,,201.3615486,,
2013,122,-117.087699,46.779986,,,,100,0,0,,,,,,,,,,,,,,,,
2013,123,-117.08728,46.78016,CF13GPWW_122_5-F,WW,insufficient sample,100,5.3,1,9.3,14.8,66.4,40.5,,,,,,,,,,92.27362205,,
2013,124,-117.08686,46.78014,CF13GPSW_123_6-F,SW,,100,10.5,1,6.5,9.6,77.5,23,,56.7,,,,,,,,283.7926509,,
2013,125,-117.08644,46.78022,CF13GPSW_124_7-F,SW,,100,10.5,1,8,9.7,74.2,26.4,,61.7,,,,,,,,299.7867454,,
2013,126,-117.08601,46.78018,CF13GPSW_125_8-F,SW,,100,10.5,1,9.8,12,68.1,31.7,,54.2,,,,,,,,188.648294,,
2013,127,-117.08559,46.78009,CF13GPGB_126_9-F,GB,,100,0,1,,,,,,,46.123,3.4673,,,,,,180.8562992,,
2013,128,-117.08519,46.78021,CF13GPGB_127_10-F,GB,,100,0,1,,,,,,,46.55,3.8034,,,,,,203.0019685,,
2013,129,-117.08477,46.78006,CF13GPSB_128_11-F,SB,,100,10.5,1,9.5,10,65.3,,,53.9,,,,,,,,431.0203412,,
2013,130,-117.084355,46.780151,,,,100,0,0,,,,,,,,,,,,,,,,
2013,131,-117.083937,46.780104,,,,100,0,0,,,,,,,,,,,,,,,,
2013,132,-117.083519,46.780167,,,,100,0,0,,,,,,,,,,,,,,,,
2013,133,-117.083101,46.780088,,,,100,0,0,,,,,,,,,,,,,,,,
2013,134,-117.082683,46.780157,,,,100,0,0,,,,,,,,,,,,,,,,
2013,135,-117.08227,46.78019,CF13GPSW_134_17-F,SW,,100,10.5,1,6.9,8.6,78.8,20.9,,60.8,,,,,,,,314.1404199,,
2013,136,-117.08185,46.78,CF13GPSW_135_18-F,SW,,100,21.1,1,6.8,9.3,78.4,22.3,,62.7,,,,,,,,430.2001312,,
2013,137,-117.08145,46.78015,CF13GPSW_136_19-F,SW,,100,10.5,1,9.6,11.9,68.4,32.5,,60.4,,,,,,,,458.0872703,,
2013,138,-117.08101,46.78014,CF13GPWW_138_20-F,WW,,100,0,1,9.1,11.2,71.9,29.8,,58.9,,,,,,,,352.6902887,,
2013,139,-117.08059,46.77999,CF13GPWW_139_21-F,WW,,100,0,1,9.1,9.5,74.6,24,,58.1,,,,,,,,269.0288714,,
2013,140,-117.08018,46.78026,CF13GPWW_140_22-F,WW,,100,5.3,1,9.1,9.1,75.2,22.7,,59.2,,,,,,,,279.2814961,,
2013,141,-117.07976,46.78023,CF13GPWW_141_23-F,WW,,100,5.3,1,9.1,8.3,75.8,19.7,,58.4,,,,,,,,291.9947507,,
2013,142,-117.07934,46.78019,CF13GPWW_142_24-F,WW,,100,0,1,9.3,9.3,73.2,24.6,,56.8,,,,,,,,314.9606299,,
2013,143,-117.0789,46.7801,CF13GPWW_143_25-F,WW,,100,0,1,8.8,8.2,74.4,20.1,,55.3,,,,,,,,365.8136483,,
2013,144,-117.0785,46.78012,CF13GPWW_144_26-F,WW,,100,0,1,8.8,10.4,73.1,27.7,,56.2,,,,,,,,287.0734908,,
2013,145,-117.07808,46.78013,CF13GPWW_145_27-F,WW,,100,0,1,8.8,9.2,73.9,23.1,,52.4,,,,,,,,333.0052493,,
2013,146,-117.07767,46.78007,CF13GPWW_146_28-F,WW,,100,0,1,9.4,11.5,71.8,31,,58.8,,,,,,,,324.8031496,,
2013,147,-117.07725,46.78023,CF13GPWW_147_29-F,WW,Lost small amount; thesher not working well,100,10.5,1,9.3,10.5,73.4,28.8,,57.4,,,,,,,,207.5131234,,
2013,148,-117.07683,46.78,CF13GPWW_148_30-F,WW,,100,0,1,9.7,10.7,73.9,29.7,,59.1,,,,,,,,447.4245407,,
2013,149,-117.0871,46.78042,CF13GPWW_148_6-G,WW,insufficient sample,100,5.3,1,9.2,15.5,65.2,43.2,,,,,,,,,,91.45341207,,
2013,150,-117.08668,46.78051,CF13GPSW_149_7-G,SW,,100,10.5,1,9.1,10.6,72.7,28.3,,61.1,,,,,,,,278.0511811,,
2013,151,-117.08623,46.78046,CF13GPSW_150_8-G,SW,,100,10.5,1,6.8,10.1,77.7,23.5,,59.8,,,,,,,,250.984252,,
2013,152,-117.08583,46.78037,CF13GPSW_151_9-G,SW,,100,15.8,1,6.6,12.1,73.1,28.1,,57.3,,,,,,,,228.8385827,,
2013,153,-117.08543,46.7805,CF13GPSW_152_10-G,SW,,100,10.5,1,9.2,12,70.2,31.3,,57.2,,,,,,,,241.1417323,,
2013,154,-117.08501,46.78035,CF13GPGB_153_11-G,GB,mouse damage,100,10.5,1,,,,,,,46.627,3.385,,,,,,80.38057743,,
2013,155,-117.08459,46.78044,CF13GPSB_154_12-G,SB,,100,0,1,7.6,12.4,63.2,,,49.7,,,,,,,,228.0183727,,
2013,156,-117.084177,46.78039,,,,100,0,0,,,,,,,,,,,,,,,,
2013,157,-117.083759,46.780453,,,,100,0,0,,,,,,,,,,,,,,,,
2013,158,-117.083341,46.780374,,,,100,0,0,,,,,,,,,,,,,,,,
2013,159,-117.08292,46.78044,CF13GPGB_158_16-G,GB,,100,0,1,,,,,,,46.28,3.4408,,46.078,0.39232,,,58.64501312,,
2013,160,-117.0825,46.78048,CF13GPGB_159_17-G,GB,,100,0,1,,,,,,,46.618,3.5058,,,,,,134.1043307,,
2013,161,-117.08209,46.78028,CF13GPSW_160_18-G,SW,,100,21.1,1,6.6,9,78.4,22,,61.8,,,,,,,,452.3458005,,
2013,162,-117.08165,46.78041,CF13GPSW_161_19-G,SW,,100,10.5,1,9.8,9.9,70,27,,60.3,,,,,,,,334.6456693,,
2013,163,-117.08125,46.78042,CF13GPSW_162_20-G,SW,,100,21.1,1,6.9,9,78.9,21.5,,62.1,,,,,,,,364.5833333,,
2013,164,-117.08083,46.78028,CF13GPWW_164_21-G,WW,798,100,0,1,9.1,9.4,73.4,23.3,,55.9,,,,45.913,0.21728,,,327.2637795,,387.1391076
2013,165,-117.08041,46.78054,CF13GPWW_165_22-G,WW,,100,0,1,9.1,10,74.4,25.7,,58.9,,,,,,,,297.7362205,,
2013,166,-117.08,46.78051,CF13GPWW_166_23-G,WW,,100,0,1,8.9,10.7,72.5,28.3,,59.3,,,,,,,,356.3812336,,
2013,167,-117.07958,46.78048,CF13GPWW_167_24-G,WW,,100,0,1,8.9,11,71.6,28.6,,55.9,,,,,,,,340.3871391,,
2013,168,-117.07916,46.7804,CF13GPWW_168_25-G,WW,,100,0,1,8.8,11,69.8,28.8,,55.2,,,,,,,,281.742126,,
2013,169,-117.07874,46.78041,CF13GPWW_169_26-G,WW,,100,0,1,9,9.7,73.5,24.7,,56.4,,,,46.327,0.19498,,,326.0334646,,419.1272966
2013,170,-117.07832,46.78041,CF13GPWW_170_27-G,WW,,100,0,1,9.3,9.8,73.2,26.4,,56.2,,,,,,,,264.1076115,,
2013,171,-117.07791,46.78035,CF13GPWW_171_28-G,WW,,100,0,1,9,10.2,73.5,26.3,,57.4,,,,,,,,312.910105,,
2013,172,-117.07749,46.78052,CF13GPWW_172_29-G,WW,,100,0,1,9,10.8,72.6,28.6,,56.9,,,,,,,,295.2755906,,
2013,173,-117.07707,46.78029,CF13GPWW_173_30-G,WW,,100,5.3,1,9.1,8.7,75.8,21,,59,,,,,,,,357.6115486,,
2013,174,-117.07665,46.78041,CF13GPWW_174_31-G,WW,,100,5.3,1,9,9.1,75.2,22.6,,58.8,,,,,,,,429.7900262,,
2013,175,-117.08688,46.78071,CF13GPWW_174_6-H,WW,,100,0,1,9.1,10.6,72.7,28.8,,58.8,,,,,,,,331.3648294,,
2013,176,-117.08648,46.7808,CF13GPWW_175_7-H,WW,,100,0,1,9,13.3,69.8,36.2,,58.1,,,,,,,,273.9501312,,
2013,177,-117.08604,46.78076,CF13GPSW_176_8-H,SW,,100,10.5,1,6.9,10.5,76.9,24.9,,59.7,,,,,,,,181.2664042,,
2013,178,-117.08563,46.78067,CF13GPSW_177_9-H,SW,,100,5.3,1,7,9.6,77.3,23.8,,61,,,,,,,,322.7526247,,
2013,179,-117.08521,46.78079,CF13GPSW_178_10-H,SW,,100,15.8,1,7.1,9.2,77.4,21.9,,62.2,,,,,,,,356.7913386,,
2013,180,-117.08479,46.78063,CF13GPGB_179_11-H,GB,,100,0,1,,,,,,,46.1,3.422,,,,,,75.0492126,,
2013,181,-117.08437,46.78072,CF13GPSB_180_12-H,SB,,100,10.5,1,6.4,10.8,64.6,,,52.8,,,,,,,,364.9934383,,
2013,182,-117.0839212,46.78065692,,,,100,0,0,,,,,,,,,,,,,,,,
2013,183,-117.08353,46.78074,CF13GPGB_182_14-H,GB,,100,0,1,,,,,,,46.557,3.8989,,,,,,149.6883202,,
2013,184,-117.083117,46.78066,,,,100,0,0,,,,,,,,,,,,,,,,
2013,185,-117.082699,46.780729,,,,100,0,0,,,,,,,,,,,,,,,,
2013,186,-117.08228,46.78077,CF13GPGB_185_17-H,GB,,100,0,1,,,,,,,46.62,3.8067,,,,,,89.40288714,,
2013,187,-117.08186,46.78057,CF13GPSW_186_18-H,SW,insufficient sample,100,10.5,1,6.4,12.8,72.3,30.2,,,,,,,,,,131.2335958,,
2013,188,-117.08145,46.78071,CF13GPSW_187_19-H,SW,,100,10.5,1,9.9,10.5,70,28,,57.8,,,,,,,,279.691601,,
2013,189,-117.08103,46.78071,CF13GPSW_188_20-H,SW,,100,10.5,1,9.9,9.5,70.9,26.1,,62.2,,,,,,,,482.6935696,,
2013,190,-117.08061,46.78056,CF13GPWW_190_21-H,WW,,100,0,1,9.4,10.6,73,29.3,,59.2,,,,,,,,426.5091864,,
2013,191,-117.08019,46.78083,CF13GPWW_191_22-H,WW,,100,0,1,9.2,10.2,74,26.8,,58.7,,,,,,,,377.2965879,,
2013,192,-117.07977,46.7808,CF13GPWW_192_23-H,WW,,100,0,1,9,9.5,74.5,23.9,,58.6,,,,,,,,335.0557743,,
2013,193,-117.07936,46.78076,CF13GPWW_193_24-H,WW,,100,0,1,9.4,10.2,72.9,27.7,,57,,,,,,,,411.3353018,,
2013,194,-117.07891,46.78066,CF13GPWW_194_25-H,WW,protein not done,100,0,1,9.2,,72.7,24.7,,55.4,,,,,,,,324.8031496,,
2013,195,-117.07852,46.7807,CF13GPWW_195_26-H,WW,,100,0,1,9.2,9.7,74.4,24.7,,58.1,,,,,,,,367.8641732,,
2013,196,-117.0781,46.7807,CF13GPWW_196_27-H,WW,,100,0,1,9.3,9.9,73.2,26.7,,57.1,,,,,,,,334.2355643,,
2013,197,-117.07768,46.78064,CF13GPWW_197_28-H,WW,,100,0,1,9.2,9.5,73.9,24,,57.9,,,,,,,,319.4717848,,
2013,198,-117.07727,46.7808,CF13GPWW_198_29-H,WW,,100,0,1,9.1,9.4,73,23.9,,57.4,,,,,,,,355.1509186,,
2013,199,-117.07685,46.78058,CF13GPWW_199_30-H,WW,,100,0,1,9.5,8.7,74.7,22.2,,58.7,,,,,,,,385.4986877,,
2013,200,-117.0866262,46.7810531,,,,100,0,0,,,,,,,,,,,,,,,,
2013,201,-117.08624,46.78105,CF13GPWW_200_8-I,WW,,100,0,1,9.1,10.5,72.6,28.6,,58.9,,,,,,,,154.6095801,,
2013,202,-117.08582,46.78095,CF13GPSW_201_9-I,SW,,100,10.5,1,8.9,10.2,71.3,27.6,,59.8,,,,,,,,269.8490814,,
2013,203,-117.08541,46.78107,CF13GPSW_202_10-I,SW,,100,10.5,1,9.1,10.3,71.9,26.3,,56.5,,,,,,,,252.6246719,,
2013,204,-117.08499,46.78092,CF13GPSW_203_11-I,SW,,100,21.1,1,6.4,8.8,79.2,21.2,,60,,,,,,,,365.4035433,,
2013,205,-117.08457,46.78101,CF13GPGB_204_12-I,GB,,100,0,1,,,,,,,46.059,3.3341,,,,,,189.4685039,,
2013,206,-117.08415,46.78096,CF13GPSB_205_13-I,SB,,100,10.5,1,9.4,11.4,64,,,52.8,,,,,,,,408.4645669,,
2013,207,-117.08375,46.78104,CF13GPSB_206_14-I,SB,,100,10.5,1,7.7,10.1,64.2,,,54.4,,,,,,,,343.667979,,
2013,208,-117.08332,46.78095,CF13GPGB_207_15-I,GB,,100,0,1,,,,,,,46.273,3.6686,,,,,,99.24540682,,
2013,209,-117.0829,46.78101,CF13GPGB_208_16-I,GB,,100,0,1,,,,,,,46.507,3.7514,,,,,,156.25,,
2013,210,-117.08248,46.78105,CF13GPGB_209_17-I,GB,,100,0,1,,,,,,,46.543,3.5923,,,,,,144.3569554,,
2013,211,-117.08206,46.78085,CF13GPGB_210_18-I,GB,,100,0,1,,,,,,,46.711,3.6015,,,,,,216.9455381,,
2013,212,-117.08164,46.78099,CF13GPGB_211_19-I,GB,,100,0,1,,,,,,,46.638,3.8199,,,,,,175.9350394,,
2013,213,-117.08123,46.78099,CF13GPSW_212_20-I,SW,,100,10.5,1,6.9,10.3,77.8,26,,61,,,,,,,,345.7185039,,
2013,214,-117.08081,46.78085,CF13GPSW_213_21-I,SW,,100,15.8,1,10,9.1,71.2,24.6,,63.5,,,,,,,,387.9593176,,
2013,215,-117.08044,46.78112,CF13GPSW_214_22-I,SW,,100,26.3,1,6.8,10.6,77.3,26.8,,63.9,,,,,,,,367.8641732,,
2013,216,-117.07997,46.78108,CF13GPWW_216_23-I,WW,,100,0,1,9.5,10.8,72.4,30.2,,59,,,,,,,,370.3248031,,
2013,217,-117.07955,46.78105,CF13GPWW_217_24-I,WW,,100,0,1,9.3,10.5,73.7,27.9,,60.4,,,,,,,,413.7959318,,
2013,218,-117.07914,46.78097,CF13GPWW_218_25-I,WW,,100,5.3,1,9.2,8.5,76,20.5,,59.7,,,,,,,,324.3930446,,
2013,219,-117.07872,46.78098,CF13GPWW_219_26-I,WW,,100,0,1,9.3,8.8,74,21.5,,58.8,,,,,,,,383.8582677,,
2013,220,-117.0783,46.78099,CF13GPWW_220_27-I,WW,,100,0,1,9.3,9.7,73.8,24.6,,59.2,,,,,,,,427.3293963,,
2013,221,-117.07788,46.78092,CF13GPWW_221_28-I,WW,,100,0,1,9.4,9.8,74.3,25.2,,60.6,,,,,,,,415.8464567,,
2013,222,-117.07746,46.78109,CF13GPWW_222_29-I,WW,,100,0,1,9.3,10.1,73.5,26.3,,60.3,,,,,,,,444.9639108,,
2013,223,-117.07705,46.78086,CF13GPWW_223_30-I,WW,,100,0,1,9,10.1,73,26.1,,54.8,,,,,,,,301.4271654,,
2013,224,-117.07663,46.78099,CF13GPWW_224_31-I,WW,,100,5.3,1,9,9.6,75.3,24.5,,59.3,,,,,,,,405.183727,,
2013,225,-117.086295,46.781365,,,,100,0,0,,,,,,,,,,,,,,,,
2013,226,-117.08586,46.78132,CF13GPSW_225_8-J,SW,,100,21.1,1,6.8,9.8,77.4,23.6,,61.5,,,,,,,,269.8490814,,
2013,227,-117.08543,46.78122,CF13GPSW_226_9-J,SW,,100,10.5,1,6.5,10.9,75.8,25.1,,56.1,,,,,,,,227.1981627,,
2013,228,-117.08504,46.78136,CF13GPSW_227_10-J,SW,,100,10.5,1,9.7,9.8,70.9,26.6,,60.3,,,,45.094,0.453,,,189.8786089,,259.1863517
2013,229,-117.08462,46.78121,CF13GPSW_228_11-J,SW,,100,21.1,1,6.8,9.5,78.7,22.1,,61.2,,,,,,,,371.9652231,,
2013,230,-117.08421,46.78129,CF13GPGB_229_12-J,GB,,100,0,1,,,,,,,46.092,3.6185,,,,,,104.1666667,,
2013,231,-117.08379,46.78125,CF13GPSB_230_13-J,SB,,100,10.5,1,8.7,12.8,63.5,,,52,,,,,,,,333.0052493,,
2013,232,-117.08328,46.78127,CF13GPGB_231_14-J,GB,,100,0,1,,,,,,,46.689,3.618,,,,,,212.0242782,,
2013,233,-117.08295,46.78123,CF13GPGB_232_15-J,GB,,100,0,1,,,,,,,46.544,3.5464,,,,,,239.0912073,,
2013,234,-117.08253,46.7813,CF13GPGB_233_16-J,GB,,100,0,1,,,,,,,46.341,3.3053,,,,,,335.0557743,,
2013,235,-117.08212,46.78134,CF13GPGB_234_17-J,GB,,100,0,1,,,,,,,46.171,3.6253,,,,,,160.7611549,,
2013,236,-117.0817,46.78114,CF13GPGB_235_18-J,GB,,100,0,1,,,,,,,46.643,3.7231,,,,,,152.1489501,,
2013,237,-117.08124,46.78126,CF13GPSW_236_19-J,SW,,100,21.1,1,6.5,10.8,76.1,25.8,,60.1,,,,,,,,319.0616798,,
2013,238,-117.08086,46.78128,CF13GPSW_237_20-J,SW,,100,10.5,1,6.7,9.6,78.2,23.4,,62.9,,,,,,,,351.0498688,,
2013,239,-117.08045,46.78115,CF13GPSW_238_21-J,SW,,100,10.5,1,6.6,10.3,77.6,25.3,,61.6,,,,,,,,365.8136483,,
2013,240,-117.08011,46.78145,CF13GPSW_239_22-J,SW,,100,21.1,1,6.6,11.2,77,27.9,,61.5,,,,,,,,204.6423885,,
2013,241,-117.07961,46.78137,CF13GPWW_241_23-J,WW,,100,0,1,9.3,11.7,71.9,31.7,,60.6,,,,,,,,413.3858268,,
2013,242,-117.07919,46.78133,CF13GPWW_242_24-J,WW,,100,0,1,9.3,9.6,74.9,24.6,,61.5,,,,,,,,339.1568241,,
2013,243,-117.07877,46.78126,CF13GPWW_243_25-J,WW,,100,5.3,1,9.4,8.6,75.7,21.2,,58.4,,,,,,,,353.1003937,,
2013,244,-117.07839,46.78129,CF13GPWW_244_26-J,WW,,100,0,1,9.6,9.1,73.9,23.5,,59.1,,,,,,,,323.9829396,,
2013,245,-117.07794,46.78127,CF13GPWW_245_27-J,WW,,100,0,1,9.4,10.7,72.7,28.5,,59.1,,,,,,,,425.6889764,,
2013,246,-117.07752,46.78121,CF13GPWW_246_28-J,WW,,100,0,1,9.2,10,74.4,26.2,,61.1,,,,,,,,470.8005249,,
2013,247,-117.0771,46.78137,CF13GPWW_247_29-J,WW,,100,0,1,9.4,10.8,71.6,28.9,,58.4,,,,,,,,393.2906824,,
2013,248,-117.0767,46.78116,CF13GPWW_248_30-J,WW,,100,0,1,9.1,9,74.9,22.1,,59.9,,,,,,,,470.8005249,,
2013,249,-117.08586,46.78153,CF13GPWW_248_9-K,WW,,100,0,1,9.1,14.3,67.5,39.3,,56.6,,,,,,,,40.6003937,,
2013,250,-117.08545,46.78164,CF13GPSW_249_10-K,SW,,100,15.8,1,7.6,8.8,75.4,22.7,,60.3,,,,,,,,298.1463255,,
2013,251,-117.08503,46.78149,CF13GPSW_250_11-K,SW,,100,5.3,1,7.6,8.8,75.7,22.2,,60.4,,,,,,,,209.9737533,,
2013,252,-117.08458,46.78156,CF13GPSW_251_12-K,SW,,100,10.5,1,9.2,8.9,74.4,22.9,,60.5,,,,,,,,264.5177165,,
2013,253,-117.08419,46.78153,CF13GPSW_252_13-K,SW,,100,10.5,1,6.5,11.2,77.3,27.7,,60.1,,,,,,,,238.6811024,,
2013,254,-117.08377,46.7816,CF13GPGB_253_14-K,GB,,100,0,1,,,,,,,46.215,3.1322,,,,,,151.7388451,,
2013,255,-117.08336,46.78152,CF13GPSB_254_15-K,SB,,100,0,1,6.2,11.7,65.8,,,53,,,,,,,,285.8431759,,
2013,256,-117.08294,46.78159,CF13GPGB_255_16-K,GB,,100,0,1,,,,,,,46.402,3.6318,,,,,,191.5190289,,
2013,257,-117.08252,46.78162,CF13GPGB_256_17-K,GB,,100,0,1,,,,,,,46.651,3.4872,,,,,,138.6154856,,
2013,258,-117.0821,46.78143,CF13GPGB_257_18-K,GB,,100,0,1,,,,,,,47.087,3.9031,,,,,,90.22309711,,
2013,259,-117.08168,46.78156,CF13GPGB_258_19-K,GB,,100,0,1,,,,,,,46.442,3.5426,,45.09,0.49455,,,87.76246719,,
2013,260,-117.08127,46.78157,CF13GPGB_259_20-K,GB,,100,0,1,,,,,,,45.999,3.7793,,,,,,137.7952756,,
2013,261,-117.08085,46.78142,CF13GPSW_260_21-K,SW,,100,10.5,1,9.6,12,68.8,32.4,,58.5,,,,,,,,284.2027559,,
2013,262,-117.08043,46.78169,CF13GPSW_261_22-K,SW,,100,10.5,1,6.7,10.1,77.5,24.2,,60,,,,,,,,300.6069554,,
2013,263,-117.08001,46.78166,CF13GPSW_262_23-K,SW,,100,10.5,1,6.8,8.8,79.1,21.3,,61.9,,,,,,,,286.2532808,,
2013,264,-117.07959,46.78162,CF13GPWW_264_24-K,WW,,100,0,1,9.3,10,73.5,27.1,,59.4,,,,,,,,479.8228346,,
2013,265,-117.07916,46.78153,CF13GPWW_265_25-K,WW,,100,0,1,9.4,10,73.7,27.1,,61.5,,,,,,,,540.5183727,,
2013,266,-117.07876,46.78155,CF13GPWW_266_26-K,WW,,100,0,1,9.5,9.9,72.9,27.2,,60.2,,,,,,,,403.5433071,,
2013,267,-117.07834,46.78156,CF13GPWW_267_27-K,WW,,100,0,1,9.1,10,73.9,26.1,,59,,,,46.018,0.28359,,,424.4586614,,556.1023622
2013,268,-117.07792,46.7815,CF13GPWW_268_28-K,WW,,100,0,1,9.6,9.6,73.9,25,,59.7,,,,,,,,403.9534121,,
2013,269,-117.0775,46.78166,CF13GPWW_269_29-K,WW,,100,0,1,9.7,9.7,74.2,26.2,,58.2,,,,,,,,337.9265092,,
2013,270,-117.07709,46.78143,CF13GPWW_270_30-K,WW,,100,5.3,1,9.4,9.5,75.4,24.3,,60.1,,,,,,,,497.8674541,,
2013,271,-117.07667,46.78156,CF13GPWW_271_31-K,WW,,100,0,1,9.2,8.9,74.4,22,,58.8,,,,,,,,379.3471129,,
2013,272,-117.08559,46.78181,CF13GPWW_271_9-L,WW,,100,0,1,9.1,13.3,69.6,36.4,,57.9,,,,,,,,151.7388451,,
2013,273,-117.08517,46.78193,CF13GPSW_272_10-L,SW,,100,10.5,1,6.3,9.9,77.5,22,,56.6,,,,,,,,227.1981627,,
2013,274,-117.08475,46.78178,CF13GPSW_273_11-L,SW,,100,10.5,1,6.5,9,78.9,21.3,,60.1,,,,,,,,310.0393701,,
2013,275,-117.08436,46.78188,CF13GPSW_274_12-L,SW,,100,15.8,1,7.6,10,75.2,26.8,,62.1,,,,,,,,384.6784777,,
2013,276,-117.08392,46.78182,CF13GPSW_275_13-L,SW,,100,10.5,1,7.5,12.2,72.7,31.8,,59.3,,,,,,,,255.4954068,,
2013,277,-117.0835,46.78188,CF13GPGB_276_14-L,GB,,100,0,1,,,,,,,46.348,3.7255,,,,,,98.83530184,,
2013,278,-117.08308,46.7818,CF13GPSB_277_15-L,SB,,100,10.5,1,9,10.3,63.5,,,54.4,,,,,,,,385.9087927,,
2013,279,-117.08265,46.78186,CF13GPGB_278_16-L,GB,,100,0,1,,,,,,,47.184,3.6089,,,,,,200.9514436,,
2013,280,-117.08225,46.78191,CF13GPGB_279_17-L,GB,,100,0,1,,,,,,,46.292,3.5711,,,,,,175.5249344,,
2013,281,-117.08181,46.7817,CF13GPGB_280_18-L,GB,,100,0,1,,,,,,,46.405,3.6065,,,,,,152.5590551,,
2013,282,-117.08141,46.78185,CF13GPGB_281_19-L,GB,,100,0,1,,,,,,,46.322,3.6219,,,,,,92.68372703,,
2013,283,-117.08099,46.78185,CF13GPGB_282_20-L,GB,,100,0,1,,,,,,,46.444,3.5772,,,,,,141.4862205,,
2013,284,-117.08057,46.78171,CF13GPSW_283_21-L,SW,,100,10.5,1,6.3,10.1,77.3,23.4,,58.9,,,,,,,,262.8772966,,
2013,285,-117.08016,46.78197,CF13GPSW_284_22-L,SW,,100,10.5,1,9.9,10,70.5,27.9,,62.9,,,,,,,,446.1942257,,
2013,286,-117.07974,46.78194,CF13GPSW_285_23-L,SW,,100,5.3,1,7.7,9.2,75.8,24.1,,62.7,,,,,,,,429.7900262,,
2013,287,-117.07932,46.78191,CF13GPWW_287_24-L,WW,,100,0,1,9.3,10.1,73.7,27.3,,61.4,,,,,,,,556.1023622,,
2013,288,-117.07887,46.7818,CF13GPWW_288_25-L,WW,,100,0,1,9.5,9.3,75,23.4,,60.8,,,,,,,,402.7230971,,
2013,289,-117.07848,46.78184,CF13GPWW_289_26-L,WW,,100,0,1,9.5,9.9,74,25.6,,60.8,,,,,,,,409.2847769,,
2013,290,-117.07807,46.78184,CF13GPWW_290_27-L,WW,,100,0,1,9.2,10.1,72.7,26.4,,57,,,,,,,,371.1450131,,
2013,291,-117.07765,46.78178,CF13GPWW_291_28-L,WW,,100,0,1,9.1,9.5,73.3,23.9,,57.2,,,,,,,,302.2473753,,
2013,292,-117.07723,46.78195,CF13GPWW_292_29-L,WW,,100,0,1,9.4,9.6,72.4,24.7,,58.1,,,,,,,,325.6233596,,
2013,293,-117.07681,46.78172,CF13GPWW_293_30-L,WW,,100,0,1,9.2,11.3,71.3,30.2,,57.5,,,,,,,,329.3143045,,
2013,297,-117.085536,46.782098,,,,100,0,0,,,,,,,,,,,,,,,,
2013,298,-117.08512,46.78222,CF13GPWW_297_10-M,WW,,100,0,1,9.1,10.9,72.6,30.1,,60,,,,,,,,214.0748031,,
2013,299,-117.0847,46.78206,CF13GPSW_298_11-M,SW,,100,10.5,1,9.3,9.3,73.2,24.1,,60.5,,,,,,,,312.5,,
2013,300,-117.08428,46.78215,CF13GPSW_299_12-M,SW,,100,10.5,1,9.9,10,70.6,26.9,,60.4,,,,,,,,348.9993438,,
2013,301,-117.08386,46.78211,CF13GPSW_300_13-M,SW,,100,10.5,1,9.2,9.7,72.8,25.2,,58.3,,,,,,,,230.8891076,,
2013,302,-117.08343,46.78215,CF13GPGB_301_14-M,GB,,100,0,1,,,,,,,46.712,3.2564,,,,,,166.9127297,,
2013,303,-117.08301,46.78208,CF13GPSB_302_15-M,SB,,100,10.5,1,7.7,10.3,66.7,,,54.8,,,,,,,,391.6502625,,
2013,304,-117.08261,46.78216,CF13GPSB_303_16-M,SB,,100,0,1,6.6,10.9,65.8,,,52.3,,,,,,,,256.7257218,,
2013,305,-117.08219,46.7822,CF13GPGB_304_17-M,GB,,100,0,1,,,,,,,46.025,3.2729,,,,,,184.9573491,,
2013,306,-117.08177,46.782,CF13GPGB_305_18-M,GB,,100,0,1,,,,,,,46.429,3.4599,,,,,,167.7329396,,
2013,307,-117.08136,46.78214,CF13GPGB_306_19-M,GB,,100,0,1,,,,,,,46.16,3.4412,,,,,,192.3392388,,
2013,308,-117.08094,46.78214,CF13GPGB_307_20-M,GB,,100,0,1,,,,,,,46.825,3.5935,,,,,,142.3064304,,
2013,309,-117.0805,46.78198,CF13GPSW_308_21-M,SW,,100,10.5,1,6.7,9.3,79.1,22.7,,61.7,,,,,,,,347.7690289,,
2013,310,-117.0801,46.78226,CF13GPSW_309_22-M,SW,,100,10.5,1,6.8,8.8,79.6,21.3,,62.4,,,,,,,,362.9429134,,
2013,311,-117.07968,46.78223,CF13GPSW_310_23-M,SW,,100,5.3,1,7,8.7,78.4,21.3,,62.1,,,,,,,,466.6994751,,
2013,312,-117.0793,46.78221,CF13GPSW_311_24-M,SW,,100,10.5,1,9.8,9.1,71.3,24.5,,63,,,,,,,,401.9028871,,
2013,313,-117.07885,46.78211,CF13GPWW_313_25-M,WW,,100,0,1,9.8,10.9,73,30.4,,60.5,,,,,,,,422.8182415,,
2013,314,-117.07843,46.78213,CF13GPWW_314_26-M,WW,,100,0,1,9.6,11.2,72.2,31.2,,58.6,,,,,,,,291.5846457,,
2013,315,-117.07804,46.78215,CF13GPWW_315_27-M,WW,,100,0,1,9.9,11.5,73,31.3,,61.1,,,,,,,,572.5065617,,
2013,316,-117.07759,46.78207,CF13GPWW_316_28-M,WW,,100,0,1,9.8,9.5,73.6,25.3,,58.9,,,,,,,,276.8208661,,
2013,323,-117.0851352,46.78249247,,,,100,0,0,,,,,,,,,,,,,,,,
2013,324,-117.08475,46.78235,CF13GPSW_323_11-N,SW,,100,10.5,1,5.8,10.9,75.3,24.4,,58.7,,,,,,,,157.07021,,
2013,325,-117.08433,46.78244,CF13GPSW_324_12-N,SW,,100,10.5,1,10,9.9,71.2,25.7,,58.2,,,,,,,,233.7598425,,
2013,326,-117.08391,46.78239,CF13GPSW_325_13-N,SW,,100,21.1,1,6.9,10.4,76.9,25.3,,61.2,,,,,,,,371.9652231,,
2013,327,-117.0835,46.78245,CF13GPSW_326_14-N,SW,,100,10.5,1,9.9,11,69.4,30.4,,60.1,,,,,,,,276.8208661,,
2013,328,-117.08308,46.78238,CF13GPGB_327_15-N,GB,,100,0,1,,,,,,,46.568,3.5538,,,,,,157.8904199,,
2013,329,-117.08265,46.78244,CF13GPSB_328_16-N,SB,,100,0,1,7.7,10,69.2,,,55.1,,,,45.256,0.36653,,,312.910105,,292.4048556
2013,330,-117.08224,46.78248,CF13GPSB_329_17-N,SB,,100,0,1,6.6,10.4,67.3,,,55.5,,,,,,,,323.5728346,,
2013,331,-117.08182,46.78228,CF13GPGB_330_18-N,GB,,100,0,1,,,,,,,46.144,3.2753,,,,,,202.1817585,,
2013,332,-117.08141,46.78242,CF13GPGB_331_19-N,GB,,100,0,1,,,,,,,46.502,3.3305,,,,,,193.9796588,,
2013,333,-117.08099,46.78242,CF13GPGB_332_20-N,GB,,100,0,1,,,,,,,45.3,3.3397,,,,,,136.1548556,,
2013,334,-117.08057,46.78228,CF13GPGB_333_21-N,GB,,100,0,1,,,,,,,46.576,3.3292,,,,,,222.2769029,,
2013,335,-117.08015,46.78254,CF13GPGB_334_22-N,GB,,100,0,1,,,,,,,46.575,3.4984,,45.481,0.49755,,,161.5813648,,
2013,336,-117.07974,46.78251,CF13GPSW_335_23-N,SW,,100,10.5,1,6.5,9.3,78.2,21.7,,60.2,,,,,,,,394.9311024,,
2013,337,-117.07932,46.78248,CF13GPSW_336_24-N,SW,,100,10.5,1,9.9,9.8,70.6,26.4,,60.6,,,,44.847,0.3026,,,322.7526247,,431.4304462
2013,338,-117.07889,46.78239,CF13GPWW_338_25-N,WW,,100,0,1,10.7,12,68.2,31.7,,54.8,,,,,,,,410.9251969,,
2013,348,-117.08462,46.78264,CF13GPWW_347_11-O,WW,,100,0,1,9.1,13.6,69,37.2,,59.6,,,,,,,,162.8116798,,
2013,349,-117.0842,46.78272,CF13GPSW_348_12-O,SW,,100,21.1,1,6.9,10.1,77.6,24.1,,62.6,,,,,,,,345.7185039,,
2013,350,-117.08378,46.78268,CF13GPSW_349_13-O,SW,,100,10.5,1,9.2,8.6,73.8,22.4,,61.8,,,,,,,,302.6574803,,
2013,351,-117.08336,46.78274,CF13GPSW_350_14-O,SW,,100,21.1,1,6.4,10.8,77.5,25.7,,60.8,,,,,,,,214.8950131,,
2013,352,-117.08292,46.78265,CF13GPGB_351_15-O,GB,,100,0,1,,,,,,,46.339,3.602,,,,,,191.1089239,,
2013,353,-117.08253,46.78273,CF13GPGB_352_16-O,GB,,100,0,1,,,,,,,46.404,3.3985,,,,,,189.058399,,
2013,354,-117.08211,46.78277,CF13GPSB_353_17-O,SB,,100,0,1,6.5,9.9,67.8,,,56.1,,,,,,,,364.1732283,,
2013,355,-117.08169,46.78257,CF13GPGB_354_18-O,GB,,100,0,1,,,,,,,46.31,3.4783,,,,,,188.238189,,
2013,356,-117.08127,46.78271,CF13GPGB_355_19-O,GB,,100,0,1,,,,,,,46.628,3.3775,,,,,,184.1371391,,
2013,357,-117.08086,46.78271,CF13GPGB_356_20-O,GB,,100,0,1,,,,,,,46.46,3.2846,,,,,,244.0124672,,
2013,358,-117.08041,46.78256,CF13GPGB_357_21-O,GB,,100,0,1,,,,,,,46.307,3.4236,,,,,,198.9009186,,
2013,359,-117.08002,46.78283,CF13GPGB_358_22-O,GB,,100,0,1,,,,,,,46.239,3.5071,,,,,,179.6259843,,
2013,360,-117.0796,46.7828,CF13GPSW_359_23-O,SW,,100,5.3,1,6.4,13.3,71.5,31.4,,56.3,,,,,,,,295.2755906,,
2013,371,-117.08423,46.78297,CF13GPWW_370_12-P,WW,,100,0,1,9.1,9.2,75,22.6,,58.1,,,,,,,,426.0990814,,
2013,372,-117.0838,46.78296,CF13GPSW_371_13-P,SW,,100,21.1,1,6.6,10,76.5,23.9,,61.5,,,,,,,,338.7467192,,
2013,373,-117.08338,46.78303,CF13GPSW_372_14-P,SW,,100,10.5,1,10.2,9.4,71.1,25.5,,61.6,,,,,,,,325.2132546,,
2013,374,-117.08296,46.78295,CF13GPSW_373_15-P,SW,,100,21.1,1,6.8,11.2,75.3,28,,60.9,,,,,,,,358.8418635,,
2013,375,-117.08253,46.78301,CF13GPGB_374_16-P,GB,,100,0,1,,,,,,,46.527,3.5113,,,,,,179.2158793,,
2013,376,-117.08213,46.78305,CF13GPGB_375_17-P,GB,,100,0,1,,,,,,,46.66,3.2715,,,,,,171.0137795,,
2013,377,-117.08165,46.78282,CF13GPGB_376_18-P,GB,,100,0,1,,,,,,,46.311,3.5546,,,,,,178.8057743,,
2013,378,-117.08129,46.78299,CF13GPGB_377_19-P,GB,,100,0,1,,,,,,,46.614,3.3819,,,,,,178.8057743,,
2013,379,-117.08087,46.783,CF13GPGB_378_20-P,GB,,100,0,1,,,,,,,46.455,3.3789,,,,,,207.9232283,,
2013,380,-117.08045,46.78285,CF13GPGB_379_21-P,GB,,100,0,1,,,,,,,46.473,3.5933,,,,,,123.851706,,
2013,381,-117.080036,46.783116,,,,100,0,0,,,,,,,,,,,,,,,,
2013,394,-117.08391,46.78313,CF13GPSW_393_13-Q,SW,,100,10.5,1,9.3,10.8,72.1,28.5,,60.4,,,,,,,,300.6069554,,
2013,395,-117.0835,46.78331,CF13GPSW_394_14-Q,SW,,100,10.5,1,6.4,10.6,77,23.8,,58.1,,,,,,,,182.9068241,,
2013,396,-117.08308,46.78323,CF13GPSW_395_15-Q,SW,,100,15.8,1,7,9.1,78.5,22,,59.6,,,,,,,,308.8090551,,
2013,397,-117.08266,46.7833,CF13GPSW_396_16-Q,SW,,100,15.8,1,7.1,9,78.6,21.8,,60.9,,,,,,,,294.4553806,,
2013,398,-117.08228,46.78336,CF13GPSW_397_17-Q,SW,,100,10.5,1,10,10.8,69.9,29.4,,61.3,,,,,,,,356.3812336,,
2013,399,-117.08183,46.78314,CF13GPSB_398_18-Q,SB,,100,0,1,6.8,10.5,67.7,,,55.4,,,,,,,,411.7454068,,
2013,400,-117.08141,46.78328,CF13GPSB_399_19-Q,SB,,100,10.5,1,6.8,10,67.9,,,54.5,,,,,,,,259.1863517,,
2013,401,-117.08099,46.78328,CF13GPGB_400_20-Q,GB,,100,0,1,,,,,,,46.41,3.5329,,,,,,214.4849081,,
2013,402,-117.08057,46.78314,CF13GPGB_401_21-Q,GB,,100,0,1,,,,,,,46.68,3.3689,,,,,,202.5918635,,
2013,419,-117.08321,46.78346,CF13GPSW_418_15-R,SW,,100,10.5,1,9.9,9,71.9,23.4,,60.9,,,,,,,,312.910105,,
2013,420,-117.08277,46.78352,CF13GPSW_419_16-R,SW,,100,21.1,1,6.5,10.3,77.5,25.2,,61.6,,,,,,,,510.9908136,,
2013,421,-117.08237,46.78355,CF13GPSW_420_17-R,SW,,100,10.5,1,7.6,10.2,74.2,27.5,,59.9,,,,,,,,287.8937008,,
2013,422,-117.08193,46.78343,CF13GPGB_421_18-R,GB,Mouse damage,100,10.5,1,,,,,,,46.296,3.0261,,,,,,31.98818898,,
2013,423,-117.0814836,46.78355263,,,,100,0,0,,,,,,,,,,,,,,,,
2013,424,-117.081097,46.783569,,,,100,0,0,,,,,,,,,,,,,,,,
2013,425,-117.080679,46.783425,,,,100,0,0,,,,,,,,,,,,,,,,
2014,1,-117.087514,46.778729,GPHY14_GB_A4_1_5-A,GB,TOTAL SAMPLE GROUND |  |  | NA,100,5.3,1,,,,,,,,,,,,,,14.5,,290.5
2014,2,-117.0870646,46.77869163,CF14GPSW_6-A,SW,MOISTURE OUTSIDE LIMITS |  |  | NA,100,5.3,1,6,13.4,64.3,33.1,,47.1,,,,,,,,255,,
2014,3,-117.086678,46.778791,CF14GPSW_7-A,SW,MOISTURE OUTSIDE LIMITS |  |  | NA,100,5.3,1,6.8,11.7,68,26.3,,50,,,,,,,,218,,
2014,4,-117.08626,46.778761,CF14GPSW_8-A,SW,MOISTURE OUTSIDE LIMITS |  |  | NA,100,5.3,1,6.2,11,69.1,24.6,,50.4,,,,,,,,336,,
2014,5,-117.085842,46.778666,CF14GPWW_4_9-A,WW, |  |  | NA,100,0,1,8.9,11.2,68.3,29.9,,49.2,,,,,,,,506.5,,332.5
2014,6,-117.0854188,46.77877321,CF14GPWW_5_10-A,WW, |  |  | Dry Grain Weight: missing,100,0,1,,,,,,,,,,,,,,,,
2014,7,-117.085006,46.778632,CF14GPWW_6_11-A,WW, |  |  | NA,100,0,1,9.1,12.5,67.7,33.6,,49.7,,,,,,,,389.5,,338.5
2014,8,-117.084588,46.778721,CF14GPWW_7_12-A,WW, |  |  | NA,100,0,1,8.9,11.8,70.4,30.8,,50.6,,,,,,,,393,,340
2014,9,-117.08417,46.778674,CF14GPWW_8_13-A,WW, |  |  | NA,100,0,1,9.3,11.9,66.7,32,,44.5,,,,,,,,491.5,,429
2014,10,-117.083752,46.778737,CF14GPWW_9_14-A,WW, |  |  | NA,100,0,1,8.8,12,70,32,,51.3,,,,,,,,378,,537.5
2014,11,-117.083334,46.778658,CF14GPWW_10_15-A,WW, |  |  | NA,100,0,1,8.9,11.7,70.4,31.3,,48.8,,,,,,,,537.5,,436
2014,12,-117.0829398,46.77873108,CF14GPWW_11_16-A,WW, |  |  | NA,100,0,1,8.5,10.2,72.9,26.8,,54.6,,,,,,,,560,,412
2014,13,-117.082498,46.778764,CF14GPSW_17-A,SW,MOISTURE OUTSIDE LIMITS |  | ORIGINAL SAMPLE BAG RIPPED | NA,100,15.8,1,6.5,11.8,70.5,25.9,,56,,,,,,,,255,,
2014,14,-117.0816322,46.77868863,GPHY14_SB_C3_14_19-A,SB, |  |  | NA,100,0,1,11.3,9.9,61.9,,,47.6,,,,,,,,345,,
2014,15,-117.081244,46.778707,GPHY14_SB_C3_15_20-A,SB, |  |  | NA,100,0,1,11.5,12.5,62.5,,,51.1,,,,,,,,337,,
2014,16,-117.080408,46.778826,CF14GPWW_15_22-A,WW, |  |  | NA,100,10.5,1,8.5,12.2,71.6,33,,55.8,,,,,,,,653.5,,27.5
2014,17,-117.07999,46.778797,CF14GPSW_23-A,SW,NA | NA | NA | missing,100,0,1,,,,,,,,,,,,,,,,
2014,18,-117.0888801,46.77895174,GPHY14_GB_A1_18_1-B,GB, |  |  | NA,100,0,1,,,,,,,,,,,,,,127,,479
2014,19,-117.0884663,46.77882662,GPHY14_GB_A2_19_2-B,GB, |  |  | NA,100,0,1,,,,,,,,,,,,,,156,,162.5
2014,20,-117.088064,46.778867,GPHY14_GB_A2_20_3-B,GB, |  |  | NA,100,0,1,,,,,,,,,,,,,,116,,167
2014,21,-117.087646,46.778842,GPHY14_GB_A3_21_4-B,GB, |  |  | NA,100,0,1,,,,,,,,,,,,,,247.5,,291
2014,22,-117.087228,46.779015,GPHY14_GB_A4_22_5-B,GB, |  |  | NA,100,0,1,,,,,,,,,,,,,,138.5,,240.5
2014,23,-117.086831,46.77900278,GPHY14_GB_A4_23_6-B,GB,MOUSE DAMAGE TO ORIGINAL BAG |  |  | NA,100,5.3,1,,,,,,,,,,,,,,106,,318
2014,24,-117.086392,46.779077,CF14GPSW_7-B,SW,MOISTURE OUTSIDE LIMITS |  |  | NA,100,5.3,1,7,12.3,66.9,29.3,,53.8,,,,,,,,262,,
2014,25,-117.085974,46.779047,CF14GPSW_8-B,SW,MOISTURE OUTSIDE LIMITS | STARCH OUTSIDE LIMITS |  | NA,100,10.5,1,6.6,10.6,74.2,24.1,,58.6,,,,,,,,416.5,,
2014,26,-117.085556,46.778952,CF14GPWW_25_9-B,WW,Starch outside limits |  |  | NA,100,5.3,1,9.5,9.3,67.6,24.3,,43,,,,,,,,555,,506.5
2014,27,-117.085117,46.77906282,CF14GPWW_26_10-B,WW, |  |  | NA,100,0,1,8.9,9.8,70.1,25.7,,41.5,,,,,,,,600.5,,438
2014,28,-117.08472,46.778918,CF14GPWW_27_11-B,WW, |  |  | NA,100,0,1,9,10.8,72.3,29.1,,53.2,,,,,,,,719,,559.5
2014,29,-117.084302,46.779007,CF14GPWW_28_12-B,WW,Starch outside limits |  |  | NA,100,5.3,1,8.3,9.7,74,24.8,,50.1,,,,,,,,452.5,,427
2014,30,-117.083884,46.77896,CF14GPWW_29_13-B,WW, |  |  | NA,100,0,1,7.9,10.8,73.9,28.8,,54.1,,,,,,,,532.5,,923
2014,31,-117.083466,46.779023,CF14GPWW_30_14-B,WW, |  |  | NA,100,0,1,8.1,10.3,73.4,27.4,,51.4,,,,,,,,512.5,,513
2014,32,-117.083048,46.778944,CF14GPWW_31_15-B,WW, |  |  | NA,100,0,1,8.1,10.2,72.2,26.1,,45.8,,,,,,,,666,,967.5
2014,33,-117.08263,46.779013,CF14GPWW_32_16-B,WW, |  |  | NA,100,0,1,8.2,12.1,65.2,31.5,,40,,,,,,,,411,,478.5
2014,34,-117.082212,46.77905,CF14GPSW_17-B,SW,MOISTURE OUTSIDE LIMITS |  |  | NA,100,5.3,1,6.5,11,72.5,24.4,,55.7,,,,,,,,350,,
2014,35,-117.081794,46.778852,GPHY14_GB_C2_35_18-B_BIO,GB, |  |  | NA,100,0,1,,,,,,,,,,,,,,170,,195
2014,36,-117.0814058,46.77900737,GPHY14_GB_C2_36_19-B,GB, |  |  | NA,100,0,1,,,,,,,,,,,,,,261,,246.5
2014,37,-117.080958,46.778993,GPHY14_SB_C3_37_20-B,SB, |  |  | NA,100,0,1,12.2,14.5,58.5,,,42.6,,,,,,,,188.5,,
2014,38,-117.08054,46.778849,CF14GPWW_37_21-B,WW, |  |  | NA,100,0,1,8.2,11.5,71.3,31.4,,53.8,,,,,,,,443,,263.5
2014,39,-117.080122,46.779112,CF14GPWW_38_22-B,WW, |  |  | NA,100,0,1,8.3,10.3,73.9,28,,55.7,,,,,,,,314,,461
2014,40,-117.079704,46.779083,CF14GPSW_23-B,SW,"SAMPLE TOO SMALL, MUST BE GROUND AND ANALYZED |  |  | NA",100,10.5,1,,,,,,,,,,,,,,63,,
2014,41,-117.079286,46.779047,CF14GPSW_24-B,SW,MOISTURE OUTSIDE LIMITS |  | ORIGINAL SAMPLE BAG DAMAGED | NA,100,15.8,1,6.9,11.6,73.5,27.2,,57.7,,,,,,,,409.5,,
2014,42,-117.0887062,46.77911338,GPHY14_GB_A1_42_2-C,GB, |  |  | NA,100,0,1,,,,,,,,,,,,,,153,,362
2014,43,-117.088318,46.779153,GPHY14_GB_A1_43_3-C,GB, |  |  | NA,100,0,1,,,,,,,,,,,,,,285,,338.5
2014,44,-117.0879,46.779128,GPHY14_GB_A2_44_4-C,GB, |  |  | NA,100,0,1,,,,,,,,,,,,,,80.5,,97.5
2014,45,-117.0874635,46.77928833,GPHY14_GB_A3_45_5-C,GB, |  |  | NA,100,0,1,,,,,,,,,,,,,,151,,162
2014,46,-117.087064,46.779278,GPHY14_GB_A3_46_6-C,GB,MOUSE DAMAGE |  |  | NA,100,10.5,1,,,,,,,,,,,,,,74,,162
2014,47,-117.086646,46.779363,GPHY14_GB_A4_47_7-C,GB, |  |  | NA,100,0,1,,,,,,,,,,,,,,158.5,,236.5
2014,48,-117.086228,46.779333,CF14GPSW_8-C,SW,MOISTURE OUTSIDE LIMITS |  |  | NA,100,5.3,1,7,11,69.4,25.2,,53.8,,,,,,,,517.5,,
2014,49,-117.08581,46.779238,CF14GPSW_9-C,SW, | STARCH OUTSIDE LIMITS |  | NA,100,5.3,1,7.3,10,75.7,24.3,,60,,,,,,,,494.5,,
2014,50,-117.0853355,46.77932123,CF14GPWW_49_10-C,WW, |  |  | NA,100,0,1,7.9,11.7,69.1,31.3,,43.4,,,,,,,,433.5,,317
2014,51,-117.0849635,46.77919681,CF14GPWW_50_11-C,WW, |  |  | Dry Grain Weight: missing,100,0,1,,,,,,,,,,,,,,,,
2014,52,-117.084556,46.779293,CF14GPWW_51_12-C,WW, |  |  | NA,100,0,1,8.5,11.8,68.2,31.2,,48.5,,,,,,,,530,,364.5
2014,53,-117.084138,46.779246,CF14GPWW_52_13-C,WW, |  |  | NA,100,0,1,8.9,10.3,72.1,27.8,,53,,,,,,,,747,,532.5
2014,54,-117.08372,46.779309,CF14GPWW_53_14-C,WW, |  |  | NA,100,0,1,9.2,13.7,62.5,37,,40.8,,,,,,,,379.5,,366
2014,55,-117.083302,46.77923,CF14GPWW_54_15-C,WW, |  |  | NA,100,0,1,8.4,10.3,74.7,27.4,,53.7,,,,,,,,571,,374
2014,56,-117.0829019,46.77931128,CF14GPWW_55_16-C,WW, |  |  | NA,100,0,1,8.3,11.9,70.4,31.4,,51.7,,,,,,,,500.5,,514
2014,57,-117.082466,46.779336,CF14GPWW_56_17-C,WW, |  |  | NA,100,0,1,8.7,10.3,74.4,27.1,,53.7,,,,,,,,556,,412
2014,58,-117.082048,46.779138,CF14GPSW_18-C,SW,MOISTURE OUTSIDE LIMITS | STARCH OUTSIDE LIMITS |  | NA,100,10.5,1,7,11.1,73.4,25.6,,57.5,,,,,,,,347.5,,
2014,59,-117.0816002,46.77925244,GPHY14_GB_C2_59_19-C,GB, |  |  | NA,100,0,1,,,,,,,,,,,,,,228.5,,202
2014,60,-117.081212,46.779279,GPHY14_GB_C2_60_20-C,GB, |  |  | NA,100,0,1,,,,,,,,,,,,,,254.5,,232.5
2014,61,-117.080794,46.779135,GPHY14_SB_C3_61_21-C,SB, |  |  | NA,100,0,1,12.2,9.3,64.3,,,51.6,,,,,,,,420.5,,
2014,62,-117.0803999,46.77941847,GPHY14_SB_C3_62_22-C,SB, |  |  | NA,100,0,1,12.6,11.6,62.8,,,52.7,,,,,,,,544.5,,
2014,63,-117.079958,46.779369,CF14GPWW_62_23-C,WW, |  |  | NA,100,0,1,8.6,12.7,69.6,34.9,,59.1,,,,,,,,531.5,,371
2014,64,-117.07954,46.779333,CF14GPSW_24-C,SW, | STARCH OUTSIDE LIMITS |  | NA,100,5.3,1,7.1,9.2,74.5,21.4,,59.9,,,,,,,,353.5,,
2014,65,-117.079122,46.779254,CF14GPSW_25-C,SW,MOISTURE OUTSIDE LIMITS | STARCH OUTSIDE LIMITS |  | NA,100,10.5,1,7.2,8.7,77.7,20.2,,59.6,,,,,,,,574.5,,
2014,66,-117.0787339,46.77928646,CF14GPSW_26-C,SW,MOISTURE OUTSIDE LIMITS |  | ORIGINAL SAMPLE BAG RIPPED | NA,100,10.5,1,6.7,12.4,67.7,26.9,,56.1,,,,,,,,400.5,,
2014,67,-117.078286,46.779271,CF14GPSW_27-C,SW,MOISTURE OUTSIDE LIMITS |  |  | NA,100,5.3,1,6.9,12.6,67.2,28.4,,55.1,,,,,,,,383,,
2014,68,-117.088231,46.779439,GPHY14_GB_A1_68_3-D,GB, |  |  | NA,100,0,1,,,,,,,,,,,,,,156.5,,215
2014,69,-117.087813,46.779414,831GPHY14_GB_A2_69_4-D,GB, |  |  | NA,100,0,1,,,,,,,,,,,,,,154,,213.5
2014,70,-117.087395,46.779587,GPHY14_GB_A2_70_5-D_BIO,GB, |  |  | NA,100,0,1,,,,,,,,,,,,,,115.5,,296
2014,71,-117.086977,46.779564,GPHY14_GB_A3_71_6-D,GB, |  |  | NA,100,0,1,,,,,,,,,,,,,,104,,184.5
2014,72,-117.086559,46.779649,GPHY14_GB_A4_72_7-D,GB, |  |  | NA,100,0,1,,,,,,,,,,,,,,220,,326.5
2014,73,-117.0861725,46.77963697,GPHY14_GB_A4_73_8-D,GB,MOUSE DAMAGE TO ORIGINAL BAG |  |  | 4 MICE IN THE BAG,100,10.5,1,,,,,,,,,,,,,,171,,351.5
2014,74,-117.0856916,46.77950963,CF14GPSW_9-D,SW, | STARCH OUTSIDE LIMITS |  | NA,100,5.3,1,7.4,9.1,74.6,21.5,,61.5,,,,,,,,601,,
2014,75,-117.085305,46.779642,CF14GPSW_10-D,SW, | STARCH OUTSIDE LIMITS |  | NA,100,5.3,1,8,8.7,76.3,20.8,,60.1,,,,,,,,496,,603.5
2014,76,-117.084887,46.77949,CF14GPWW_75_11-D,WW, |  |  | NA,100,0,1,9,10.1,72.6,26.4,,47.1,,,,,,,,672,,1040
2014,77,-117.084469,46.779579,CF14GPWW_76_12-D,WW, |  |  | NA,100,0,1,9.3,11.5,72.4,30.6,,56.3,,,,,,,,561,,391.5
2014,78,-117.084051,46.779532,CF14GPWW_77_13-D,WW, |  |  | NA,100,0,1,8.8,12,68.8,32.1,,48.8,,,,,,,,433.5,,797
2014,79,-117.083633,46.779595,CF14GPWW_78_14-D,WW, |  |  | NA,100,0,1,9.1,11.4,71.5,30.5,,51.9,,,,,,,,402,,356.5
2014,80,-117.083215,46.779516,CF14GPWW_79_15-D,WW, |  |  | NA,100,0,1,9,12.1,67,31.7,,44.1,,,,,,,,397,,369
2014,81,-117.082797,46.779585,CF14GPWW_80_16-D,WW,Starch outside limits |  |  | NA,100,5.3,1,8.1,9.1,72.6,22.7,,34.6,,,,,,,,528,,405.5
2014,82,-117.082379,46.779622,CF14GPWW_81_17-D,WW,Starch outside limits |  |  | NA,100,5.3,1,8.2,10.1,74.6,26.6,,55.6,,,,,,,,491,,364
2014,83,-117.081961,46.779424,CF14GPSW_18-D,SW, |  |  | NA,100,0,1,7.3,11.7,71.3,27.7,,57.3,,,,,,,,305.5,,397.5
2014,84,-117.081543,46.779563,CF14GPSW_19-D,SW,MOISTURE OUTSIDE LIMITS |  |  | NA,100,5.3,1,6.5,11.6,71.7,26.5,,55.8,,,,,,,,374,,
2014,85,-117.081125,46.779565,GPHY14_GB_C2_85_20-D,GB, |  |  | NA,100,0,1,,,,,,,,,,,,,,204.5,,200.5
2014,86,-117.080707,46.779421,GPHY14_SB_C3_86_21-D,SB, |  |  | NA,100,0,1,10.8,12.6,62.5,,,53.1,,,,,,,,549.5,,
2014,87,-117.080289,46.779684,GPHY14_SB_C3_87_22-D,SB, |  |  | NA,100,0,1,11.5,11.5,62.9,,,51.8,,,,,,,,425.5,,
2014,88,-117.079871,46.779655,CF14GPWW_87_23-D,WW, |  |  | NA,100,0,1,7.9,12.3,71.2,33.5,,59.4,,,,,,,,446.5,,285
2014,89,-117.079447,46.77960671,CF14GPSW_24-D,SW,MOISTURE OUTSIDE LIMITS |  |  | NA,100,5.3,1,6.8,11.5,71.4,24.9,,56.8,,,,,,,,395.5,,
2014,90,-117.079035,46.77954,CF14GPSW_25-D,SW,MOISTURE OUTSIDE LIMITS | STARCH OUTSIDE LIMITS | ORIGINAL SAMPLE BAG RIPPED | NA,100,21.1,1,6.7,8.8,75.4,20.2,,60.3,,,,,,,,425,,
2014,91,-117.078617,46.779552,CF14GPSW_26-D,SW,MOISTURE OUTSIDE LIMITS |  |  | NA,100,5.3,1,6.7,11.4,70,24.2,,57.6,,,,,,,,376,,
2014,92,-117.078199,46.779557,CF14GPSW_27-D,SW,MOISTURE OUTSIDE LIMITS |  |  | NA,100,5.3,1,6.9,10.7,72.2,24,,60.2,,,,,,,,468.5,,
2014,93,-117.077781,46.779494,CF14GPSW_28-D,SW,MOISTURE OUTSIDE LIMITS |  |  | NA,100,5.3,1,6.2,13.4,64.3,32.2,,44,,,,,,,,233,,
2014,94,-117.077363,46.779658,CF14GPSW_29-D,SW,MOISTURE OUTSIDE LIMITS |  |  | NA,100,5.3,1,6.6,12.2,69.2,27.3,,54.5,,,,,,,,201,,
2014,95,-117.088073,46.77971682,GPHY14_GB_A1_95_3-E,GB, |  |  | NA,100,0,1,,,,,,,,,,,,,,104,,126.5
2014,96,-117.087663,46.7797,GPHY14_GB_A1_96_4-E,GB, |  |  | NA,100,0,1,,,,,,,,,,,,,,143,,218
2014,97,-117.087245,46.779873,GPHY14_GB_A2_97_5-E,GB, |  |  | NA,100,0,1,,,,,,,,,,,,,,73.5,,118.5
2014,98,-117.086827,46.77985,GPHY14_GB_A3_98_6-E,GB, |  |  | NA,100,0,1,,,,,,,,,,,,,,140,,214
2014,99,-117.086409,46.779935,GPHY14_GB_A3_99_7-E,GB, |  |  | NA,100,0,1,,,,,,,,,,,,,,136.5,,192.5
2014,100,-117.085991,46.779905,GPHY14_GB_A4_100_8-E_BIO,GB, |  |  | NA,100,0,1,,,,,,,,,,,,,,106.5,,186
2014,101,-117.085573,46.77981,CF14GPSW_9-E,SW,MOISTURE OUTSIDE LIMITS | STARCH OUTSIDE LIMITS |  | NA,100,10.5,1,6.8,10.1,73.9,23.8,,56.4,,,,,,,,407.5,,
2014,102,-117.085155,46.779928,CF14GPSW_10-E,SW,MOISTURE OUTSIDE LIMITS | STARCH OUTSIDE LIMITS |  | NA,100,10.5,1,6.9,9.4,75.6,22,,59,,,,,,,,405,,
2014,103,-117.084737,46.779776,CF14GPWW_102_11-E,WW, |  |  | NA,100,0,1,8.9,11.3,67.3,30,,45.6,,,,,,,,412,,551
2014,104,-117.0843452,46.77988297,CF14GPWW_103_12-E,WW, |  |  | NA,100,0,1,8.7,10.2,66.3,26.2,,40.3,,,,,,,,404,,472.5
2014,105,-117.083901,46.779818,CF14GPWW_104_13-E,WW, |  |  | NA,100,0,1,9.2,12.2,67.1,33.1,,42.2,,,,,,,,446.5,,408
2014,106,-117.083483,46.779881,CF14GPWW_105_14-E,WW, |  |  | NA,100,0,1,9,10,66.3,25.2,,41.4,,,,,,,,293,,508.5
2014,107,-117.083065,46.779802,CF14GPWW_106_15-E,WW, |  |  | NA,100,0,1,8.8,10.7,69,28,,45.2,,,,,,,,427.5,,429.5
2014,108,-117.082647,46.779871,CF14GPWW_107_16-E,WW, |  |  | NA,100,0,1,8.6,10.3,73.5,27.5,,52.8,,,,,,,,436.5,,444
2014,109,-117.0821935,46.77987977,CF14GPWW_108_17-E,WW, |  |  | NA,100,0,1,8.1,10.8,73.6,29.1,,57.8,,,,,,,,745,,543
2014,110,-117.0817533,46.77967045,CF14GPSW_18-E,SW,MOISTURE OUTSIDE LIMITS |  |  | NA,100,5.3,1,5.9,11.6,71.9,24.6,,56.6,,,,,,,,280.5,,
2014,111,-117.081393,46.779849,CF14GPSW_19-E,SW,MOISTURE OUTSIDE LIMITS | STARCH OUTSIDE LIMITS |  | NA,100,10.5,1,6.2,11.1,71,26,,52.3,,,,,,,,329,,
2014,112,-117.080975,46.779851,GPHY14_GB_C2_112_20-E,GB, |  |  | NA,100,0,1,,,,,,,,,,,,,,173,,178
2014,113,-117.0805391,46.77969063,GPHY14_SB_C3_113_21-E,SB, |  |  | NA,100,0,1,11.5,12.5,60.9,,,46.4,,,,,,,,303,,
2014,114,-117.080139,46.77997,GPHY14_SB_C3_114_22-E,SB, |  |  | NA,100,0,1,12.2,14.1,59.7,,,44.6,,,,,,,,212,,
2014,115,-117.0797031,46.77992463,CF14GPWW_114_23-E,WW, |  |  | NA,100,0,1,8.5,10.6,72.1,29,,57.9,,,,,,,,327,,242
2014,116,-117.079303,46.779905,CF14GPWW_115_24-E,WW, |  |  | NA,100,0,1,8,12.7,70.1,34.6,,56.9,,,,,,,,434.5,,306
2014,117,-117.078885,46.779826,CF14GPSW_25-E,SW,MOISTURE OUTSIDE LIMITS |  |  | NA,100,5.3,1,6.8,11.5,68.4,25.9,,55.5,,,,,,,,375,,
2014,118,-117.078467,46.779838,CF14GPSW_26-E,SW, | STARCH OUTSIDE LIMITS |  | NA,100,5.3,1,7.4,9,76.8,20.8,,59.9,,,,,,,,265,,
2014,119,-117.0780192,46.77982663,CF14GPSW_27-E,SW,MOISTURE OUTSIDE LIMITS |  |  | NA,100,5.3,1,6.8,12.1,69.4,26,,57.6,,,,,,,,414,,
2014,120,-117.077631,46.77978,CF14GPSW_28-E,SW,MOISTURE OUTSIDE LIMITS |  |  | NA,100,5.3,1,6.2,11.8,68.4,25.1,,52.9,,,,,,,,302,,
2014,121,-117.077213,46.779944,CF14GPSW_29-E,SW,MOISTURE OUTSIDE LIMITS | SAMPLE TOO SMALL TO GIVE TEST WT |  | NA,100,10.5,1,5.7,15.2,61.9,37.3,,,,,,,,,,101,,
2014,122,-117.087699,46.779986,GPHY14_GB_A1_122_4-F_BIO,GB, |  |  | NA,100,0,1,,,,,,,,,,,,,,242.5,,280
2014,123,-117.087281,46.780159,GPHY14_GB_A1_123_5-F,GB, |  |  | NA,100,0,1,,,,,,,,,,,,,,181.5,,253.5
2014,124,-117.086863,46.780136,GPHY14_GB_A2_124_6-F,GB, |  |  | NA,100,0,1,,,,,,,,,,,,,,95,,124.5
2014,125,-117.086445,46.780221,GPHY14_GB_A3_125_7-F,GB, |  |  | NA,100,0,1,,,,,,,,,,,,,,130.5,,209
2014,126,-117.0860113,46.78018382,GPHY14_GB_A4_126_8-F,GB, |  |  | NA,100,0,1,,,,,,,,,,,,,,234,,316
2014,127,-117.0855933,46.78008882,CF14GPSW_9-F,SW,MOISTURE OUTSIDE LIMITS |  |  | NA,100,5.3,1,6.4,13.3,64.9,31.6,,50.7,,,,,,,,347,,
2014,128,-117.085191,46.780214,CF14GPSW_10-F,SW,MOISTURE OUTSIDE LIMITS |  |  | NA,100,5.3,1,7,12.9,64.2,30.5,,50.8,,,,,,,,287.5,,
2014,129,-117.084773,46.780062,CF14GPSW_11-F,SW,MOISTURE OUTSIDE LIMITS |  |  | NA,100,5.3,1,6.8,9.2,74.6,21.3,,58.7,,,,,,,,426.5,,
2014,130,-117.084355,46.780151,CF14GPWW_129_12-F,WW, |  |  | NA,100,0,1,8.8,11.6,71.3,31.1,,50.8,,,,,,,,485,,563.5
2014,131,-117.083937,46.780104,CF14GPWW_130_13-F,WW, |  |  | NA,100,0,1,8.8,11.9,69.5,32,,44.2,,,,,,,,616,,948
2014,132,-117.083519,46.780167,CF14GPWW_131_14-F,WW, |  |  | NA,100,0,1,9.1,11,72.1,29.7,,54.6,,,,,,,,514.5,,410
2014,133,-117.083101,46.780088,CF14GPWW_132_15-F,WW, |  |  | NA,100,0,1,8.5,11.4,67.4,29.9,,43.3,,,,,,,,536.5,,575.5
2014,134,-117.082683,46.780157,CF14GPWW_133_16-F,WW, |  |  | NA,100,0,1,8.9,12.4,69.4,33.2,,53.2,,,,,,,,336,,238
2014,135,-117.082265,46.780194,CF14GPWW_134_17-F,WW, |  |  | NA,100,0,1,7.8,10.7,70.3,28.7,,48,,,,,,,,565,,763.5
2014,136,-117.081847,46.779996,CF14GPWW_135_18-F,WW, |  |  | NA,100,0,1,8.7,9.3,74.8,23.8,,51,,,,,,,,620,,413
2014,137,-117.0814529,46.78014727,CF14GPWW_136_19-F,WW, |  |  | NA,100,0,1,8.4,9.4,74.2,24.2,,50.3,,,,,,,,553.5,,438
2014,138,-117.081011,46.780137,CF14GPSW_20-F,SW,MOISTURE OUTSIDE LIMITS |  |  | NA,100,5.3,1,6.7,12.1,70.3,29.3,,55.5,,,,,,,,270.5,,
2014,139,-117.080593,46.779993,GPHY14_GB_C2_139_21-F,GB, |  |  | NA,100,0,1,,,,,,,,,,,,,,147.5,,171
2014,140,-117.080175,46.780256,GPHY14_GB_C2_140_22-F,GB, |  |  | NA,100,0,1,,,,,,,,,,,,,,91.5,,122
2014,141,-117.079757,46.780227,GPHY14_SB_C3_141_23-F,SB, |  |  | NA,100,0,1,12.7,14.4,59.1,,,44,,,,,,,,245,,
2014,142,-117.079339,46.780191,CF14GPWW_141_24-F,WW, |  |  | NA,100,0,1,8.6,11.9,69.6,32.5,,52.4,,,,,,,,391,,300.5
2014,143,-117.0789031,46.78010382,CF14GPSW_25-F,SW,MOISTURE OUTSIDE LIMITS |  |  | NA,100,5.3,1,5.8,13.5,66.7,29.1,,51.3,,,,,,,,236,,
2014,144,-117.078503,46.780124,CF14GPSW_26-F,SW,MOISTURE OUTSIDE LIMITS | STARCH OUTSIDE LIMITS |  | NA,100,10.5,1,7,8.1,75.5,16.9,,56.5,,,,,,,,250,,264
2014,145,-117.078085,46.780129,CF14GPSW_27-F,SW,MOISTURE OUTSIDE LIMITS |  |  | NA,100,5.3,1,6.8,11.1,70.9,23.9,,54.9,,,,,,,,267.5,,
2014,146,-117.077667,46.780066,CF14GPSW_28-F,SW,MOISTURE OUTSIDE LIMITS | SAMPLE TOO SMALL TO GIVE TEST WT | ORIGINAL SAMPLE BAG RIPPED | NA,100,21.1,1,6,14.6,63.1,34.4,,,,,,,,,,102,,
2014,147,-117.077249,46.78023,CF14GPSW_29-F,SW, |  | SAMPLE TOO SMALL FOR TEST WEIGHT | NA,100,5.3,1,7.2,14.9,60.1,37.1,,,,,,,,,,129.5,,260
2014,148,-117.076831,46.780004,CF14GPSW_30-F,SW, |  |  | NA,100,0,1,7.3,10.9,72.4,27.8,,61.6,,,,,,,,406.5,,
2014,149,-117.087103,46.780422,GPHY14_GB_A1_149_6-G,GB, |  |  | NA,100,0,1,,,,,,,,,,,,,,287.5,,412.5
2014,150,-117.086685,46.780507,GPHY14_GB_A2_150_7-G,GB, |  |  | NA,100,0,1,,,,,,,,,,,,,,195,,221
2014,151,-117.0862251,46.78045544,GPHY14_GB_A3_151_8-G_BIO,GB, |  |  | NA,100,0,1,,,,,,,,,,,,,,162,,300.5
2014,152,-117.0858333,46.78037122,GPHY14_GB_A4_152_9-G,GB,MOUSE DAMAGE TO SAMPLE |  |  | NA,100,10.5,1,,,,,,,,,,,,,,101.5,,221
2014,153,-117.085431,46.7805,GPHY14_GB_A4_153_10-G_BIO,GB, |  |  | NA,100,0,1,,,,,,,,,,,,,,108.5,,270
2014,154,-117.085013,46.780348,CF14GPSW_11-G,SW,MOISTURE OUTSIDE LIMITS |  |  | NA,100,5.3,1,6.7,11.4,70.2,25.5,,55.2,,,,,,,,517.5,,
2014,155,-117.084595,46.780437,CF14GPSW_12-G,SW,MOISTURE OUTSIDE LIMITS |  |  | NA,100,5.3,1,6.4,10.7,72.8,23.4,,54.8,,,,,,,,308.5,,
2014,156,-117.084177,46.78039,CF14GPWW_155_13-G,WW, |  |  | NA,100,0,1,9.7,9.8,69.3,25.4,,43.2,,,,,,,,446.5,,649.5
2014,157,-117.083759,46.780453,CF14GPWW_156_14-G,WW, |  |  | NA,100,0,1,8.3,10.1,71.3,25.9,,50.5,,,,,,,,431,,465.5
2014,158,-117.083341,46.780374,CF14GPWW_157_15-G,WW, |  |  | NA,100,0,1,9.2,10.4,70.9,26.6,,45.6,,,,,,,,424,,485.5
2014,159,-117.082923,46.780443,CF14GPWW_158_16-G,WW, |  |  | NA,100,0,1,8.1,11.7,67,31.1,,41.5,,,,,,,,464.5,,387
2014,160,-117.082505,46.78048,CF14GPWW_159_17-G,WW, |  |  | NA,100,0,1,8.9,12.3,67.5,32.4,,47.6,,,,,,,,526.5,,484
2014,161,-117.082087,46.780282,CF14GPWW_160_18-G,WW, |  |  | NA,100,0,1,8.6,9.5,72.8,24.3,,49.5,,,,,,,,498.5,,522
2014,162,-117.0816451,46.78040873,CF14GPWW_161_19-G,WW, |  |  | NA,100,0,1,7.7,11.2,66.8,28.9,,40.5,,,,,,,,460,,948
2014,163,-117.081251,46.780423,CF14GPWW_162_20-G,WW,Starch outside limits |  |  | NA,100,5.3,1,7.5,10.5,75,27.8,,51.5,,,,,,,,506.5,,447.5
2014,164,-117.080833,46.780279,CF14GPSW_21-G,SW,MOISTURE OUTSIDE LIMITS |  |  | NA,100,5.3,1,7,13.8,63.5,32.5,,53.2,,,,,,,,260,,404
2014,165,-117.080415,46.780542,CF14GPSW_22-G,SW,MOISTURE OUTSIDE LIMITS |  |  | NA,100,5.3,1,6.4,11.1,70.9,26.4,,55.5,,,,,,,,274,,
2014,166,-117.079997,46.780513,GPHY14_GB_C2_166_23-G,GB, |  |  | NA,100,0,1,,,,,,,,,,,,,,91,,150
2014,167,-117.079579,46.780477,GPHY14_SB_C3_167_24-G,SB, |  |  | NA,100,0,1,13.6,12.4,60.9,,,47.6,,,,,,,,304,,
2014,168,-117.079161,46.780398,CF14GPWW_167_25-G,WW, |  |  | NA,100,0,1,8.2,10.9,72,29.7,,54.9,,,,,,,,347.5,,247.5
2014,169,-117.078743,46.78041,CF14GPWW_168_26-G,WW, |  |  | NA,100,0,1,7.7,12.3,69.9,33.3,,53.9,,,,,,,,432.5,,594.5
2014,170,-117.078325,46.780415,CF14GPSW_27-G,SW,MOISTURE OUTSIDE LIMITS |  | SAMPLE TOO SMALL FOR TEST WEIGHT | NA,100,10.5,1,6.4,12.4,67.4,28.8,,,,,,,,,,118,,
2014,171,-117.077907,46.780352,CF14GPSW_28-G,SW,NA | NA | NA | missing,100,0,1,,,,,,,,,,,,,,,,
2014,172,-117.077489,46.780516,CF14GPSW_29-G,SW,MOISTURE OUTSIDE LIMITS |  |  | NA,100,5.3,1,6.9,11.8,68.9,26.1,,54.3,,,,,,,,216,,
2014,173,-117.077071,46.78029,CF14GPSW_30-G,SW,MOISTURE OUTSIDE LIMITS |  |  | NA,100,5.3,1,6.7,11.4,70.9,28.6,,56.1,,,,,,,,232,,
2014,174,-117.076653,46.780414,CF14GPSW_31-G,SW,MOISTURE OUTSIDE LIMITS | STARCH OUTSIDE LIMITS |  | NA,100,10.5,1,6.5,10.5,75.1,25,,61.4,,,,,,,,411,,
2014,175,-117.086879,46.780708,GPHY14_GB_A1_175_6-H,GB, |  |  | NA,100,0,1,,,,,,,,,,,,,,187.5,,280
2014,176,-117.0864768,46.78080097,GPHY14_GB_A1_176_7-H,GB, |  |  | NA,100,0,1,,,,,,,,,,,,,,168.5,,200
2014,177,-117.086043,46.780763,GPHY14_GB_A2_177_8-H,GB, |  |  | NA,100,0,1,,,,,,,,,,,,,,114,,162.5
2014,178,-117.085625,46.780668,GPHY14_GB_A3_178_9-H,GB, |  |  | NA,100,0,1,,,,,,,,,,,,,,222,,275.5
2014,179,-117.085207,46.780786,GPHY14_GB_A4_179_10-H,GB, |  |  | NA,100,0,1,,,,,,,,,,,,,,180,,228
2014,180,-117.084789,46.780634,CF14GPSW_11-H,SW, |  |  | NA,100,0,1,7.3,11.1,65.4,25.1,,54.2,,,,,,,,245.5,,436.5
2014,181,-117.084371,46.780723,CF14GPSW_12-H,SW,MOISTURE OUTSIDE LIMITS |  |  | NA,100,5.3,1,6.5,11,69.9,25,,50.2,,,,,,,,288.5,,
2014,182,-117.0839212,46.78065692,CF14GPWW_181_13-H,WW, |  |  | NA,100,0,1,9.3,11,65.5,28.6,,40.5,,,,,,,,350,,512
2014,183,-117.083535,46.780739,CF14GPWW_182_14-H,WW, |  |  | NA,100,0,1,8.7,10.3,71.6,27,,44.6,,,,,,,,724,,1007
2014,184,-117.083117,46.78066,CF14GPWW_183_15-H,WW, |  |  | NA,100,0,1,8.8,9.1,73.1,22.7,,53.2,,,,,,,,611,,510
2014,185,-117.082699,46.780729,CF14GPWW_184_16-H,WW, |  |  | NA,100,0,1,8.3,10.7,70.9,28.2,,45.6,,,,,,,,724,,1156
2014,186,-117.082281,46.780766,CF14GPWW_185_17-H,WW, |  |  | NA,100,0,1,7.9,11.5,70.8,30.2,,43.7,,,,,,,,567,,1158
2014,187,-117.081863,46.780568,CF14GPWW_186_18-H,WW, |  |  | NA,100,0,1,9.3,11.3,62.3,31.5,,34.8,,,,,,,,322.5,,352.5
2014,188,-117.081445,46.780707,CF14GPWW_187_19-H,WW, |  |  | NA,100,0,1,8.3,11.1,70.6,29.8,,47.2,,,,,,,,411,,376.5
2014,189,-117.081027,46.780709,CF14GPWW_188_20-H,WW,Starch outside limits |  |  | NA,100,5.3,1,8.2,10,75.2,26.4,,53.4,,,,,,,,670.5,,429
2014,190,-117.080609,46.780565,CF14GPSW_21-H,SW,MOISTURE OUTSIDE LIMITS |  |  | NA,100,5.3,1,6.5,11.4,69.3,26,,53.6,,,,,,,,380.5,,
2014,191,-117.080191,46.780828,CF14GPSW_22-H,SW,MOISTURE OUTSIDE LIMITS |  |  | NA,100,5.3,1,6.4,11.3,71.6,26.7,,54.8,,,,,,,,330.5,,
2014,192,-117.079773,46.780799,GPHY14_GB_C2_192_23-H,GB, |  |  | NA,100,0,1,,,,,,,,,,,,,,194,,178
2014,193,-117.079355,46.780763,GPHY14_SB_C3_193_24-H,SB, |  |  | NA,100,0,1,11.8,12,63.4,,,53,,,,,,,,234,,
2014,194,-117.0789131,46.78066353,CF14GPWW_193_25-H,WW, |  |  | Dry Grain Weight: missing,100,0,1,,,,,,,,,,,,,,,,
2014,195,-117.078519,46.780696,CF14GPWW_194_26-H,WW, |  |  | NA,100,0,1,8.1,12.4,66.7,33.1,,46,,,,,,,,280,,362.5
2014,196,-117.078101,46.780701,CF14GPSW_27-H,SW,MOISTURE OUTSIDE LIMITS | STARCH OUTSIDE LIMITS |  | NA,100,10.5,1,6.7,10.6,74.5,24.4,,56.6,,,,,,,,372.5,,
2014,197,-117.077683,46.780638,CF14GPSW_28-H,SW,MOISTURE OUTSIDE LIMITS | STARCH OUTSIDE LIMITS |  | NA,100,10.5,1,6.7,10.6,72.7,23.5,,56.5,,,,,,,,415,,
2014,198,-117.077265,46.780802,CF14GPSW_29-H,SW,MOISTURE OUTSIDE LIMITS | STARCH OUTSIDE LIMITS | ORIGINAL SAMPLE BAG RIPPED | NA,100,21.1,1,6.6,8.1,75.4,19.1,,58.4,,,,,,,,232,,
2014,199,-117.076847,46.780576,CF14GPSW_30-H,SW,MOISTURE OUTSIDE LIMITS | STARCH OUTSIDE LIMITS |  | NA,100,10.5,1,6.6,10.4,74.9,24.4,,60.4,,,,,,,,485,,
2014,200,-117.0866262,46.7810531,GPHY14_GB_A1_200_7-I,GB, |  |  | NA,100,0,1,,,,,,,,,,,,,,110,,161.5
2014,201,-117.086242,46.781049,GPHY14_GB_A1_201_8-I,GB, |  |  | NA,100,0,1,,,,,,,,,,,,,,95.5,,151
2014,202,-117.085824,46.780954,GPHY14_GB_A2_202_9-I,GB, |  |  | NA,100,0,1,,,,,,,,,,,,,,75,,93.5
2014,203,-117.085406,46.781072,GPHY14_GB_A3_203_10-I,GB, |  |  | NA,100,0,1,,,,,,,,,,,,,,96,,204.5
2014,204,-117.084988,46.78092,GPHY14_GB_A4_204_11-I,GB, |  |  | NA,100,0,1,,,,,,,,,,,,,,129.5,,197.5
2014,205,-117.08457,46.781009,CF14GPSW_12-I,SW, |  |  | NA,100,0,1,7.6,10.4,72.5,25.4,,59.5,,,,,,,,640.5,,
2014,206,-117.084152,46.780962,CF14GPSW_13-I,SW, |  |  | NA,100,0,1,7.3,10.3,72.1,24.7,,58.2,,,,,,,,463.5,,
2014,207,-117.083755,46.78103938,CF14GPSW_14-I,SW, |  |  | NA,100,0,1,7.5,10.7,72.7,25.2,,58.6,,,,,,,,445,,
2014,208,-117.083316,46.780946,CF14GPWW_207_15-I,WW, |  |  | NA,100,0,1,8.6,9.2,73,23.1,,48.5,,,,,,,,577.5,,619
2014,209,-117.082898,46.781015,CF14GPWW_208_16-I,WW,There is s small piece of tape on the bag; starch outside limit |  |  | NA,100,15.8,1,9,9.2,71.8,23.5,,51.1,,,,,,,,596,,462
2014,210,-117.08248,46.781052,CF14GPWW_209_17-I,WW, |  |  | NA,100,0,1,8.4,11.3,68.2,29.5,,40.6,,,,,,,,533.5,,597
2014,211,-117.082062,46.780854,CF14GPWW_210_18-I,WW, |  |  | NA,100,0,1,8.4,10.5,71.7,27.5,,46.6,,,,,,,,684,,590
2014,212,-117.081644,46.780993,CF14GPWW_211_19-I,WW, |  |  | NA,100,0,1,9,9.2,73.1,23.9,,53.1,,,,,,,,682,,475.5
2014,213,-117.081226,46.780995,CF14GPWW_212_20-I,WW, |  |  | NA,100,0,1,8.4,9.5,72.4,24.1,,50,,,,,,,,829,,723.5
2014,214,-117.080808,46.780851,CF14GPWW_213_21-I,WW, |  |  | NA,100,0,1,7.8,10.8,71.5,28.2,,52.8,,,,,,,,479.5,,804.5
2014,215,-117.0804377,46.78111806,CF14GPWW_214_22-I,WW, |  |  | NA,100,0,1,8.6,10.4,73.1,27.9,,54.6,,,,,,,,664,,525.5
2014,216,-117.079972,46.781085,CF14GPSW_23-I,SW,MOISTURE OUTSIDE LIMITS |  |  | NA,100,5.3,1,6,12.5,68.4,27.8,,54.3,,,,,,,,312.5,,
2014,217,-117.079554,46.781049,GPHY14_GB_C2_217_24-I,GB, |  |  | NA,100,0,1,,,,,,,,,,,,,,151.5,,157
2014,218,-117.079136,46.78097,GPHY14_SB_C3_218_25-I,SB, |  |  | NA,100,0,1,11.7,11.6,64.7,,,53.8,,,,,,,,265.5,,
2014,219,-117.078718,46.780982,GPHY14_SB_C3_219_26-I,SB, |  |  | NA,100,0,1,11,10.9,64.2,,,53.5,,,,,,,,298,,
2014,220,-117.0783,46.780987,CF14GPWW_219_27-I,WW, |  |  | NA,100,0,1,8.1,12.8,71.4,34.9,,59.4,,,,,,,,449.5,,252
2014,221,-117.077882,46.780924,CF14GPSW_28-I,SW, | STARCH OUTSIDE LIMITS |  | NA,100,5.3,1,7.3,11.1,72.9,26.8,,58.8,,,,,,,,452.5,,
2014,222,-117.077464,46.781088,CF14GPSW_29-I,SW,MOISTURE OUTSIDE LIMITS | STARCH OUTSIDE LIMITS |  | NA,100,10.5,1,7,9.6,77.3,21.9,,58.5,,,,,,,,375,,501
2014,223,-117.077046,46.780862,CF14GPSW_30-I,SW, |  |  | NA,100,0,1,7.4,11.8,68.2,27.8,,55.5,,,,,,,,272.5,,410.5
2014,224,-117.076628,46.780986,CF14GPSW_31-I,SW,MOISTURE OUTSIDE LIMITS |  | ORIGINAL SAMPLE BAG RIPPED | NA,100,15.8,1,6.7,12.2,69.7,26.5,,56.1,,,,,,,,281.5,,
2014,225,-117.086295,46.781365,GPHY14_GB_A1_225_7-J_BIO,GB, |  |  | NA,100,0,1,,,,,,,,,,,,,,170.5,,336.5
2014,226,-117.0858613,46.78132062,GPHY14_GB_A2_226_8-J,GB, |  |  | NA,100,0,1,,,,,,,,,,,,,,217.5,,315.5
2014,227,-117.0854328,46.78122203,GPHY14_GB_A3_227_9-J,GB, |  |  | NA,100,0,1,,,,,,,,,,,,,,90.5,,149.5
2014,228,-117.085041,46.781358,GPHY14_GB_A3_228_10-J,GB, |  |  | NA,100,0,1,,,,,,,,,,,,,,15,,106.5
2014,229,-117.084623,46.781206,GPHY14_GB_A4_229_11-J,GB,SAMPLE BAG DIFFERENT FROM OTHER SAMPLE BAGS |  |  | NA,100,10.5,1,,,,,,,,,,,,,,84.5,,284
2014,230,-117.084205,46.781295,CF14GPSW_12-J,SW,MOISTURE OUTSIDE LIMITS |  |  | NA,100,5.3,1,7.1,11.2,69.6,25.2,,53.3,,,,,,,,368,,
2014,231,-117.083787,46.781248,CF14GPSW_13-J,SW,MOISTURE OUTSIDE LIMITS |  |  | NA,100,5.3,1,6.6,11.4,68.5,26.4,,50,,,,,,,,210.5,,
2014,232,-117.0832823,46.78127044,CF14GPWW_231_14-J,WW, |  |  | NA,100,0,1,8.6,9.4,68.1,23.9,,45.3,,,,,,,,438.5,,466
2014,233,-117.082951,46.781232,CF14GPWW_232_15-J,WW, |  |  | NA,100,0,1,9.5,10.2,66.9,27.4,,39.5,,,,,,,,593.5,,525
2014,234,-117.082533,46.781301,CF14GPWW_233_16-J,WW,Starch outside limits |  |  | NA,100,5.3,1,8.6,8.9,74.2,22,,51.8,,,,,,,,765.5,,1079
2014,235,-117.082115,46.781338,CF14GPWW_234_17-J,WW, |  |  | NA,100,0,1,9.6,11,66.7,30,,44.3,,,,,,,,545,,470.5
2014,236,-117.081697,46.78114,CF14GPWW_235_18-J,WW, |  |  | NA,100,0,1,9,10.8,72.6,29.4,,56,,,,,,,,719.5,,592
2014,237,-117.0812437,46.78126348,CF14GPWW_236_19-J,WW, |  |  | NA,100,0,1,8.6,10.1,72,26.3,,49.1,,,,,,,,607.5,,566.5
2014,238,-117.080861,46.781281,CF14GPWW_237_20-J,WW,Starch outside limits |  |  | NA,100,5.3,1,8.2,11.2,72.6,29.8,,49.7,,,,,,,,656.5,,471
2014,239,-117.080455,46.78115338,CF14GPWW_238_21-J,WW,Starch outside limits |  |  | NA,100,5.3,1,8.3,9.9,72.5,25.9,,53.1,,,,,,,,494.5,,370.5
2014,240,-117.0801105,46.78144636,CF14GPWW_239_22-J,WW,Starch outside limits |  |  | NA,100,5.3,1,7.8,10.6,72.3,27.9,,52.8,,,,,,,,536,,1261
2014,241,-117.079607,46.781371,CF14GPSW_23-J,SW,MOISTURE OUTSIDE LIMITS |  |  | NA,100,5.3,1,6.9,11.3,69.3,26.8,,58.4,,,,,,,,347.5,,
2014,242,-117.079189,46.781335,GPHY14_GB_C2_242_24-J,GB, |  |  | NA,100,0,1,,,,,,,,,,,,,,220,,193
2014,243,-117.078771,46.781256,GPHY14_SB_C3_243_25-J,SB, |  |  | NA,100,0,1,12.1,11.3,63.6,,,53.5,,,,,,,,244.5,,
2014,244,-117.0783888,46.78129255,GPHY14_SB_C3_244_26-J,SB, |  |  | NA,100,0,1,11.7,10.23,64.6,,,54.1,,,,,,,,272.5,,
2014,245,-117.077935,46.781273,CF14GPWW_244_27-J,WW, |  |  | NA,100,0,1,8.6,13.2,64.2,35.9,,45.7,,,,,,,,346.5,,312.5
2014,246,-117.077517,46.78121,CF14GPSW_28-J,SW,MOISTURE OUTSIDE LIMITS |  |  | NA,100,5.3,1,6.8,11.7,70.3,27.4,,57.3,,,,,,,,317,,
2014,247,-117.077099,46.781374,CF14GPSW_29-J,SW,MOISTURE OUTSIDE LIMITS |  |  | NA,100,5.3,1,6.9,10.8,70.3,23.8,,56.4,,,,,,,,385.5,,
2014,248,-117.0766989,46.78116437,CF14GPSW_30-J,SW,MOISTURE OUTSIDE LIMITS | STARCH OUTSIDE LIMITS |  | NA,100,10.5,1,7,10,75.7,23,,61.2,,,,,,,,524,,
2014,249,-117.085864,46.781526,GPHY14_GB_A1_249_9-K,GB,"MOUSE DAMAGE TO SAMPLE BAG, SO WEIGHED BAG SEPERATELY |  |  | NA",100,10.5,1,,,,,,,,,,,,,,194.5,,484
2014,250,-117.085446,46.781644,GPHY14_GB_A2_250_10-K,GB, |  |  | NA,100,0,1,,,,,,,,,,,,,,149,,146
2014,251,-117.085028,46.781492,GPHY14_GB_A3_251_11-K,GB,"MOUSE DAMAGE TO SAMPLE BAG, SO WEIGHED BAG SEPERATELY |  |  | NA",100,10.5,1,,,,,,,,,,,,,,33,,150
2014,252,-117.0845785,46.78155584,GPHY14_GB_A4_252_12-K,GB,MOUSE DAMAGE TO SAMPLE |  |  | NA,100,10.5,1,,,,,,,,,,,,,,53.5,,193
2014,253,-117.084192,46.781534,GPHY14_GB_A4_253_13-K,GB, |  |  | NA,100,0,1,,,,,,,,,,,,,,165.5,,201
2014,254,-117.083774,46.781597,CF14GPSW_14-K,SW,MOISTURE OUTSIDE LIMITS |  |  | NA,100,5.3,1,7.1,10.2,71.1,23.4,,59.4,,,,,,,,623,,
2014,255,-117.083356,46.781518,CF14GPSW_15-K,SW,MOISTURE OUTSIDE LIMITS |  |  | NA,100,5.3,1,7,11,72.4,25.1,,57.5,,,,,,,,325.5,,
2014,256,-117.082938,46.781587,CF14GPWW_255_16-K,WW, |  |  | NA,100,0,1,9.1,9.9,73.5,26.4,,55.9,,,,,,,,812.5,,509
2014,257,-117.08252,46.781624,CF14GPWW_256_17-K,WW, |  |  | NA,100,0,1,9.1,9.5,73,24.9,,53.9,,,,,,,,466,,307.5
2014,258,-117.082102,46.781426,CF14GPWW_257_18-K,WW, |  |  | NA,100,0,1,9,10,72.9,26.1,,52.5,,,,,,,,594,,500.5
2014,259,-117.081684,46.781565,CF14GPWW_258_19-K,WW,Protein DM outside limit |  |  | NA,100,5.3,1,8.8,9.5,65.8,25.3,,39.7,,,,,,,,562.5,,525.5
2014,260,-117.081266,46.781567,CF14GPWW_259_20-K,WW, |  |  | NA,100,0,1,8.3,11,68.7,29,,43.8,,,,,,,,615,,474.5
2014,261,-117.080848,46.781423,CF14GPWW_260_21-K,WW, |  |  | NA,100,0,1,7.8,9.8,72.6,25.1,,53.1,,,,,,,,713.5,,917
2014,262,-117.08043,46.781686,CF14GPWW_261_22-K,WW, |  |  | NA,100,0,1,8.4,11.2,68,30.4,,43.9,,,,,,,,633,,878.5
2014,263,-117.080012,46.781657,CF14GPWW_262_23-K,WW,Starch outside limits |  |  | NA,100,5.3,1,8.9,9.9,75.5,26.3,,57,,,,,,,,531.5,,386.5
2014,264,-117.079594,46.781621,CF14GPSW_24-K,SW, |  |  | NA,100,0,1,7.4,7.4,72.7,23.9,,60.1,,,,,,,,382,,444
2014,265,-117.0791581,46.78153382,GPHY14_GB_C2_265_25-K,GB, |  |  | NA,100,0,1,,,,,,,,,,,,,,269.5,,230.5
2014,266,-117.078758,46.781554,GPHY14_GB_C2_266_26-K,GB, |  |  | NA,100,0,1,,,,,,,,,,,,,,156.5,,158
2014,267,-117.07834,46.781559,GPHY14_SB_C3_267_27-K,SB, |  |  | NA,100,0,1,10.9,13.3,63.1,,,53.7,,,,,,,,217.5,,229
2014,268,-117.077922,46.781496,CF14GPWW_267_28-K,WW, |  |  | NA,100,0,1,8.8,13.5,67.3,37,,51.3,,,,,,,,213.5,,179
2014,269,-117.077504,46.78166,CF14GPWW_268_29-K,WW, |  |  | NA,100,0,1,8.4,10.8,71.6,29.2,,56.8,,,,,,,,466,,288
2014,270,-117.077086,46.781434,CF14GPSW_30-K,SW,MOISTURE OUTSIDE LIMITS | STARCH OUTSIDE LIMITS |  | NA,100,10.5,1,6.9,10.1,73.7,22.7,,59.6,,,,,,,,539,,
2014,271,-117.076668,46.781558,CF14GPSW_31-K,SW,MOISTURE OUTSIDE LIMITS | STARCH OUTSIDE LIMITS | ORIGINAL SAMPLE BAG RIPPED | NA,100,21.1,1,6.6,10,74.8,22,,58.8,,,,,,,,436.5,,
2014,272,-117.08559,46.781812,GPHY14_GB_A1_272_9-L,GB, |  |  | NA,100,0,1,,,,,,,,,,,,,,189,,392.5
2014,273,-117.085172,46.78193,GPHY14_GB_A2_273_10-L,GB, |  |  | NA,100,0,1,,,,,,,,,,,,,,83.5,,139.5
2014,274,-117.084754,46.781778,GPHY14_GB_A3_274_11-L,GB, |  |  | NA,100,0,1,,,,,,,,,,,,,,125,,238
2014,275,-117.084357,46.78187778,GPHY14_GB_A3_275_12-L,GB, |  |  | NA,100,0,1,,,,,,,,,,,,,,227,,296.5
2014,276,-117.083918,46.78182,GPHY14_GB_A4_276_13-L,GB, |  |  | NA,100,0,1,,,,,,,,,,,,,,115.5,,206
2014,277,-117.0835,46.781883,CF14GPSW_14-L,SW,MOISTURE OUTSIDE LIMITS |  |  | NA,100,5.3,1,6.4,13.1,65.7,29.3,,52.2,,,,,,,,239,,
2014,278,-117.083082,46.781804,CF14GPSW_15-L,SW, | STARCH OUTSIDE LIMITS |  | NA,100,5.3,1,7.3,10.8,74,25.2,,59.7,,,,,,,,492,,
2014,279,-117.0826501,46.78185937,CF14GPWW_278_16-L,WW, |  |  | NA,100,0,1,9.2,9.6,73.8,25.2,,54.8,,,,,,,,514,,350.5
2014,280,-117.082246,46.78191,CF14GPWW_279_17-L,WW, |  |  | NA,100,0,1,9,9.1,72.3,24,,52.2,,,,,,,,708.5,,462
2014,281,-117.0818123,46.78170481,CF14GPWW_280_18-L,WW, |  |  | NA,100,0,1,8.1,10.8,71.7,28.1,,46.6,,,,,,,,657,,950.5
2014,282,-117.08141,46.781851,CF14GPWW_281_19-L,WW,Starch outside limits |  |  | NA,100,5.3,1,8.3,9.7,70.7,24.6,,52,,,,,,,,614.5,,381
2014,283,-117.080992,46.781853,CF14GPWW_282_20-L,WW, |  |  | NA,100,0,1,8.3,11.5,71.1,30.9,,47.4,,,,,,,,595,,538.5
2014,284,-117.080574,46.781709,CF14GPWW_283_21-L,WW, |  |  | NA,100,0,1,8.4,11.3,70.3,29.6,,43.2,,,,,,,,599.5,,517
2014,285,-117.080156,46.781972,CF14GPWW_284_22-L,WW,Starch outside limits |  |  | NA,100,5.3,1,8.5,9.9,75.4,25.8,,52.5,,,,,,,,486.5,,325.5
2014,286,-117.079738,46.781943,CF14GPWW_285_23-L,WW, |  |  | NA,100,0,1,8,10.2,73.9,27.1,,55.8,,,,,,,,603.5,,434.5
2014,287,-117.07932,46.781907,CF14GPSW_24-L,SW,MOISTURE OUTSIDE LIMITS | STARCH OUTSIDE LIMITS |  | NA,100,10.5,1,6.7,10.4,72.9,23.8,,56.5,,,,,,,,407,,
2014,288,-117.0788662,46.78180208,GPHY14_GB_C2_288_25-L,GB, |  |  | NA,100,0,1,,,,,,,,,,,,,,240,,236
2014,289,-117.078484,46.78184,GPHY14_GB_C2_289_26-L,GB, |  |  | NA,100,0,1,,,,,,,,,,,,,,166.5,,177.5
2014,290,-117.078066,46.781845,GPHY14_SB_C3_290_27-L,SB,small sample (test weight) |  |  | test weight: small sample,100,5.3,1,12.2,10.5,63.2,,,,,,,,,,,154.5,,
2014,291,-117.077648,46.781782,CF14GPWW_290_28-L,WW, |  |  | NA,100,0,1,7.8,14.7,63,40.1,,46.1,,,,,,,,309,,253.5
2014,292,-117.07723,46.781946,CF14GPWW_291_29-L,WW,Starch outside limits |  |  | NA,100,5.3,1,8.6,9.9,73.6,26.9,,60.3,,,,,,,,241,,167
2014,293,-117.076812,46.78172,CF14GPSW_30-L,SW,MOISTURE OUTSIDE LIMITS |  |  | NA,100,5.3,1,6.5,13.3,65.9,30.3,,55,,,,,,,,283,,
2014,297,-117.085536,46.782098,GPHY14_GB_A1_297_9-M,GB, |  |  | NA,100,0,1,,,,,,,,,,,,,,136.5,,195.5
2014,298,-117.085118,46.782216,GPHY14_GB_A1_298_10-M,GB, |  |  | NA,100,0,1,,,,,,,,,,,,,,186,,302
2014,299,-117.0847,46.782064,GPHY14_GB_A2_299_11-m,GB, |  |  | NA,100,0,1,,,,,,,,,,,,,,157.5,,
2014,300,-117.084282,46.782153,GPHY14_GB_A3_300_12-M,GB, |  |  | NA,100,0,1,,,,,,,,,,,,,,191,,332.5
2014,301,-117.083864,46.782106,GPHY14_GB_A4_301_13-M_BIO,GB, |  |  | NA,100,0,1,,,,,,,,,,,,,,146.5,,347.5
2014,302,-117.0834303,46.78215462,CF14GPSW_14-M,SW,MOISTURE OUTSIDE LIMITS | STARCH OUTSIDE LIMITS |  | NA,100,10.5,1,7.3,10.1,72.4,24,,56.7,,,,,,,,488.5,,
2014,303,-117.0830123,46.78207922,CF14GPSW_15-M,SW,MOISTURE OUTSIDE LIMITS |  |  | NA,100,5.3,1,6.9,11.2,67.7,25,,55.3,,,,,,,,299.5,,
2014,304,-117.08261,46.782159,CF14GPSW_16-M,SW, | STARCH OUTSIDE LIMITS |  | NA,100,5.3,1,7.4,9.7,76.2,23.7,,60.4,,,,,,,,244,,
2014,305,-117.082192,46.782196,CF14GPWW_304_17-M,WW, |  |  | NA,100,0,1,8.9,10.7,71.4,28.1,,53.3,,,,,,,,518.5,,357.5
2014,306,-117.081774,46.781998,CF14GPWW_305_18-M,WW, |  |  | NA,100,0,1,9.1,10.3,72,27.1,,50.1,,,,,,,,547,,543
2014,307,-117.081356,46.782137,CF14GPWW_306_19-M,WW, |  |  | NA,100,0,1,9,10.6,73.2,28,,57.1,,,,,,,,466.5,,457.5
2014,308,-117.080938,46.782139,CF14GPWW_307_20-M,WW, |  |  | NA,100,0,1,8.1,10.6,72.2,27.3,,46,,,,,,,,452,,614.5
2014,309,-117.080499,46.78197702,CF14GPWW_308_21-M,WW, |  |  | NA,100,0,1,9,9.7,68.3,25.7,,47.1,,,,,,,,345,,688
2014,310,-117.080102,46.782258,CF14GPWW_309_22-M,WW,Starch outside limits |  |  | NA,100,5.3,1,7.9,10.1,72.3,26.3,,44.5,,,,,,,,677.5,,1036
2014,311,-117.079684,46.782229,CF14GPWW_310_23-M,WW,Starch outside limits |  |  | NA,100,5.3,1,8.1,10.4,72.6,27.1,,47.4,,,,,,,,430,,440
2014,312,-117.0793018,46.78221346,CF14GPWW_311_24-M,WW, |  |  | NA,100,0,1,8.1,14,62.9,37.9,,44.9,,,,,,,,332,,310.5
2014,313,-117.078848,46.782114,CF14GPSW_25-M,SW,MOISTURE OUTSIDE LIMITS |  |  | NA,100,5.3,1,6.7,9,73,20.6,,58.3,,,,,,,,422,,
2014,314,-117.07843,46.782126,GPHY14_GB_C2_314_26-M,GB, |  |  | NA,100,0,1,,,,,,,,,,,,,,128,,136.5
2014,315,-117.0780418,46.78214737,GPHY14_GB_C2_315_27-M,GB, |  |  | NA,100,0,1,,,,,,,,,,,,,,131,,186
2014,316,-117.077594,46.782068,GPHY14_SB_C3_316_28-M,SB, |  |  | NA,100,0,1,11.9,11.9,62.5,,,35.6,,,,,,,,257,,
2014,323,-117.0851352,46.78249247,GPHY14_GB_A1_323_10-N_BIO,GB, |  |  | NA,100,0,1,,,,,,,,,,,,,,246.5,,431
2014,324,-117.084751,46.78235,GPHY14_GB_A2_324_11-N,GB, |  |  | NA,100,0,1,,,,,,,,,,,,,,81.5,,171.5
2014,325,-117.084333,46.782439,GPHY14_GB_A2_325_12-N,GB, |  |  | NA,100,0,1,,,,,,,,,,,,,,114,,226.5
2014,326,-117.083915,46.782392,GPHY14_GB_A3_326_13-N,GB, |  |  | NA,100,0,1,,,,,,,,,,,,,,146.5,,254.5
2014,327,-117.083497,46.782455,GPHY14_GB_A4_327_14-N,GB, |  |  | NA,100,0,1,,,,,,,,,,,,,,189.5,,353
2014,328,-117.083079,46.782376,CF14GPSW_15-N,SW, |  |  | NA,100,0,1,7.7,10.4,72,23.8,,57.8,,,,,,,,522,,594
2014,329,-117.0826453,46.78243781,CF14GPSW_16-N,SW,MOISTURE OUTSIDE LIMITS | STARCH OUTSIDE LIMITS |  | NA,100,10.5,1,6.7,9.4,72.6,21.6,,58.7,,,,,,,,480.5,,
2014,330,-117.082243,46.782482,CF14GPSW_17-N,SW,MOISTURE OUTSIDE LIMITS |  |  | NA,100,5.3,1,6.9,9.9,73.1,22.5,,56.9,,,,,,,,471.5,,
2014,331,-117.081825,46.782284,CF14GPWW_330_18-N,WW,Starch outside limits |  |  | NA,100,5.3,1,8.9,9.4,73.7,23.7,,53.5,,,,,,,,513,,447
2014,332,-117.081407,46.782423,CF14GPWW_331_19-N,WW, |  |  | NA,100,0,1,9.4,10,68.3,26.7,,45.8,,,,,,,,477,,606.5
2014,333,-117.080989,46.782425,CF14GPWW_332_20-N,WW, |  |  | NA,100,0,1,9,10.4,73.2,27.7,,53.3,,,,,,,,469.5,,382
2014,334,-117.080571,46.782281,CF14GPWW_333_21-N,WW, |  |  | NA,100,0,1,8.2,11.3,70.9,30,,45.1,,,,,,,,596.5,,763.5
2014,335,-117.080153,46.782544,CF14GPWW_334_22-N,WW,Starch outside limits |  |  | NA,100,5.3,1,8.3,9.2,74.1,23.5,,51.3,,,,,,,,408.5,,344
2014,336,-117.079735,46.782515,CF14GPWW_335_23-N,WW,Starch outside limits |  |  | NA,100,5.3,1,8.8,10,74.2,26.6,,50.7,,,,,,,,550,,559
2014,337,-117.079317,46.782479,CF14GPWW_336_24-N,WW, |  |  | NA,100,0,1,8.3,12.2,66,33.6,,43.8,,,,,,,,536.5,,476
2014,338,-117.0788911,46.78239455,CF14GPSW_25-N,SW,MOISTURE OUTSIDE LIMITS |  |  | NA,100,5.3,1,6.3,12,67.2,27.7,,51.4,,,,,,,,400.5,,
2014,348,-117.084617,46.782636,GPHY14_GB_A1_348_11-O,GB, |  |  | NA,100,0,1,,,,,,,,,,,,,,275.5,,540
2014,349,-117.084199,46.782725,GPHY14_GB_A2_349_12-O,GB, |  |  | NA,100,0,1,,,,,,,,,,,,,,231.5,,451.5
2014,350,-117.083781,46.782678,GPHY14_GB_A3_350_13-O_BIO,GB, |  |  | NA,100,0,1,,,,,,,,,,,,,,193,,476
2014,351,-117.083363,46.782741,GPHY14_GB_A4_351_14-O,GB, |  |  | NA,100,0,1,,,,,,,,,,,,,,69,,239.5
2014,352,-117.0829188,46.78264763,CF14GPSW_15-O,SW,MOISTURE OUTSIDE LIMITS |  |  | NA,100,5.3,1,7,10.6,72.1,25.6,,59,,,,,,,,506,,
2014,353,-117.082527,46.782731,CF14GPSW_16-O,SW, | STARCH OUTSIDE LIMITS |  | NA,100,5.3,1,7.3,11,75,27.4,,60.1,,,,,,,,513.5,,
2014,354,-117.082109,46.782768,CF14GPSW_17-O,SW,MOISTURE OUTSIDE LIMITS | STARCH OUTSIDE LIMITS |  | NA,100,10.5,1,6.9,9.5,75.1,22.3,,59.3,,,,,,,,491,,
2014,355,-117.081691,46.78257,CF14GPWW_354_18-O,WW, |  |  | NA,100,0,1,9.1,8.6,74.6,22.4,,54.7,,,,,,,,696,,512.5
2014,356,-117.081273,46.782709,CF14GPWW_355_19-O,WW, |  |  | NA,100,0,1,9.1,11.3,70.6,30.5,,49.2,,,,,,,,389.5,,424
2014,357,-117.080855,46.782711,CF14GPWW_356_20-O,WW, |  |  | NA,100,0,1,8.7,10.7,71.9,28.6,,48.8,,,,,,,,473.5,,
2014,358,-117.0804141,46.78255608,CF14GPWW_357_21-O,WW, |  |  | NA,100,0,1,8.7,10.2,67.1,26.8,,41.1,,,,,,,,388,,372.5
2014,359,-117.080019,46.78283,CF14GPWW_358_22-O,WW, |  |  | NA,100,0,1,8.3,13.1,65.7,36,,47.8,,,,,,,,374,,333.5
2014,360,-117.079601,46.782801,CF14GPWW_359_23-O,WW, |  |  | NA,100,0,1,8.2,13.3,68.2,36.2,,49.4,,,,,,,,351,,372
2014,371,-117.0842298,46.78296597,GPHY14_GB_A1_371_12-P,GB, |  |  | NA,100,0,1,,,,,,,,,,,,,,114,,174
2014,372,-117.083798,46.782964,GPHY14_GB_A2_372_13-P,GB, |  |  | NA,100,0,1,,,,,,,,,,,,,,200,,261
2014,373,-117.08338,46.783027,GPHY14_GB_A3_373_14-P,GB, |  |  | NA,100,0,1,,,,,,,,,,,,,,176.5,,290.5
2014,374,-117.082962,46.782948,GPHY14_GB_A4_374_15-P,GB, |  |  | NA,100,0,1,,,,,,,,,,,,,,123.5,,287
2014,375,-117.0825283,46.78300622,CF14GPSW_16-P,SW, |  |  | NA,100,5.3,1,6.3,10.3,67.3,24.3,,49.7,,,,,,,,512,,
2014,376,-117.082126,46.783054,CF14GPSW_17-P,SW,MOISTURE OUTSIDE LIMITS | STARCH OUTSIDE LIMITS |  | NA,100,10.5,1,7,9.5,73.1,22.5,,56.7,,,,,,,,436.5,,
2014,377,-117.0816503,46.78282132,CF14GPWW_376_18-P,WW, |  |  | NA,100,0,1,8.8,10.9,72.3,29,,48.9,,,,,,,,401,,440.5
2014,378,-117.08129,46.782995,CF14GPWW_377_19-P,WW, |  |  | NA,100,0,1,10.4,9.9,68.9,26.4,,46,,,,,,,,612,,554
2014,379,-117.080872,46.782997,CF14GPWW_378_20-P,WW,Starch outside limits |  |  | NA,100,5.3,1,9.3,9,75.7,22.8,,57.3,,,,,,,,429.5,,651.5
2014,380,-117.080454,46.782853,CF14GPWW_379_21-P,WW,Small piece of tape on bag |  |  | NA,100,10.5,1,8.7,10.7,71.3,28.6,,48.9,,,,,,,,448.5,,404
2014,381,-117.080036,46.783116,CF14GPWW_380_22-P,WW, |  |  | NA,100,0,1,9.2,12.2,70.7,32.9,,53,,,,,,,,362.5,,423
2014,394,-117.0839099,46.78312585,GPHY14_GB_A2_394_13-Q_BIO,GB, |  |  | NA,100,0,1,,,,,,,,,,,,,,160,,319.5
2014,395,-117.083498,46.783313,GPHY14_GB_A2_395_14-Q,GB, |  |  | NA,100,0,1,,,,,,,,,,,,,,268,,321
2014,396,-117.08308,46.783234,GPHY14_GB_A3_396_15-Q,GB, |  |  | NA,100,0,1,,,,,,,,,,,,,,173.5,,240.5
2014,397,-117.082662,46.783303,GPHY14_GB_A4_397_16-Q,GB, |  |  | NA,100,0,1,,,,,,,,,,,,,,138.5,,246
2014,398,-117.0822755,46.78335797,GPHY14_GB_A4_398_17-Q,GB, |  |  | NA,100,0,1,,,,,,,,,,,,,,155,,244.5
2014,399,-117.081826,46.783142,CF14GPSW_18-Q,SW, | STARCH OUTSIDE LIMITS |  | NA,100,5.3,1,7.9,9.3,74.7,22.3,,57.3,,,,,,,,535.5,,720.5
2014,400,-117.081408,46.783281,CF14GPSW_19-Q,SW,MOISTURE OUTSIDE LIMITS |  |  | NA,100,5.3,1,6.8,8.1,71,20.2,,53.8,,,,,,,,403.5,,
2014,401,-117.08099,46.783283,CF14GPWW_400_20-Q,WW,Starch outside limits |  |  | NA,100,5.3,1,9.5,9.2,70,24.1,,47,,,,,,,,515,,553
2014,402,-117.080572,46.783139,CF14GPWW_401_21-Q,WW, |  |  | NA,100,0,1,8.6,11.9,69.6,31.6,,50.6,,,,,,,,522.5,,842
2014,419,-117.0832106,46.7834571,GPHY14_GB_A2_419_15-R,GB, |  |  | NA,100,0,1,,,,,,,,,,,,,,166,,214.5
2014,420,-117.0827709,46.78351532,GPHY14_GB_A3_420_16-R_BIO,GB, |  |  | NA,100,0,1,,,,,,,,,,,,,,204.5,,246
2014,421,-117.0823668,46.78355231,GPHY14_GB_A4_421_17-R,GB, |  |  | NA,100,0,1,,,,,,,,,,,,,,192.5,,178
2014,422,-117.081933,46.783428,CF14GPSW_18-R,SW,MOISTURE OUTSIDE LIMITS | STARCH OUTSIDE LIMITS |  | NA,100,10.5,1,6.8,10.4,74.2,24.7,,56.2,,,,,,,,356.5,,
2014,423,-117.0814836,46.78355263,CF14GPSW_19-R,SW,MOISTURE OUTSIDE LIMITS |  |  | NA,100,5.3,1,7.1,11.7,71.9,30,,60.6,,,,,,,,556,,
2014,424,-117.081097,46.783569,CF14GPSW_20-R,SW, |  |  | NA,100,0,1,7.1,13.2,66,34.5,,58.5,,,,,,,,417,,
2014,425,-117.080679,46.783425,CF14GPWW_424_21-R,WW,Starch outside limits |  |  | NA,100,0,1,9.5,9.1,70,23.6,,48.4,,,,,,,,499.5,,489
2015,1,-117.087514,46.778729,GPHY15_WW_A4_1_5-A,WW,",moisture",100,5.3,1,4.6,12,69.1,22.6,,54.3,,,,,,,,481.0531496,,
2015,2,-117.0870645,46.77869163,GPHY15_WW_A5_2_6-A,WW,",moisture",100,5.3,1,3.5,14.9,67.2,29,,45.5,,,,,,,,324.8031496,,
2015,3,-117.086678,46.778791,GPHY15_WW_A5_3_7-A,WW,",moisture",100,5.3,1,3.5,11.9,68.7,20.7,,53.4,,,,,,,,376.8864829,,
2015,4,-117.08626,46.778761,GPHY15_WW_A6_4_8-A,WW,",moisture",100,5.3,1,4,13.6,67.8,27.1,,51.9,,,,,,,,343.667979,,
2015,5,-117.085842,46.778666,GPHY15_SC_B1_5_9-A,SC,",empty residue bag",100,0,1,7.8,,,,45.5,48.2,,,,,,,,195,,329
2015,6,-117.0854187,46.77877321,GPHY15_SC_B2_6_10-A,SC,",empty residue bag",100,0,1,7.6,,,,44.7,50.1,,,,,,,,179.5,,315
2015,7,-117.085006,46.778632,GPHY15_SC_B3_7_11-A_B,SC,"empty biomass bag,empty biomass bag",100,0,1,,,,,,,,,,,,,,,,
2015,8,-117.084588,46.778721,GPHY15_SC_B3_8_12-A,SC,",empty residue bag",100,0,1,6.9,,,,48.3,48.4,,,,,,,,158.5,,237.5
2015,9,-117.08417,46.778674,GPHY15_WW_B4_9_13-A,WW,",moisture",100,5.3,1,4.9,12.9,68.4,25.1,,45.1,,,,,,,,447.0144357,,
2015,10,-117.083752,46.778737,GPHY15_SB_B5_10_14-A,SB,",sample too small",100,0,1,9.5,16.2,59.5,,,,,,,,,,,105.3969816,,
2015,11,-117.083334,46.778658,GPHY15_GB_B6_11_15-A,GB,,100,0,1,,,,,,,,,,,,,,107.8576115,,97.60498688
2015,12,-117.0829398,46.77873108,GPHY15_GB_B6_12_16-A,GB,,100,0,1,,,,,,,,,,,,,,86.12204724,,85.71194226
2015,13,-117.082498,46.778764,GPHY15_GB_C1_13_17-A,GB,,100,0,1,,,,,,,,,,,,,,101.7060367,,97.60498688
2015,14,-117.0816322,46.77868864,GPHY15_SW_C3_14_19-A,SW,,100,0,1,10.4,13.6,66.7,35.7,,55,,,,,,,,146.8175853,,
2015,15,-117.081244,46.778707,GPHY15_SW_C3_15_20-A,SW,,100,0,1,11.2,13.4,66.2,34.8,,54,,,,,,,,172.6541995,,
2015,16,-117.080408,46.778826,GPHY15_GB_C4_16_22-A,GB,,100,0,1,,,,,,,,,,,,,,167.3228346,,144.7670604
2015,17,-117.07999,46.778797,GPHY15_GB_C5_17_23-A,GB,,100,0,1,,,,,,,,,,,,,,289.9442257,,271.4895013
2015,18,-117.0888801,46.77895174,GPHY15_WW_A1_18_1-B,WW,",moisture",100,5.3,1,3.5,13.7,68.5,25.8,,52.4,,,,,,,,483.5137795,,
2015,19,-117.0884663,46.77882662,GPHY15_WW_A2_19_2-B,WW,",moisture",100,5.3,1,3.8,13.3,68.5,24.1,,52,,,,,,,,344.078084,,
2015,20,-117.088064,46.778867,GPHY15_WW_A2_20_3-B,WW,",moisture",100,5.3,1,4.4,11.7,70,23.4,,51.5,,,,,,,,306.7585302,,
2015,21,-117.087646,46.778842,GPHY15_WW_A3_21_4-B,WW,",moisture",100,5.3,1,5,10.8,70,22.3,,57.6,,,,,,,,524.5242782,,
2015,22,-117.087228,46.779015,GPHY15_WW_A4_22_5-B,WW,",moisture",100,5.3,1,5.1,10.8,68.6,22.1,,55,,,,,,,,473.2611549,,
2015,23,-117.086831,46.77900278,GPHY15_WW_A4_23_6-B,WW,",moisture",100,5.3,1,4.7,8.9,68.9,19.4,,56.4,,,,,,,,503.1988189,,
2015,24,-117.086392,46.779077,GPHY15_WW_A5_24_7-B,WW,",moisture",100,5.3,1,4.5,11.4,68.9,21.1,,57.5,,,,,,,,489.2552493,,
2015,25,-117.085974,46.779047,GPHY15_WW_A6_25_8-B,WW,",moisture",100,5.3,1,5.2,9.9,69.2,20.9,,58.6,,,,,,,,636.4829396,,
2015,26,-117.085556,46.778952,GPHY15_SC_B1_26_9-B,SC,",empty residue bag",100,0,1,7.1,,,,48.8,47.9,,,,,,,,235,,419.5
2015,27,-117.085117,46.77906282,GPHY15_SC_B2_27_10-B,SC,",empty residue bag",100,0,1,7.1,,,,48.8,49.1,,,,,,,,206,,414
2015,28,-117.08472,46.778918,GPHY15_SC_B3_28_11-B,SC,",empty residue bag",100,0,1,5.8,,,,48.2,48.3,,,,,,,,190.5,,345.5
2015,29,-117.084302,46.779007,GPHY15_SC_B3_29_12-B,SC,",empty residue bag",100,0,1,7.3,,,,49.2,50.4,,,,,,,,177.5,,266.5
2015,30,-117.083884,46.77896,GPHY15_WW_B4_30_13-B,WW,",moisture",100,5.3,1,5,11.8,68.3,22.2,,55.5,,,,,,,,333.4153543,,
2015,31,-117.083466,46.779023,GPHY15_SB_B5_31_14-B,SB,,100,0,1,9.6,14.5,61.1,,,48.7,,,,,,,,234.5800525,,
2015,32,-117.083048,46.778944,GPHY15_GB_B6_32_15-B,GB,,100,0,1,,,,,,,,,,,,,,124.671916,,132.8740157
2015,33,-117.08263,46.779013,GPHY15_GB_B6_33_16-B,GB,,100,0,1,,,,,,,,,,,,,,78.74015748,,79.97047244
2015,34,-117.082212,46.77905,GPHY15_GB_C1_34_17-B,GB,,100,0,1,,,,,,,,,,,,,,128.7729659,,112.7788714
2015,35,-117.081794,46.778852,GPHY15_SC_C2_35_18-B,SC,",nir error code 64 (030e),   2x,empty residue bag",100,0,1,,,,,,,,,,,,,,146,,394
2015,36,-117.0814058,46.77900737,GPHY15_SC_C2_36_19-B,SC,",empty residue bag",100,0,1,6,,,,48.8,50.3,,,,,,,,308,,526.5
2015,37,-117.080958,46.778993,GPHY15_SW_C3_37_20-B,SW,",sample too small",100,0,1,11.3,14.1,64.1,36.7,,,,,,,,,,98.01509186,,
2015,38,-117.08054,46.778849,GPHY15_GB_C4_38_21-B,GB,,100,0,1,,,,,,,,,,,,,,164.4520997,,171.4238845
2015,39,-117.080122,46.779112,GPHY15_GB_C4_39_22-B,GB,,100,0,1,,,,,,,,,,,,,,91.86351706,,80.79068241
2015,40,-117.079704,46.779083,GPHY15_GB_C5_40_23-B,GB,,100,0,1,,,,,,,,,,,,,,52.49343832,,83.66141732
2015,41,-117.079286,46.779047,GPHY15_GB_C6_41_24-B,GB,,100,0,1,,,,,,,,,,,,,,154.1994751,,158.7106299
2015,42,-117.0887062,46.77911338,GPHY15_WW_A1_42_2-C,WW,",moisture",100,5.3,1,3.5,12.3,68.7,21.8,,56.1,,,,,,,,510.1706037,,
2015,43,-117.088318,46.779153,GPHY15_WW_A1_43_3-C,WW,",moisture",100,5.3,1,5.3,11.1,70.3,23.4,,58.7,,,,,,,,519.6030184,,
2015,44,-117.0879,46.779128,GPHY15_WW_A2_44_4-C,WW,",moisture",100,5.3,1,3.9,11.2,69.3,21.2,,53.8,,,,,,,,301.0170604,,
2015,45,-117.0874635,46.77928833,GPHY15_WW_A3_45_5-C,WW,",moisture",100,5.3,1,4.2,12.3,68.7,22.4,,52.2,,,,,,,,342.847769,,
2015,46,-117.087064,46.779278,GPHY15_WW_A3_46_6-C,WW,",moisture",100,5.3,1,4.3,12.1,68.6,22.9,,51.9,,,,,,,,387.9593176,,
2015,47,-117.086646,46.779363,GPHY15_WW_A4_47_7-C,WW,",moisture",100,5.3,1,4.6,10.9,68.9,21,,59.2,,,,,,,,518.3727034,,
2015,48,-117.086228,46.779333,GPHY15_WW_A5_48_8-C,WW,",moisture",100,5.3,1,5.1,10.1,69.4,20.6,,59.5,,,,,,,,506.8897638,,
2015,49,-117.08581,46.779238,GPHY15_WW_A6_49_9-C,WW,",moisture,starch",100,10.5,1,5.1,9.5,73.5,20.5,,59.9,,,,,,,,577.0177165,,
2015,50,-117.0853355,46.77932123,GPHY15_SC_B1_50_10-C_B,SC,"empty biomass bag,empty biomass bag",100,0,1,,,,,,,,,,,,,,,,
2015,51,-117.0849635,46.77919681,GPHY15_SC_B2_51_11-C,SC,",empty residue bag",100,0,1,5.7,,,,49.2,49.4,,,,,,,,228.5,,484.5
2015,52,-117.084556,46.779293,GPHY15_SC_B2_52_12-C,SC,",empty residue bag",100,0,1,6.3,,,,49,51.8,,,,,,,,235,,533
2015,53,-117.084138,46.779246,GPHY15_SC_B3_53_13-C,SC,",empty residue bag",100,0,1,6.3,,,,49.2,50.4,,,,,,,,294.5,,489.5
2015,54,-117.08372,46.779309,GPHY15_WW_B4_54_14-C,WW,",moisture",100,5.3,1,4.7,13.9,67.6,31,,56.5,,,,,,,,486.3845144,,
2015,55,-117.083302,46.77923,GPHY15_SB_B5_55_15-C,SB,,100,0,1,11.1,13.8,62.2,,,52.8,,,,,,,,298.9665354,,
2015,56,-117.0829019,46.77931128,GPHY15_SB_B5_56_16-C,SB,,100,0,1,10.9,12.3,64.7,,,53.8,,,,,,,,351.0498688,,
2015,57,-117.082466,46.779336,GPHY15_GB_B6_57_17-C,GB,,100,0,1,,,,,,,,,,,,,,108.6778215,,91.04330709
2015,58,-117.082048,46.779138,GPHY15_GB_C1_58_18-C,GB,,100,0,1,,,,,,,,,,,,,,121.3910761,,132.8740157
2015,59,-117.0816001,46.77925244,GPHY15_SC_C2_59_19-C,SC,",empty residue bag",100,0,1,6.2,,,,48.2,50.6,,,,,,,,268.5,,486
2015,60,-117.081212,46.779279,GPHY15_SC_C2_60_20-C,SC,",empty residue bag",100,10.5,1,7.4,,,,46.5,49.5,,,,,,,,277,,280.5
2015,61,-117.080794,46.779135,GPHY15_SW_C3_61_21-C,SW,,100,0,1,11.2,10,68.1,27.8,,56.9,,,,,,,,279.2814961,,
2015,62,-117.0803999,46.77941847,GPHY15_SW_C3_62_22-C,SW,,100,0,1,9.6,14.8,65.9,38.5,,52.5,,,,,,,,186.597769,,
2015,63,-117.079958,46.779369,GPHY15_GB_C4_63_23-C,GB,,100,0,1,,,,,,,,,,,,,,161.1712598,,182.0866142
2015,64,-117.07954,46.779333,GPHY15_GB_C5_64_24-C,GB,,100,0,1,,,,,,,,,,,,,,180.0360892,,152.9691601
2015,65,-117.079122,46.779254,GPHY15_GB_C6_65_25-C,GB,,100,0,1,,,,,,,,,,,,,,233.3497375,,189.4685039
2015,66,-117.0787338,46.77928646,GPHY15_GB_C6_66_26-C,GB,,100,0,1,,,,,,,,,,,,,,185.7775591,,174.2946194
2015,67,-117.078286,46.779271,GPHY15_GB_C7_67_27-C,GB,,100,0,1,,,,,,,,,,,,,,129.1830709,,117.7001312
2015,68,-117.088231,46.779439,GPHY15_WW_A1_68_3-D,WW,",moisture",100,5.3,1,4.6,11.9,70.4,23.7,,54.5,,,,,,,,292.4048556,,
2015,69,-117.087813,46.779414,GPHY15_WW_A2_69_4-D,WW,",moisture",100,5.3,1,4.9,9.9,69,20.8,,54.8,,,,,,,,345.7185039,,
2015,70,-117.087395,46.779587,GPHY15_WW_A2_70_5-D,WW,,100,0,1,13.9,13.7,65.8,34.1,,51.2,,,,,,,,369.5045932,,764.0255906
2015,71,-117.086977,46.779564,GPHY15_WW_A3_71_6-D,WW,",moisture",100,5.3,1,5,12,68.9,24.3,,57.8,,,,,,,,448.2447507,,
2015,72,-117.086559,46.779649,GPHY15_WW_A4_72_7-D,WW,",moisture",100,5.3,1,5,10.7,69,21.4,,58.7,,,,,,,,530.265748,,
2015,73,-117.0861725,46.77963697,GPHY15_WW_A4_73_8-D,WW,",moisture",100,5.3,1,4.5,11.8,68.7,22.3,,52.9,,,,,,,,365.4035433,,
2015,74,-117.0856915,46.77950963,GPHY15_WW_A6_74_9-D,WW,",moisture",100,5.3,1,5.4,9.8,69.5,20.6,,59.3,,,,,,,,585.2198163,,
2015,75,-117.085305,46.779642,GPHY15_WW_A6_75_10-D,WW,,100,0,1,13.6,11,68.9,28.2,,60.2,,,,,,,,574.5570866,,781.25
2015,76,-117.084887,46.77949,GPHY15_SC_B1_76_11-D,SC,",empty residue bag",100,0,1,6.2,,,,49.5,49.8,,,,,,,,269,,480
2015,77,-117.084469,46.779579,GPHY15_SC_B2_77_12-D,SC,",empty residue bag",100,0,1,6.7,,,,48.9,51.1,,,,,,,,170,,360.5
2015,78,-117.084051,46.779532,GPHY15_SC_B3_78_13-D,SC,",empty residue bag",100,0,1,7.6,,,,48.5,50.2,,,,,,,,181,,350
2015,79,-117.083633,46.779595,GPHY15_SC_B3_79_14-D,SC,",empty residue bag",100,0,1,8,,,,43.9,51.4,,,,,,,,169.5,,348.5
2015,80,-117.083215,46.779516,GPHY15_WW_B4_80_15-D,WW,",moisture",100,5.3,1,5.3,13.2,68.4,30.1,,55.8,,,,,,,,384.2683727,,
2015,81,-117.082797,46.779585,GPHY15_SB_B5_81_16-D,SB,,100,0,1,10.5,12.7,63.6,,,53.3,,,,,,,,267.7985564,,
2015,82,-117.082379,46.779622,GPHY15_GB_B6_82_17-D,GB,,100,0,1,,,,,,,,,,,,,,174.7047244,,155.42979
2015,83,-117.081961,46.779424,GPHY15_GB_C1_83_18-D,GB,,100,0,1,,,,,,,,,,,,,,91.04330709,,110.7283465
2015,84,-117.081543,46.779563,GPHY15_GB_C1_84_19-D,GB,,100,0,1,,,,,,,,,,,,,,145.5872703,,127.9527559
2015,85,-117.081125,46.779565,GPHY15_SC_C2_85_20-D,SC,",empty residue bag",100,0,1,5.3,,,,47.7,48.5,,,,,,,,226.5,,394
2015,86,-117.080707,46.779421,GPHY15_SW_C3_86_21-D,SW,,100,0,1,11.2,12.7,67,33.9,,53.7,,,,,,,,238.6811024,,
2015,87,-117.080289,46.779684,GPHY15_SW_C3_87_22-D,SW,,100,0,1,10,13.4,67.1,35.4,,51.9,,,,,,,,130.8234908,,
2015,88,-117.079871,46.779655,GPHY15_GB_C4_88_23-D,GB,,100,0,1,,,,,,,,,,,,,,118.1102362,,122.6213911
2015,89,-117.079447,46.77960671,GPHY15_GB_C5_89_24-D,GB,,100,0,1,,,,,,,,,,,,,,173.8845144,,163.2217848
2015,90,-117.079035,46.77954,GPHY15_GB_C5_90_25-D,GB,,100,0,1,,,,,,,,,,,,,,145.1771654,,161.1712598
2015,91,-117.078617,46.779552,GPHY15_GB_C6_91_26-D,GB,,100,0,1,,,,,,,,,,,,,,160.3510499,,155.019685
2015,92,-117.078199,46.779557,GPHY15_GB_C7_92_27-D,GB,,100,0,1,,,,,,,,,,,,,,240.7316273,,243.6023622
2015,93,-117.077781,46.779494,GPHY15_GB_C8_93_28-D,GB,,100,0,1,,,,,,,,,,,,,,128.3628609,,105.8070866
2015,94,-117.077363,46.779658,GPHY15_GB_C8_94_29-D,GB,,100,0,1,,,,,,,,,,,,,,138.6154856,,105.3969816
2015,95,-117.088073,46.77971682,GPHY15_WW_A1_95_3-E,WW,",moisture",100,5.3,1,3.9,14.6,67.6,30.1,,50.4,,,,,,,,276.4107612,,
2015,96,-117.087663,46.7797,GPHY15_WW_A1_96_4-E,WW,",moisture",100,5.3,1,5,10.3,71,21.4,,54.4,,,,,,,,319.8818898,,
2015,97,-117.087245,46.779873,GPHY15_WW_A2_97_5-E,WW,",moisture",100,5.3,1,4,11,68.8,20.7,,56.4,,,,,,,,382.2178478,,
2015,98,-117.086827,46.77985,GPHY15_WW_A3_98_6-E,WW,",moisture",100,5.3,1,4.9,13.3,68.8,30,,55.1,,,,,,,,283.3825459,,
2015,99,-117.086409,46.779935,GPHY15_WW_A3_99_7-E,WW,",moisture",100,5.3,1,5.3,11,69.2,22.3,,60.6,,,,,,,,560.6135171,,
2015,100,-117.085991,46.779905,GPHY15_WW_A4_100_8-E,WW,,100,0,1,13.7,13.2,67.2,31.7,,58.1,,,,,,,,509.7604987,,736.5485564
2015,101,-117.085573,46.77981,GPHY15_WW_A5_101_9-E,WW,",moisture",100,5.3,1,4.8,11.6,68.7,22.6,,56.2,,,,,,,,470.8005249,,
2015,102,-117.085155,46.779928,GPHY15_WW_A6_102_10-E,WW,",moisture",100,5.3,1,5.5,10,69,21.2,,57,,,,,,,,453.1660105,,
2015,103,-117.084737,46.779776,GPHY15_SC_B1_103_11-E,SC,",empty residue bag",100,0,1,6.5,,,,49,50,,,,,,,,192,,367
2015,104,-117.0843452,46.77988297,GPHY15_SC_B1_104_12-E,SC,",nir ERROR CODE  512 (030D),empty residue bag",100,0,1,,,,,,,,,,,,,,139.5,,350.5
2015,105,-117.083901,46.779818,GPHY15_SC_B2_105_13-E,SC,",NIR ERROR CODE 64 (030E) 2X,empty residue bag",100,0,1,,,,,,,,,,,,,,107.5,,322
2015,106,-117.083483,46.779881,GPHY15_SC_B3_106_14-E,SC,",empty residue bag",100,0,1,6.8,,,,44.4,49.4,,,,,,,,153.5,,342
2015,107,-117.083065,46.779802,GPHY15_WW_B4_107_15-E,WW,",moisture",100,5.3,1,4.3,11.7,69.3,21.6,,53.8,,,,,,,,294.0452756,,
2015,108,-117.082647,46.779871,GPHY15_SB_B5_108_16-E,SB,,100,0,1,10.9,13,62.6,,,50.3,,,,,,,,378.1167979,,
2015,109,-117.0821935,46.77987977,GPHY15_GB_B6_109_17-E,GB,,100,0,1,,,,,,,,,,,,,,200.9514436,,177.1653543
2015,110,-117.0817533,46.77967045,GPHY15_GB_C1_110_18-E,GB,,100,0,1,,,,,,,,,,,,,,110.3182415,,93.09383202
2015,111,-117.081393,46.779849,GPHY15_GB_C1_111_19-E,GB,,100,0,1,,,,,,,,,,,,,,106.6272966,,100.8858268
2015,112,-117.080975,46.779851,GPHY15_SC_C2_112_20-E,SC,",empty residue bag",100,0,1,7.7,,,,43.2,48.7,,,,,,,,153.5,,336
2015,113,-117.0805391,46.77969063,GPHY15_SW_C3_113_21-E,SW,,100,0,1,10.6,14.2,66.6,37.1,,52.3,,,,,,,,196.0301837,,
2015,114,-117.080139,46.77997,GPHY15_SW_C3_114_22-E,SW,",sample too small",100,0,1,13,15.5,62.9,38.7,,,,,,,,,,103.7565617,,236.6305774
2015,115,-117.0797031,46.77992463,GPHY15_GB_C4_115_23-E,GB,,100,0,1,,,,,,,,,,,,,,109.0879265,,123.441601
2015,116,-117.079303,46.779905,GPHY15_GB_C4_116_24-E,GB,,100,0,1,,,,,,,,,,,,,,144.7670604,,134.5144357
2015,117,-117.078885,46.779826,GPHY15_GB_C5_117_25-E,GB,,100,0,1,,,,,,,,,,,,,,230.0688976,,200.1312336
2015,118,-117.078467,46.779838,GPHY15_GB_C6_118_26-E,GB,,100,0,1,,,,,,,,,,,,,,119.7506562,,104.1666667
2015,119,-117.0780192,46.77982663,GPHY15_GB_C7_119_27-E,GB,,100,0,1,,,,,,,,,,,,,,206.6929134,,180.0360892
2015,120,-117.077631,46.77978,GPHY15_GB_C7_120_28-E,GB,,100,0,1,,,,,,,,,,,,,,148.0479003,,146.4074803
2015,121,-117.077213,46.779944,GPHY15_GB_C8_121_29-E,GB,,100,0,1,,,,,,,,,,,,,,61.92585302,,76.27952756
2015,122,-117.087699,46.779986,GPHY15_WW_A1_122_4-F,WW,,100,0,1,8.7,14.5,68.3,38,,53.3,,,,,,,,341.2073491,,641.8143045
2015,123,-117.087281,46.780159,GPHY15_WW_A1_123_5-F,WW,",moisture",100,5.3,1,4.9,11.4,72.5,24.3,,57.1,,,,,,,,402.3129921,,
2015,124,-117.086863,46.780136,GPHY15_WW_A2_124_6-F,WW,",moisture",100,5.3,1,4.5,12.6,69.7,25.1,,55,,,,,,,,380.1673228,,
2015,125,-117.086445,46.780221,GPHY15_WW_A3_125_7-F,WW,",moisture",100,5.3,1,5,10.6,68.9,22.6,,56.3,,,,,,,,448.2447507,,
2015,126,-117.0860113,46.78018382,GPHY15_WW_A4_126_8-F,WW,",moisture",100,5.3,1,5.1,12.1,69,25,,57.4,,,,,,,,478.1824147,,
2015,127,-117.0855933,46.78008882,GPHY15_WW_A5_127_9-F,WW,",moisture",100,5.3,1,5.2,11.4,69,23.6,,58.5,,,,,,,,637.3031496,,
2015,128,-117.085191,46.780214,GPHY15_WW_A5_128_10-F,WW,",moisture",100,5.3,1,4.3,11.9,68.6,22.5,,53.4,,,,,,,,384.2683727,,
2015,129,-117.084773,46.780062,GPHY15_WW_A6_129_11-F,WW,",moisture",100,5.3,1,4.4,12.5,68.6,23.5,,57,,,,,,,,445.7841207,,
2015,130,-117.084355,46.780151,GPHY15_SC_B1_130_12-F,SC,",NIR ERROR CODE 64 (030E) 2X,empty residue bag",100,0,1,,,,,,,,,,,,,,124.5,,354
2015,131,-117.083937,46.780104,GPHY15_SC_B2_131_13-F,SC,",empty residue bag",100,0,1,6.7,,,,46.4,51.3,,,,,,,,228,,467
2015,132,-117.083519,46.780167,GPHY15_SC_B2_132_14-F,SC,",empty residue bag",100,0,1,6.6,,,,49.3,49.8,,,,,,,,200,,426
2015,133,-117.083101,46.780088,GPHY15_SC_B3_133_15-F,SC,",empty residue bag",100,0,1,7.2,,,,44.8,49.6,,,,,,,,187.5,,454.5
2015,134,-117.082683,46.780157,GPHY15_WW_B4_134_16-F,WW,,100,0,1,14,14.7,63.3,35.9,,55.8,,,,,,,,381.3976378,,878.8549869
2015,135,-117.082265,46.780194,GPHY15_SB_B5_135_17-F,SB,,100,0,1,10.8,13,62.6,,,51.7,,,,,,,,348.5892388,,
2015,136,-117.081847,46.779996,GPHY15_GB_B6_136_18-F,GB,,100,0,1,,,,,,,,,,,,,,210.3838583,,173.4744094
2015,137,-117.0814529,46.78014727,GPHY15_GB_B6_137_19-F,GB,,100,0,1,,,,,,,,,,,,,,143.5367454,,109.9081365
2015,138,-117.081011,46.780137,GPHY15_GB_C1_138_20-F,GB,,100,0,1,,,,,,,,,,,,,,193.1594488,,181.2664042
2015,139,-117.080593,46.779993,GPHY15_SC_C2_139_21-F,SC,",nir error code 64 (030e) 2x",100,0,1,,,,,,,,,,,,,,85,,207
2015,140,-117.080175,46.780256,GPHY15_SC_C2_140_22-f,SC,",NIR ERROR DSP 8192,RAN 3X,empty residue bag",100,0,1,,,,,,,,,,,,,,139.5,,307.5
2015,141,-117.079757,46.780227,GPHY15_SW_C3_141_23-F,SW,,100,0,1,11.2,13.5,66.1,35.3,,41.9,,,,,,,,116.4698163,,
2015,142,-117.079339,46.780191,GPHY15_GB_C4_142_24-F,GB,,100,0,1,,,,,,,,,,,,,,121.3910761,,106.2171916
2015,143,-117.0789031,46.78010382,GPHY15_GB_C5_143_25-F,GB,,100,0,1,,,,,,,,,,,,,,117.2900262,,102.5262467
2015,144,-117.078503,46.780124,GPHY15_GB_C5_144_26-F,GB,,100,0,1,,,,,,,,,,,,,,115.6496063,,136.9750656
2015,145,-117.078085,46.780129,GPHY15_GB_C6_145_27-F,GB,,100,0,1,,,,,,,,,,,,,,92.68372703,,127.1325459
2015,146,-117.077667,46.780066,GPHY15_GB_C7_146_28-F,GB,,100,0,1,,,,,,,,,,,,,,108.2677165,,109.4980315
2015,147,-117.077249,46.78023,GPHY15_GB_C7_147_29-F,GB,,100,0,1,,,,,,,,,,,,,,80.79068241,,93.09383202
2015,148,-117.076831,46.780004,GPHY15_GB_C8_148_30-F,GB,,100,0,1,,,,,,,,,,,,,,282.9724409,,221.4566929
2015,149,-117.087103,46.780422,GPHY15_WW_A1_149_6-G,WW,",moisture",100,5.3,1,5.2,12.9,69.2,28.6,,58.1,,,,,,,,479.8228346,,
2015,150,-117.086685,46.780507,GPHY15_WW_A2_150_7-G,WW,",moisture",100,5.3,1,4.4,11,70.1,22.1,,54.6,,,,,,,,336.6961942,,
2015,151,-117.0862251,46.78045544,GPHY15_WW_A3_151_8-G,WW,,100,0,1,11.3,10.9,70.5,28.1,,59.1,,,,,,,,552.4114173,,718.914042
2015,152,-117.0858333,46.78037122,GPHY15_WW_A4_152_9-G,WW,",moisture",100,5.3,1,4.9,11.7,68.8,23.3,,58.9,,,,,,,,440.0426509,,
2015,153,-117.085431,46.7805,GPHY15_WW_A4_153_10-G,WW,,100,0,1,13.2,11.9,67.9,29.5,,57.8,,,,,,,,490.8956693,,744.3405512
2015,154,-117.085013,46.780348,GPHY15_WW_A5_154_11-G,WW,",moisture",100,5.3,1,4.4,11.2,68.8,21.2,,54.7,,,,,,,,431.4304462,,
2015,155,-117.084595,46.780437,GPHY15_WW_A6_155_12-G,WW,",moisture",100,5.3,1,4.1,15.8,65.9,36.4,,48.8,,,,,,,,258.3661417,,
2015,156,-117.084177,46.78039,GPHY15_SC_B1_156_13-G,SC,",empty residue bag",100,0,1,7.8,,,,48.4,49,,,,,,,,143,,296.5
2015,157,-117.083759,46.780453,GPHY15_SC_B1_157_14-G,SC,",nir ERROR 512 (O3Od) ran 2X",100,0,1,,,,,,,,,,,,,,75.5,,333.5
2015,158,-117.083341,46.780374,GPHY15_SC_B2_158_15-G,SC,",ERROR :SAMPLE IN CELL. CLEANED PER INSTRUCTIONS 2X. RAN 3X",100,0,1,,,,,,,,,,,,,,135,,450.5
2015,159,-117.082923,46.780443,GPHY15_SC_B3_159_16-G,SC,,100,0,1,6.5,,,,45.5,48.4,,,,,,,,179,,480
2015,160,-117.082505,46.78048,GPHY15_WW_B4_160_17-G,WW,",moisture",100,5.3,1,5.1,12.9,67.5,25.9,,55.2,,,,,,,,313.32021,,
2015,161,-117.082087,46.780282,GPHY15_SB_B5_161_18-G,SB,,100,0,1,10,12.1,62.7,,,53,,,,,,,,482.2834646,,
2015,162,-117.0816451,46.78040873,GPHY15_GB_B6_162_19-G,GB,,100,0,1,,,,,,,,,,,,,,222.6870079,,178.3956693
2015,163,-117.081251,46.780423,GPHY15_GB_B6_163_20-G,GB,,100,0,1,,,,,,,,,,,,,,152.9691601,,125.902231
2015,164,-117.080833,46.780279,GPHY15_GB_C1_164_21-G,GB,,100,0,1,,,,,,,,,,,,,,91.04330709,,125.902231
2015,165,-117.080415,46.780542,GPHY15_GB_C1_165_22-G,GB,,100,0,1,,,,,,,,,,,,,,120.1607612,,104.9868766
2015,166,-117.079997,46.780513,GPHY15_SC_C2_166_23-G,SC,,100,0,1,7.2,,,,42.6,50.1,,,,,,,,173,,473
2015,167,-117.079579,46.780477,GPHY15_SW_C3_167_24-G,SW,",sample too small",100,0,1,12.5,15.1,62.8,37.7,,,,,,,,,,124.671916,,267.7985564
2015,168,-117.079161,46.780398,GPHY15_GB_C4_168_25-G,GB,,100,0,1,,,,,,,,,,,,,,90.22309711,,80.38057743
2015,169,-117.078743,46.78041,GPHY15_GB_C4_169_26-G,GB,,100,10.5,1,,,,,,,,,,,,,,152.5590551,,57.82480315
2015,170,-117.078325,46.780415,GPHY15_GB_C5_170_27-G,GB,,100,0,1,,,,,,,,,,,,,,107.0374016,,107.4475066
2015,171,-117.077907,46.780352,GPHY15_GB_C6_171_28-G,GB,,100,0,1,,,,,,,,,,,,,,74.63910761,,78.74015748
2015,172,-117.077489,46.780516,GPHY15_GB_C6_172_29-G,GB,,100,0,1,,,,,,,,,,,,,,97.60498688,,88.58267717
2015,173,-117.077071,46.78029,GPHY15_GB_C7_173_30-G,GB,,100,0,1,,,,,,,,,,,,,,85.71194226,,91.86351706
2015,174,-117.076653,46.780414,GPHY15_GB_C8_174_31-G,GB,,100,0,1,,,,,,,,,,,,,,191.1089239,,171.8339895
2015,175,-117.086879,46.780708,GPHY15_WW_A1_175_6-H,WW,",moisture",100,5.3,1,5,11.8,68.7,24,,56.5,,,,,,,,446.1942257,,
2015,176,-117.0864768,46.78080097,GPHY15_WW_A1_176_7-H,WW,",moisture",100,5.3,1,4.3,11.3,69.5,21.5,,58.7,,,,,,,,567.9954068,,
2015,177,-117.086043,46.780763,GPHY15_WW_A2_177_8-H,WW,",moisture",100,5.3,1,4.7,10.5,68.9,21.1,,57.1,,,,,,,,412.1555118,,
2015,178,-117.085625,46.780668,GPHY15_WW_A3_178_9-H,WW,",moisture",100,5.3,1,5,11,68.9,21.4,,60,,,,,,,,519.6030184,,
2015,179,-117.085207,46.780786,GPHY15_WW_A4_179_10-H,WW,",moisture",100,5.3,1,5.5,9.9,69.9,21.1,,59.3,,,,,,,,648.7860892,,
2015,180,-117.084789,46.780634,GPHY15_WW_A5_180_11-H,WW,,100,0,1,13.5,14.1,65.2,34,,52,,,,,,,,322.7526247,,750.902231
2015,181,-117.084371,46.780723,GPHY15_WW_B4_181_12-H,WW,",moisture",100,5.3,1,4.7,12.9,68.2,26.3,,54.6,,,,,,,,336.6961942,,
2015,182,-117.0839212,46.78065692,GPHY15_SC_B1_182_13-H,SC,"empty biomass bag,empty biomass bag",100,0,1,,,,,,,,,,,,,,,,
2015,183,-117.083535,46.780739,GPHY15_SC_B1_183_14-H,SC,",empty residue bag",100,0,1,7,,,,46.5,47.3,,,,,,,,182.5,,408
2015,184,-117.083117,46.78066,GPHY15_SC_B2_184_15-H,SC,",empty residue bag",100,0,1,6.6,,,,49.4,51,,,,,,,,238,,424
2015,185,-117.082699,46.780729,GPHY15_SC_B3_185_16-H,SC,",empty residue bag",100,0,1,7.4,,,,43.4,48.4,,,,,,,,171,,455.5
2015,186,-117.082281,46.780766,GPHY15_WW_B4_186_17-H,WW,",moisture",100,5.3,1,5,13.9,67.5,33.6,,57.5,,,,,,,,353.9206037,,
2015,187,-117.081863,46.780568,GPHY15_SB_B5_187_18-H,SB,",sample small",100,0,1,11.3,15.7,59.4,,,,,,,,,,,95.14435696,,
2015,188,-117.081445,46.780707,GPHY15_SB_B5_188_19-H,SB,"Paper document originally said ""Bag Wt 272g"", I think this should be the 259g Bag. It might have been  tared with the paper bag(s) inside",100,10.5,1,8.2,15.3,61.3,,,48.4,,,,,,,,255.0853018,,293.6351706
2015,189,-117.081027,46.780709,GPHY15_GB_B6_189_20-H,GB,,100,0,1,,,,,,,,,,,,,,208.7434383,,175.5249344
2015,190,-117.080609,46.780565,GPHY15_GB_C1_190_21-H,GB,,100,0,1,,,,,,,,,,,,,,168.1430446,,162.4015748
2015,191,-117.080191,46.780828,GPHY15_GB_C1_191_22-H,GB,,100,0,1,,,,,,,,,,,,,,139.8458005,,134.1043307
2015,192,-117.079773,46.780799,GPHY15_SC_C2_192_23-H,SC,",NIR ERROR DSP 8192,RAN 3X",100,0,1,,,,,,,,,,,,,,110,,267
2015,193,-117.079355,46.780763,GPHY15_SW_C3_193_24-H,SW,,100,0,1,13.2,13.8,64.8,34.1,,55.9,,,,,,,,202.1817585,,348.5892388
2015,194,-117.0789131,46.78066353,GPHY15_GB_C4_194_25-H,GB,,100,0,1,,,,,,,,,,,,,,72.99868766,,67.25721785
2015,195,-117.078519,46.780696,GPHY15_GB_C4_195_26-H,GB,,100,0,1,,,,,,,,,,,,,,118.9304462,,107.8576115
2015,196,-117.078101,46.780701,GPHY15_GB_C5_196_27-H,GB,,100,0,1,,,,,,,,,,,,,,210.3838583,,162.8116798
2015,197,-117.077683,46.780638,GPHY15_GB_C6_197_28-H,GB,,100,0,1,,,,,,,,,,,,,,95.14435696,,83.25131234
2015,198,-117.077265,46.780802,GPHY15_GB_C6_198_29-H,GB,,100,10.5,1,,,,,,,,,,,,,,120.5708661,,90.22309711
2015,199,-117.076847,46.780576,GPHY15_GB_C7_199_30-H,GB,,100,0,1,,,,,,,,,,,,,,272.7198163,,219.406168
2015,200,-117.0866262,46.7810531,GPHY15_WW_A1_200_7-I,WW,",moisture",100,5.3,1,4.2,13.6,68.4,27.3,,55.5,,,,,,,,533.9566929,,
2015,201,-117.086242,46.781049,GPHY15_WW_A1_201_8-I,WW,",moisture",100,5.3,1,4.3,14.6,67.6,32.8,,51.5,,,,,,,,299.7867454,,
2015,202,-117.085824,46.780954,GPHY15_WW_A2_202_9-I,WW,",moisture",100,5.3,1,5.1,10,72.8,21.1,,59.5,,,,,,,,485.9744094,,
2015,203,-117.085406,46.781072,GPHY15_WW_A3_203_10-I,WW,",moisture",100,5.3,1,3.7,12.7,68.4,22.9,,49.8,,,,,,,,236.6305774,,
2015,204,-117.084988,46.78092,GPHY15_WW_A4_204_11-I,WW,",moisture",100,5.3,1,4.5,11.6,68.7,22,,53.7,,,,,,,,417.0767717,,
2015,205,-117.08457,46.781009,GPHY15_WW_A5_205_12-I,WW,",moisture",100,5.3,1,5.4,11.6,70.4,25.7,,57.1,,,,,,,,350.6397638,,
2015,206,-117.084152,46.780962,GPHY15_WW_A6_206_13-I,WW,",moisture",100,5.3,1,5.7,10.3,69.7,22,,61,,,,,,,,429.7900262,,
2015,207,-117.083755,46.78103938,GPHY15_WW_A6_207_14-I,WW,",moisture",100,5.3,1,5,10.7,71.1,21.9,,58.2,,,,,,,,544.6194226,,
2015,208,-117.083316,46.780946,GPHY15_SC_B1_208_15-I,SC,",NIR ERROR DSP 8192,RAN 3X,empty residue bag",100,0,1,,,,,,,,,,,,,,99,,247
2015,209,-117.082898,46.781015,GPHY15_SC_B2_209_16-I,SC,",empty residue bag",100,0,1,7.5,,,,46.2,48.7,,,,,,,,148,,360
2015,210,-117.08248,46.781052,GPHY15_SC_B3_210_17-I,SC,",empty residue bag",100,0,1,6.1,,,,48.1,46.2,,,,,,,,171.5,,324.5
2015,211,-117.082062,46.780854,GPHY15_WW_B4_211_18-I,WW,",moisture",100,5.3,1,4.3,15.4,66.5,38.6,,56.7,,,,,,,,260.8267717,,
2015,212,-117.081644,46.780993,GPHY15_WW_B4_212_19-I,WW,",moisture",100,5.3,1,5.1,15.3,60,41.1,,58.5,,,,,,,,181.6765092,,
2015,213,-117.081226,46.780995,GPHY15_SB_B5_213_20-I,SB,,100,0,1,10.8,12.7,64.1,,,54.5,,,,,,,,359.2519685,,
2015,214,-117.080808,46.780851,GPHY15_GB_B6_214_21-I,GB,,100,0,1,,,,,,,,,,,,,,200.5413386,,168.1430446
2015,215,-117.0804377,46.78111806,GPHY15_GB_B6_215_22-I,GB,,100,0,1,,,,,,,,,,,,,,208.3333333,,193.5695538
2015,216,-117.079972,46.781085,GPHY15_GB_C1_216_23-I,GB,,100,0,1,,,,,,,,,,,,,,139.8458005,,143.9468504
2015,217,-117.079554,46.781049,GPHY15_SC_C2_217_24-I,SC,",nir error code 64 (030e),      3x",100,0,1,,,,,,,,,,,,,,121.5,,244.5
2015,218,-117.079136,46.78097,GPHY15_SW_C3_218_25-I,SW,,100,0,1,10.9,12.2,65.9,31.4,,56.3,,,,,,,,286.6633858,,
2015,219,-117.078718,46.780982,GPHY15_SW_C3_219_26-I,SW,,100,0,1,11.4,10.3,68.6,27.2,,57.8,,,,,,,,199.7211286,,
2015,220,-117.0783,46.780987,GPHY15_GB_C4_220_27-I,GB,,100,0,1,,,,,,,,,,,,,,99.24540682,,123.0314961
2015,221,-117.077882,46.780924,GPHY15_GB_C5_221_28-I,GB,,100,0,1,,,,,,,,,,,,,,220.226378,,184.1371391
2015,222,-117.077464,46.781088,GPHY15_GB_C5_222_29-I,GB,,100,0,1,,,,,,,,,,,,,,172.6541995,,137.3851706
2015,223,-117.077046,46.780862,GPHY15_GB_C6_223_30-I,GB,,100,0,1,,,,,,,,,,,,,,106.2171916,,111.5485564
2015,224,-117.076628,46.780986,GPHY15_GB_C7_224_31-I,GB,,100,0,1,,,,,,,,,,,,,,127.9527559,,102.1161417
2015,225,-117.086295,46.781365,GPHY15_WW_A1_225_7-J,WW,",starch",100,5.3,1,9.1,9.5,74.9,24.9,,59.2,,,,,,,,802.5754593,,1078.16601
2015,226,-117.0858613,46.78132062,GPHY15_WW_A2_226_8-J,WW,",moisture",100,5.3,1,4.8,9.8,71.4,20.2,,56.3,,,,,,,,465.4691601,,
2015,227,-117.0854328,46.78122203,GPHY15_WW_A3_227_9-J,WW,",moisture",100,5.3,1,4.3,11.7,68.6,22,,53.3,,,,,,,,406.824147,,
2015,228,-117.085041,46.781358,GPHY15_WW_A3_228_10-J,WW,",moisture",100,5.3,1,3.9,12.2,68.7,21.2,,53.5,,,,,,,,208.3333333,,
2015,229,-117.084623,46.781206,GPHY15_WW_A4_229_11-J,WW,",moisture",100,5.3,1,4.6,12.6,67.8,25.1,,49.8,,,,,,,,418.3070866,,
2015,230,-117.084205,46.781295,GPHY15_WW_A5_230_12-J,WW,",moisture",100,5.3,1,5.4,10.6,71.4,23.1,,55.6,,,,,,,,484.7440945,,
2015,231,-117.083787,46.781248,GPHY15_WW_A6_231_13-J,WW,",moisture,starch",100,10.5,1,5.5,10,73.1,21.4,,56.3,,,,,,,,323.9829396,,
2015,232,-117.0832823,46.78127044,GPHY15_SC_B1_232_14-J,SC,",nir error code 64 (030e) 2x,empty residue bag",100,0,1,,,,,,,,,,,,,,143,,276.5
2015,233,-117.082951,46.781232,GPHY15_SC_B1_233_15-J,SC,",empty residue bag",100,0,1,6.5,,,,48.9,50.6,,,,,,,,198.5,,385
2015,234,-117.082533,46.781301,GPHY15_SC_B2_234_16-J,SC,,100,0,1,6.6,,,,49.6,50.5,,,,,,,,233.5,,508
2015,235,-117.082115,46.781338,GPHY15_SC_B3_235_17-J,SC,,100,0,1,5.7,,,,48.3,49.3,,,,,,,,171.5,,464.5
2015,236,-117.081697,46.78114,GPHY15_WW_B4_236_18-J,WW,",moisture",100,5.3,1,5.2,13.3,68.4,31.6,,56.5,,,,,,,,176.7552493,,
2015,237,-117.0812437,46.78126348,GPHY15_SB_B5_237_19-J,SB,,100,0,1,10.1,16.1,59.4,,,48.3,,,,,,,,204.6423885,,
2015,238,-117.080861,46.781281,GPHY15_SB_B5_238_20-J,SB,,100,0,1,9.6,13.9,62.5,,,51.6,,,,,,,,375.246063,,
2015,239,-117.080455,46.78115338,GPHY15_GB_B6_239_21-J,GB,,100,0,1,,,,,,,,,,,,,,187.007874,,185.7775591
2015,240,-117.0801105,46.78144636,GPHY15_GB_B6_240_22-J,GB,,100,0,1,,,,,,,,,,,,,,79.15026247,,73.81889764
2015,241,-117.079607,46.781371,GPHY15_GB_C1_241_23-J,GB,,100,0,1,,,,,,,,,,,,,,225.5577428,,188.238189
2015,242,-117.079189,46.781335,GPHY15_SC_C2_242_24-J,SC,,100,0,1,8,,,,47,46.7,,,,,,,,236,,591
2015,243,-117.078771,46.781256,GPHY15_SW_C3_243_25-J,SW,,100,0,1,13.1,12,66.5,31.6,,58.8,,,,,,,,307.5787402,,481.4632546
2015,244,-117.0783888,46.78129256,GPHY15_SW_C3_244_26-J,SW,,100,0,1,10.4,10.8,68.2,30,,59.3,,,,,,,,420.7677165,,
2015,245,-117.077935,46.781273,GPHY15_GB_C4_245_27-J,GB,,100,0,1,,,,,,,,,,,,,,73.40879265,,98.01509186
2015,246,-117.077517,46.78121,GPHY15_GB_C5_246_28-J,GB,,100,0,1,,,,,,,,,,,,,,204.6423885,,173.4744094
2015,247,-117.077099,46.781374,GPHY15_GB_C5_247_29-J,GB,,100,0,1,,,,,,,,,,,,,,196.4402887,,150.9186352
2015,248,-117.0766989,46.78116437,GPHY15_GB_C6_248_30-J,GB,,100,0,1,,,,,,,,,,,,,,244.0124672,,203.8221785
2015,249,-117.085864,46.781526,GPHY15_WW_A1_249_9-K,WW,",moisture",100,5.3,1,5,11.6,70.6,23.9,,58.2,,,,,,,,540.9284777,,
2015,250,-117.085446,46.781644,GPHY15_WW_A2_250_10-K,WW,",moisture",100,5.3,1,5.1,10.9,68.9,22.4,,57.3,,,,,,,,440.8628609,,
2015,251,-117.085028,46.781492,GPHY15_WW_A3_251_11-K,WW,",moisture",100,5.3,1,4.9,11.5,68.7,22.4,,53.6,,,,,,,,339.1568241,,
2015,252,-117.0845785,46.78155584,GPHY15_WW_A4_252_12-K,WW,",moisture",100,5.3,1,4.7,11.6,68.6,22.2,,52.2,,,,,,,,330.1345144,,
2015,253,-117.084192,46.781534,GPHY15_WW_A4_253_13-K,WW,",moisture",100,5.3,1,4.8,10.3,69.1,20.5,,57.1,,,,,,,,524.9343832,,
2015,254,-117.083774,46.781597,GPHY15_WW_A5_254_14-K,WW,",moisture",100,5.3,1,4.8,11.1,69.8,21.6,,56.2,,,,,,,,444.9639108,,
2015,255,-117.083356,46.781518,GPHY15_WW_A6_255_15-K,WW,",moisture",100,5.3,1,5.2,10,69.1,21.3,,56.2,,,,,,,,541.7486877,,
2015,256,-117.082938,46.781587,GPHY15_SC_B1_256_16-K,SC,,100,0,1,6.8,,,,48.1,47.5,,,,,,,,205.5,,542
2015,257,-117.08252,46.781624,GPHY15_SC_B1_257_17-K,SC,",empty residue bag",100,0,1,7.9,,,,45.5,47.7,,,,,,,,205.5,,421.5
2015,258,-117.082102,46.781426,,SC,,100,0,1,,,,,,,,,,,,,,,,
2015,259,-117.081684,46.781565,GPHY15_SC_B3_259_19-K,SC,",empty residue bag",100,0,1,6.3,,,,48.7,47.8,,,,,,,,161.5,,262.5
2015,260,-117.081266,46.781567,GPHY15_WW_B4_260_20-K,WW,,100,0,1,13.1,11.6,66,31,,55.5,,,,,,,,355.1509186,,629.5111549
2015,261,-117.080848,46.781423,GPHY15_SB_B5_261_21-K,SB,"Paper document originally said ""Bag Wt 272g"", I think this should be the 259g Bag. It might have been  tared with the paper bag(s) inside,moisture",100,10.5,1,7.7,13.5,64.8,,,52.3,,,,,,,,275.1804462,,309.2191601
2015,262,-117.08043,46.781686,GPHY15_SB_B5_262_22-K,SB,,100,0,1,11.1,14.2,62.3,,,51.5,,,,,,,,220.226378,,
2015,263,-117.080012,46.781657,GPHY15_GB_B6_263_23-K,GB,,100,0,1,,,,,,,,,,,,,,119.3405512,,93.50393701
2015,264,-117.079594,46.781621,GPHY15_GB_C1_264_24-K,GB,,100,0,1,,,,,,,,,,,,,,176.3451444,,165.2723097
2015,265,-117.0791581,46.78153382,GPHY15_SC_C2_265_25-K,SC,",empty residue bag",100,0,1,6.2,,,,49,48.1,,,,,,,,158,,342
2015,266,-117.078758,46.781554,GPHY15_SC_C2_266_26-K,SC,,100,0,1,7.1,,,,47,47.1,,,,,,,,189.5,,418.5
2015,267,-117.07834,46.781559,GPHY15_SW_C3_267-27-K,SW,,100,0,1,,,,,,,,,,,,,,117.2900262,,311.269685
2015,268,-117.077922,46.781496,GPHY15_GB_C4_268_28-K,GB,,100,0,1,,,,,,,,,,,,,,104.5767717,,95.55446194
2015,269,-117.077504,46.78166,GPHY15_GB_C4_269_29-K,GB,,100,0,1,,,,,,,,,,,,,,88.17257218,,82.84120735
2015,270,-117.077086,46.781434,GPHY15_GB_C5_270_30-K,GB,,100,0,1,,,,,,,,,,,,,,270.6692913,,207.5131234
2015,271,-117.076668,46.781558,GPHY15_GB_C6_271_31-K,GB,,100,0,1,,,,,,,,,,,,,,177.5754593,,155.42979
2015,272,-117.08559,46.781812,GPHY15_WW_A1_272_9-L,WW,",moisture",100,5.3,1,4.6,9.7,70.6,20.1,,56.2,,,,,,,,548.7204724,,
2015,273,-117.085172,46.78193,GPHY15_WW_A2_273_10-L,WW,",moisture",100,5.3,1,4.1,13.1,68,27.1,,48.3,,,,,,,,280.101706,,
2015,274,-117.084754,46.781778,GPHY15_WW_A3_274_11-L,WW,",moisture",100,5.3,1,5.5,11.3,72,26.1,,58.3,,,,,,,,395.7513123,,
2015,275,-117.084357,46.78187778,GPHY15_WW_A3_275_12-L,WW,",moisture,starch",100,10.5,1,6.2,9.8,75.8,23,,61,,,,,,,,581.9389764,,
2015,276,-117.083918,46.78182,GPHY15_WW_A4_276_13-L,WW,",moisture",100,5.3,1,5,11.8,68.8,23.2,,58,,,,,,,,559.7933071,,
2015,277,-117.0835,46.781883,GPHY15_WW_A5_277_14-L,WW,",moisture",100,5.3,1,5.3,10.3,69.2,21.1,,58.9,,,,,,,,456.4468504,,
2015,278,-117.083082,46.781804,GPHY15_WW_A6_278_15-L,WW,",moisture",100,5.3,1,5.4,10,71.3,21.1,,58.4,,,,,,,,546.2598425,,
2015,279,-117.0826501,46.78185937,GPHY15_SC_B1_279_16-L,SC,",empty residue bag",100,0,1,6.3,,,,49.2,49,,,,,,,,159,,333.5
2015,280,-117.082246,46.78191,GPHY15_SC_B1_280_17-L,SC,",empty residue bag",100,0,1,6.9,,,,48.4,48.2,,,,,,,,225.5,,466
2015,281,-117.0818123,46.78170482,GPHY15_SC_B3_281_18-L,SC,",empty residue bag",100,0,1,7.4,,,,47.8,48.4,,,,,,,,184,,330
2015,282,-117.08141,46.781851,GPHY15_SC_B3_282_19-L,SC,",empty residue bag",100,0,1,5.9,,,,47.9,48.2,,,,,,,,224.5,,435.5
2015,283,-117.080992,46.781853,GPHY15_WW_B4_283_20-L,WW,",moisture",100,5.3,1,5,12,68.7,23,,56.8,,,,,,,,358.0216535,,
2015,284,-117.080574,46.781709,GPHY15_SB_B5_284_21-L,SB,,100,0,1,11.7,15.9,59.4,,,45,,,,,,,,129.1830709,,
2015,285,-117.080156,46.781972,GPHY15_SB_B5_285_22-L,SB,,100,0,1,10.8,14.6,61.6,,,52,,,,,,,,200.1312336,,
2015,286,-117.079738,46.781943,GPHY15_GB_B6_286_23-L,GB,,100,0,1,,,,,,,,,,,,,,108.2677165,,99.65551181
2015,287,-117.07932,46.781907,GPHY15_GB_C1_287_24-L,GB,,100,0,1,,,,,,,,,,,,,,134.9245407,,150.9186352
2015,288,-117.0788662,46.78180208,GPHY15_SC_C2_288_25-L,SC,",empty residue bag",100,0,1,6,,,,48.5,47.6,,,,,,,,214.5,,406
2015,289,-117.078484,46.78184,GPHY15_SC_C2_289_26-L,SC,",empty residue bag",100,0,1,6.3,,,,48.2,47.5,,,,,,,,174,,331.5
2015,290,-117.078066,46.781845,GPHY15_SW_C3_290_27-L,SW,,100,0,1,10.2,11.5,68.4,31.2,,57.3,,,,,,,,224.7375328,,
2015,291,-117.077648,46.781782,GPHY15_GB_C4_291_28-L,GB,,100,0,1,,,,,,,,,,,,,,118.9304462,,108.6778215
2015,292,-117.07723,46.781946,GPHY15_GB_C4_292_29-L,GB,,100,0,1,,,,,,,,,,,,,,221.0465879,,179.6259843
2015,293,-117.076812,46.78172,GPHY15_GB_C5_293_30-L,GB,,100,0,1,,,,,,,,,,,,,,187.417979,,148.8681102
2015,297,-117.085536,46.782098,GPHY15_WW_A1_297_9-M,WW,",moisture",100,5.3,1,3.8,15.3,66.1,34,,46.3,,,,,,,,355.1509186,,
2015,298,-117.085118,46.782216,GPHY15_WW_A1_298_10-M,WW,",moisture",100,5.3,1,4.7,12.1,69.8,25.5,,57.3,,,,,,,,410.5150919,,
2015,299,-117.0847,46.782064,GPHY15_WW_A2_299_11-M,WW,",moisture",100,5.3,1,5.1,10.3,72.4,21.7,,58.5,,,,,,,,449.4750656,,
2015,300,-117.084282,46.782153,GPHY15_WW_A3_300_12-M,WW,",moisture",100,5.3,1,5.5,11.6,70.9,26.5,,58.1,,,,,,,,624.589895,,
2015,301,-117.083864,46.782106,GPHY15_WW_A4_301_13-M,WW,,100,0,1,10.1,11.9,70.7,30.8,,57,,,,,,,,493.7664042,,666.4206037
2015,302,-117.0834303,46.78215462,GPHY15_WW_A5_302_14-M,WW,",moisture",100,5.3,1,5.4,9.2,72.2,20,,60.2,,,,,,,,498.2775591,,
2015,303,-117.0830123,46.78207922,GPHY15_WW_A6_303_15-M,WW,",moisture",100,5.3,1,5.2,10.5,71.6,21.6,,57.5,,,,,,,,401.4927822,,
2015,304,-117.08261,46.782159,GPHY15_WW_A6_304_16-M,WW,",moisture",100,5.3,1,5.9,11.1,71.9,25.9,,60.4,,,,,,,,494.9967192,,
2015,305,-117.082192,46.782196,GPHY15_SC_B1_305_17-M,SC,",empty residue bag",100,0,1,6.5,,,,48.6,50.5,,,,,,,,175.5,,370
2015,306,-117.081774,46.781998,GPHY15_SC_B2_306_18-M,SC,,100,0,1,5.7,,,,48.7,50.6,,,,,,,,228.5,,564.5
2015,307,-117.081356,46.782137,GPHY15_SC_B3_307_19-M,SC,,100,0,1,6,,,,48.8,47.9,,,,,,,,197.5,,414
2015,308,-117.080938,46.782139,GPHY15_SC_B3_308_20-M,SC,",empty residue bag",100,0,1,5.4,,,,48.9,50,,,,,,,,234,,392
2015,309,-117.080499,46.78197702,GPHY15_SB_B5_309_21-M,SB,"Paper document originally said ""Bag Wt 272g"", I think this should be the 259g Bag. It might have been  tared with the paper bag(s) inside,moisture",100,10.5,1,6.6,14.4,64.2,,,52.7,,,,,,,,220.6364829,,271.0793963
2015,310,-117.080102,46.782258,GPHY15_SB_B5_310_22-M,SB,"Paper document originally said ""Bag Wt 272g"", I think this should be the 259g Bag. It might have been  tared with the paper bag(s) inside,moisture,paper tare includes duct tape",100,10.5,1,7.4,11,68.5,,,55.4,,,,,,,,331.3648294,,294.4553806
2015,311,-117.079684,46.782229,GPHY15_GB_B6_311_23-M,GB,,100,0,1,,,,,,,,,,,,,,148.0479003,,149.6883202
2015,312,-117.0793018,46.78221346,GPHY15_GB_B6_312_24-M,GB,,100,0,1,,,,,,,,,,,,,,202.1817585,,208.3333333
2015,313,-117.078848,46.782114,GPHY15_GB_C1_313_25-M,GB,,100,0,1,,,,,,,,,,,,,,195.2099738,,168.1430446
2015,314,-117.07843,46.782126,GPHY15_SC_C2_314_26-M,SC,",nir error code 64 (030e) 2x,empty residue bag",100,0,1,,,,,,,,,,,,,,134,,319.5
2015,315,-117.0780418,46.78214737,GPHY15_SC_C2_315_27-M,SC,",empty residue bag",100,0,1,8.5,,,,48.5,51,,,,,,,,388,,668.5
2015,316,-117.077594,46.782068,GPHY15_SW_C3_316_28-M,SW,,100,0,1,9.9,12.2,68,32,,58.2,,,,,,,,180.8562992,,
2015,323,-117.0851352,46.78249248,GPHY15_WW_A1_323_10-N,WW,,100,0,1,12.8,16.2,61.8,40.8,,50.5,,,,,,,,555.6922572,,987.5328084
2015,324,-117.084751,46.78235,GPHY15_WW_A2_324_11-N,WW,",moisture",100,5.3,1,4.7,11,70,22.2,,55.6,,,,,,,,460.9580052,,
2015,325,-117.084333,46.782439,GPHY15_WW_A2_325_12-N,WW,",moisture",100,5.3,1,4.2,13.6,68.3,26.5,,54.6,,,,,,,,360.8923885,,
2015,326,-117.083915,46.782392,GPHY15_WW_A3_326_13-N,WW,",moisture",100,5.3,1,5.1,12,68.8,24.8,,58.2,,,,,,,,530.265748,,
2015,327,-117.083497,46.782455,GPHY15_WW_A4_327_14-N,WW,",moisture",100,5.3,1,5.2,12.3,68.7,25.1,,58.3,,,,,,,,421.1778215,,
2015,328,-117.083079,46.782376,GPHY15_WW_A5_328_15-N,WW,,100,0,1,13.5,11.8,69.1,28,,54.8,,,,,,,,503.6089239,,831.2828084
2015,329,-117.0826453,46.78243782,GPHY15_WW_A6_329_16-N,WW,",moisture",100,5.3,1,5.4,12,68.9,25.3,,57.2,,,,,,,,440.4527559,,
2015,330,-117.082243,46.782482,GPHY15_WW_A6_330_17-N,WW,",moisture",100,5.3,1,5.2,9.1,70.6,20.1,,57.6,,,,,,,,364.9934383,,
2015,331,-117.081825,46.782284,GPHY15_SC_B1_331_18-N,SC,,100,0,1,7.3,,,,48.5,48.4,,,,,,,,155.5,,397
2015,332,-117.081407,46.782423,GPHY15_SC_B2_332_19-N,SC,",empty residue bag",100,0,1,6.4,,,,48.4,49.8,,,,,,,,163.5,,355
2015,333,-117.080989,46.782425,GPHY15_SC_B3_333_20-N,SC,,100,0,1,6.1,,,,48.2,48.5,,,,,,,,268.5,,538
2015,334,-117.080571,46.782281,GPHY15_WW_B4_334_21-N,WW,",moisture",100,5.3,1,4.5,12.2,69.7,24.2,,57.9,,,,,,,,277.6410761,,
2015,335,-117.080153,46.782544,GPHY15_WW_B4_335_22-N,WW,",moisture",100,5.3,1,5.2,14.6,66.5,35.7,,57.8,,,,,,,,289.1240157,,
2015,336,-117.079735,46.782515,GPHY15_SB_B5_336_23-N,SB,"Paper document originally said ""Bag Wt 272g"", I think this should be the 259g Bag. It might have been  tared with the paper bag(s) inside,moisture",100,10.5,1,7.6,11.5,67.5,,,54.8,,,,,,,,318.2414698,,231.7093176
2015,337,-117.079317,46.782479,GPHY15_GB_B6_337_24-N,GB,,100,0,1,,,,,,,,,,,,,,95.14435696,,99.65551181
2015,338,-117.078891,46.78239455,GPHY15_GB_C1_338_25-N,GB,,100,0,1,,,,,,,,,,,,,,132.8740157,,120.5708661
2015,348,-117.084617,46.782636,GPHY15_WW_A1_348_11-O,WW,",moisture",100,5.3,1,4.3,11.6,69.5,22,,58.9,,,,,,,,555.6922572,,
2015,349,-117.084199,46.782725,GPHY15_WW_A2_349_12-O,WW,",moisture",100,5.3,1,5.5,9,72.5,20.3,,59.7,,,,,,,,567.9954068,,
2015,350,-117.083781,46.782678,GPHY15_WW_A3_350_13-O,WW,,100,0,1,12.9,11,69.3,28.5,,57,,,,,,,,473.6712598,,701.6896325
2015,351,-117.083363,46.782741,GPHY15_WW_A4_351_14-O,WW,",moisture,starch",100,10.5,1,5.9,9.8,75.2,22.6,,57.6,,,,,,,,474.4914698,,
2015,352,-117.0829188,46.78264763,GPHY15_WW_A5_352_15-O,WW,",moisture",100,5.3,1,5.2,11.2,68.9,22.3,,58.2,,,,,,,,457.2670604,,
2015,353,-117.082527,46.782731,GPHY15_WW_A5_353_16-O,WW,",moisture,starch",100,10.5,1,5.8,10.5,73.7,23.4,,59.7,,,,,,,,454.3963255,,
2015,354,-117.082109,46.782768,GPHY15_WW_A6_354_17-O,WW,",moisture,starch",100,10.5,1,6.1,9.4,74.2,21.2,,60.2,,,,,,,,494.9967192,,
2015,355,-117.081691,46.78257,GPHY15_SC_B1_355_18-O,SC,",empty residue bag",100,0,1,6.6,,,,48.8,49.8,,,,,,,,209.5,,392.5
2015,356,-117.081273,46.782709,GPHY15_SC_B2_356_19-O,SC,,100,0,1,6.5,,,,49.6,49.7,,,,,,,,221.5,,452
2015,357,-117.080855,46.782711,GPHY15_SC_B2_357_20-O,SC,",empty residue bag",100,0,1,6.6,,,,49.5,50.4,,,,,,,,288.5,,487.5
2015,358,-117.0804141,46.78255608,GPHY15_WW_B4_358_21-O,WW,",moisture",100,5.3,1,5,13,68.1,27,,57.3,,,,,,,,578.2480315,,
2015,359,-117.080019,46.78283,GPHY15_WW_B4_359_22-O,WW,",moisture",100,5.3,1,5.3,13.7,66.9,31.2,,53.6,,,,,,,,358.8418635,,
2015,360,-117.079601,46.782801,GPHY15_SB_B5_360_23-O,SB,,100,0,1,11.3,16.5,59.6,,,48.8,,,,,,,,165.2723097,,
2015,371,-117.0842298,46.78296597,GPHY15_WW_A1_371_12-P,WW,",moisture",100,5.3,1,4.5,11.5,68.7,22.4,,52.8,,,,,,,,322.7526247,,
2015,372,-117.083798,46.782964,GPHY15_WW_A2_372_13-P,WW,",moisture",100,5.3,1,5,12.3,70.7,25.9,,57.7,,,,,,,,399.0321522,,
2015,373,-117.08338,46.783027,GPHY15_WW_A3_373_14-P,WW,",moisture",100,5.3,1,5.4,11.7,69.3,25.9,,57,,,,,,,,402.3129921,,
2015,374,-117.082962,46.782948,GPHY15_WW_A4_374_15-P,WW,",moisture",100,5.3,1,5.1,12.5,68.3,26.5,,55,,,,,,,,369.9146982,,
2015,375,-117.0825283,46.78300622,GPHY15_WW_A5_375_16-P,WW,",moisture",100,5.3,1,5.1,10.1,71.2,21.3,,59,,,,,,,,277.6410761,,
2015,376,-117.082126,46.783054,GPHY15_WW_A5_376_17-P,WW,",moisture",100,5.3,1,5.2,10.8,71.2,22.2,,57.7,,,,,,,,317.0111549,,
2015,377,-117.0816503,46.78282132,GPHY15_SC_B1_377_18-P,SC,,100,0,1,6.5,,,,49.3,49.5,,,,,,,,245.5,,574.5
2015,378,-117.08129,46.782995,GPHY15_SC_B1_378_19-P,SC,",empty residue bag",100,0,1,6.5,,,,50.3,49.2,,,,,,,,244.5,,410.5
2015,379,-117.080872,46.782997,GPHY15_SC_B2_379_20-P,SC,",empty residue bag",100,0,1,6.1,,,,49.6,49.7,,,,,,,,238,,448
2015,380,-117.080454,46.782853,GPHY15_SC_B3_380_21-P,SC,,100,0,1,6.6,,,,48.7,48.4,,,,,,,,211,,489
2015,381,-117.080036,46.783116,GPHY15_SC_B3_381_22-P,SC,",empty residue bag",100,0,1,7,,,,43.5,47.5,,,,,,,,209.5,,421.5
2015,394,-117.0839098,46.78312585,GPHY15_WW_A2_394_13-Q,WW,,100,0,1,13.1,12.7,67,32,,53.4,,,,,,,,404.3635171,,679.5439633
2015,395,-117.083498,46.783313,GPHY15_WW_A2_395_14-Q,WW,",moisture",100,5.3,1,4.8,10.2,72.2,21.2,,57.7,,,,,,,,344.078084,,
2015,396,-117.08308,46.783234,GPHY15_WW_A3_396_15-Q,WW,",moisture",100,5.3,1,5,11.9,70.2,25.9,,56.1,,,,,,,,387.9593176,,
2015,397,-117.082662,46.783303,GPHY15_WW_A4_397_16-Q,WW,",moisture",100,5.3,1,5.6,10.8,72.5,24.7,,57.6,,,,,,,,287.4835958,,
2015,398,-117.0822755,46.78335797,GPHY15_WW_A4_398_17-Q,WW,",moisture",100,5.3,1,4.8,13,69.2,27.5,,56.6,,,,,,,,387.9593176,,
2015,399,-117.081826,46.783142,GPHY15_WW_A6_399_18-Q,WW,,100,0,1,13.5,11.6,68.3,29.6,,53.3,,,,,,,,434.3011811,,743.1102362
2015,400,-117.081408,46.783281,GPHY15_WW_A6_400_19-Q,WW,",moisture",100,5.3,1,5.3,12.2,68.6,27.1,,58.6,,,,,,,,458.4973753,,
2015,401,-117.08099,46.783283,GPHY15_SC_B1_401_20-Q,SC,,100,0,1,6.4,,,,50,49.3,,,,,,,,200,,535
2015,402,-117.080572,46.783139,GPHY15_SC_B2_402_21-Q,SC,",NIR ERROR DSP 8192",100,0,1,6.9,,,,47.5,49.5,,,,,,,,233,,559
2015,419,-117.0832106,46.7834571,GPHY15_WW_A2_419_15-R,WW,",moisture",100,5.3,1,4.7,13.2,68.1,27.7,,53.8,,,,,,,,385.0885827,,
2015,420,-117.0827709,46.78351532,GPHY15_WW_A3_420_16-R,WW,,100,0,1,13.6,12.7,67,30.6,,54.1,,,,,,,,410.5150919,,764.4356955
2015,421,-117.0823668,46.78355231,GPHY15_WW_A4_421_17-R,WW,",moisture",100,5.3,1,4.3,14.6,67,32.9,,50.8,,,,,,,,229.2486877,,
2015,422,-117.081933,46.783428,GPHY15_WW_A5_422_18-R,WW,",moisture",100,5.3,1,4.9,14.1,67.3,33.3,,54.7,,,,,,,,344.488189,,
2015,423,-117.0814835,46.78355263,GPHY15_WW_A6_423_19-R,WW,",moisture",100,5.3,1,5.2,14.4,66.6,34.1,,58.2,,,,,,,,309.2191601,,
2015,424,-117.081097,46.783569,GPHY15_WW_A6_424_20-R,WW,",moisture",100,5.3,1,5.5,13.5,68.7,33.2,,60.4,,,,,,,,383.8582677,,
2015,425,-117.080679,46.783425,GPHY15_SC_B1_425_21-R,SC,",empty residue bag",100,0,1,7.3,,,,46.6,47.2,,,,,,,,233,,476
2016,1,-117.087514,46.778729,GPHY16_SC_A4_1_5-A_B,SC,,100,0,1,,,,,,,,,,,,,,165,,513.5
2016,2,-117.0870645,46.77869163,GPHY16_SC_A5_2_6-A_B,SC,,100,0,1,,,,,,,,,,,,,,177.5,,538
2016,3,-117.086678,46.778791,GPHY16_SC_A5_3_7-A_B,SC,,100,0,1,,,,,,,,,,,,,,256,,660
2016,4,-117.08626,46.778761,GPHY16_SC_A6_4_8-A_B,SC,,100,0,1,,,,,,,,,,,,,,328.5,,687.5
2016,5,-117.085842,46.778666,GPHY16_SC_B1_5_9-A_B,SC,,100,0,1,,,,,,,,,,,,,,309,,608.5
2016,6,-117.0854187,46.77877321,GPHY16_SC_B2_6_10-A_B,SC,",Moisture outside limits",100,5.3,1,3.8,,,,49.3,50.1,,,,,,,,251,,538.5
2016,7,-117.085006,46.778632,GPHY16_SC_B3_7_11-A_B,SC,,100,0,1,,,,,,,,,,,,,,295,,649
2016,8,-117.084588,46.778721,GPHY16_SC_B3_8_12-A_B,SC,,100,0,1,,,,,,,,,,,,,,119,,652
2016,9,-117.08417,46.778674,GPHY16_SC_B4_9_13-A_B,SC,,100,0,1,,,,,,,,,,,,,,195.5,,643.5
2016,10,-117.083752,46.778737,GPHY16_SC_B5_10_14-A_B,SC,,100,0,1,,,,,,,,,,,,,,232,,672.5
2016,11,-117.083334,46.778658,GPHY16_SC_B6_11_15-A_B,SC,,100,0,1,,,,,,,,,,,,,,138.5,,613
2016,12,-117.0829398,46.77873108,GPHY16_SC_B6_12_16-A_B,SC,,100,0,1,,,,,,,,,,,,,,113.5,,525
2016,13,-117.082498,46.778764,GPHY16_WW_C1_13_17-A_G,WW,,100,0,1,12.1,10.6,71.1,28.7,,60.8,,,,,,,,460.9580052,,
2016,14,-117.0816322,46.77868864,GPHY16_WW_C3_14_19-A_G,WW,,100,0,1,11.4,9.2,72,25.1,,59.4,,,,,,,,554.8720472,,
2016,15,-117.081244,46.778707,GPHY16_WW_C3_15_20-A_G,WW,,100,0,1,11.4,9.2,69.7,25.1,,61.6,,,,,,,,415.8464567,,
2016,16,-117.080408,46.778826,GPHY16_WW_C4_16_22-A_G,WW,,100,0,1,10.4,8.4,74.2,21.5,,60.3,,,,,,,,520.4232283,,
2016,17,-117.07999,46.778797,GPHY16_WW_C5_17_23-A_G,WW,,100,0,1,11.3,7.8,71.5,19.4,,59.3,,,,,,,,463.8287402,,
2016,18,-117.0888801,46.77895174,GPHY16_SC_A1_18_1-B_B,SC,,100,0,1,,,,,,,,,,,,,,102.5,,437
2016,19,-117.0884663,46.77882662,GPHY16_SC_A2_19_2-B_B,SC,,100,0,1,,,,,,,,,,,,,,217.5,,677
2016,20,-117.088064,46.778867,GPHY16_SC_A2_20_3-B_B,SC,,100,0,1,,,,,,,,,,,,,,111.5,,316
2016,21,-117.087646,46.778842,GPHY16_SC_A3_21_4-B_B,SC,,100,0,1,,,,,,,,,,,,,,76,,569.5
2016,22,-117.087228,46.779015,GPHY16_SC_A4_22_5-B_B,SC,,100,0,1,,,,,,,,,,,,,,186.5,,507
2016,23,-117.086831,46.77900278,GPHY16_SC_A4_23_5-B_B,SC,,100,0,1,,,,,,,,,,,,,,219.5,,496.5
2016,24,-117.086392,46.779077,GPHY16_SC_A5_24_7-B_B,SC,,100,0,1,,,,,,,,,,,,,,116,,418.5
2016,25,-117.085974,46.779047,GPHY16_SC_A6_25_8-B_B,SC,,100,0,1,,,,,,,,,,,,,,196,,639.5
2016,26,-117.085556,46.778952,GPHY16_SC_B1_26_9-B_B,SC,,100,0,1,,,,,,,,,,,,,,270,,684.5
2016,27,-117.085117,46.77906282,GPHY16_SC_B2_27_10-B_B,SC,,100,0,1,,,,,,,,,,,,,,192,,522
2016,28,-117.08472,46.778918,GPHY16_SC_B3_28_11-B_B,SC,,100,0,1,,,,,,,,,,,,,,273,,526
2016,29,-117.084302,46.779007,GPHY16_SC_B3_29_12-B_B,SC,,100,0,1,,,,,,,,,,,,,,213.5,,478
2016,30,-117.083884,46.77896,GPHY16_SC_B4_30_13-A_B,SC,,100,0,1,,,,,,,,,,,,,,142,,440.5
2016,31,-117.083466,46.779023,GPHY16_SC_B5_31_14-B_B,SC,",Moisture outside limits",100,5.3,1,3.8,,,,50,48.5,,,,,,,,149.5,,483.5
2016,32,-117.083048,46.778944,GPHY16_SC_B6_32_15-B_B,SC,,100,0,1,,,,,,,,,,,,,,146.5,,405
2016,33,-117.08263,46.779013,GPHY16_SC_B6_33_16-B_B,SC,NO WEIGHT,100,0,1,,,,,,,,,,,,,,99,,
2016,34,-117.082212,46.77905,GPHY16_WW_C1_34_17-B_G,WW,,100,0,1,11.5,10.7,72.2,29.1,,58.3,,,,,,,,296.9160105,,
2016,35,-117.081794,46.778852,GPHY16_WW_C2_35_18-B_B,WW,,100,0,1,9.7,10.4,73.5,27.9,,60.2,,,,,,,,515.5019685,,713.1725722
2016,36,-117.0814058,46.77900737,GPHY16_WW_C2_36_19-B_G,WW,,100,0,1,11.6,8.8,71.5,23.8,,60.9,,,,,,,,476.5419948,,
2016,37,-117.080958,46.778993,GPHY16_WW_C3_37_20-B_G,WW,,100,0,1,11.2,8.7,70.6,23.6,,62.6,,,,,,,,314.9606299,,
2016,38,-117.08054,46.778849,GPHY16_WW_C4_38_21-B_G,WW,,100,0,1,11.2,8.7,72.4,23.1,,59.5,,,,,,,,427.3293963,,
2016,39,-117.080122,46.779112,GPHY16_WW_C4_39_22-B_G,WW,,100,0,1,12,8.1,72,20.9,,59.3,,,,,,,,240.3215223,,
2016,40,-117.079704,46.779083,GPHY16_WW_C5_40_23-B_G,WW,,100,0,1,11.4,9.5,72.2,25.3,,59.4,,,,,,,,260.4166667,,
2016,41,-117.079286,46.779047,GPHY16_WW_C6_41_24-B_G,WW,,100,0,1,11.2,9.6,70.5,26.7,,61,,,,,,,,476.5419948,,
2016,42,-117.0887062,46.77911338,GPHY16_SC_A1_42_2-C_B,SC,,100,0,1,,,,,,,,,,,,,,159.5,,603
2016,43,-117.088318,46.779153,GPHY16_SC_A1_43_3-C_B,SC,,100,0,1,,,,,,,,,,,,,,162,,695
2016,44,-117.0879,46.779128,GPHY16_SC_A2_44_4-C_B,SC,,100,0,1,,,,,,,,,,,,,,132,,362
2016,45,-117.0874635,46.77928833,GPHY16_SC_A3_45_5-C_B,SC,,100,0,1,,,,,,,,,,,,,,99.5,,342
2016,46,-117.087064,46.779278,GPHY16_SC_A3_46_6-C_B,SC,,100,0,1,,,,,,,,,,,,,,179.5,,482
2016,47,-117.086646,46.779363,GPHY16_SC_A4_47_7-C_B,SC,,100,0,1,,,,,,,,,,,,,,207.5,,634.5
2016,48,-117.086228,46.779333,GPHY16_SC_A5_48_8-C_B,SC,,100,0,1,,,,,,,,,,,,,,250.5,,611.5
2016,49,-117.08581,46.779238,GPHY16_SC_A6_49_9-C_B,SC,,100,0,1,,,,,,,,,,,,,,146.5,,516.5
2016,50,-117.0853355,46.77932123,GPHY16_SC_B1_50_10-C_B,SC,,100,0,1,,,,,,,,,,,,,,300.5,,860
2016,51,-117.0849635,46.77919681,GPHY16_SC_B2_51_11-C_B,SC,,100,0,1,,,,,,,,,,,,,,253.5,,574
2016,52,-117.084556,46.779293,GPHY16_SC_B2_52_12-C_B,SC,,100,0,1,,,,,,,,,,,,,,169.5,,676
2016,53,-117.084138,46.779246,GPHY16_SC_B3_53_13-C_B,SC,,100,0,1,,,,,,,,,,,,,,251,,616
2016,54,-117.08372,46.779309,GPHY16_SC_B4_54_14-C_B,SC,,100,0,1,,,,,,,,,,,,,,325,,707
2016,55,-117.083302,46.77923,GPHY16_SC_B5_55_15-C_B,SC,,100,0,1,,,,,,,,,,,,,,163.5,,606.5
2016,56,-117.0829019,46.77931128,GPHY16_SC_B5_56_16-C_B,SC,,100,0,1,,,,,,,,,,,,,,208,,602.5
2016,57,-117.082466,46.779336,GPHY16_SC_B6_57_17-C_B,SC,,100,0,1,,,,,,,,,,,,,,141,,503
2016,58,-117.082048,46.779138,GPHY16_WW_C1_58_18-C_G,WW,,100,0,1,11.5,9.6,72.6,26,,60.6,,,,,,,,578.2480315,,
2016,59,-117.0816001,46.77925244,GPHY16_WW_C2_59_19-C_G,WW,,100,0,1,12.2,10.8,70.7,28,,61.2,,,,,,,,492.9461942,,
2016,60,-117.081212,46.779279,GPHY16_WW_C2_60_20-C_G,WW,,100,0,1,11.3,10.5,71.5,27.5,,60.2,,,,,,,,593.832021,,
2016,61,-117.080794,46.779135,GPHY16_WW_C3_61_21-C_G,WW,,100,0,1,11.4,8,70.5,21.3,,62.5,,,,,,,,248.1135171,,
2016,62,-117.0803999,46.77941847,GPHY16_WW_C3_62_22-C_G,WW,,100,0,1,11.1,10.1,70.1,27.4,,62.8,,,,,,,,639.7637795,,
2016,63,-117.079958,46.779369,GPHY16_WW_C4_63_23-C_G,WW,,100,0,1,11.9,9.5,71,25.9,,61.6,,,,,,,,485.5643045,,
2016,64,-117.07954,46.779333,GPHY16_WW_C5_64_24-C_G,WW,,100,0,1,11.7,8.5,70.6,23.1,,60.7,,,,,,,,482.6935696,,
2016,65,-117.079122,46.779254,GPHY16_WW_C6_65_25-C_G,WW,,100,0,1,11.2,8.1,71.5,21.3,,60.6,,,,,,,,575.7874016,,
2016,66,-117.0787338,46.77928646,GPHY16_WW_C6_66_26-C_G,WW,,100,0,1,10.9,9.1,69.9,23.9,,60.2,,,,,,,,662.7296588,,
2016,67,-117.078286,46.779271,GPHY16_WW_C7_67_27-C_G,WW,,100,0,1,11.4,10.3,70.8,27.3,,60.9,,,,,,,,392.0603675,,
2016,68,-117.088231,46.779439,GPHY16_SC_A1_68_3-D_B,SC,,100,0,1,,,,,,,,,,,,,,229,,608
2016,69,-117.087813,46.779414,GPHY16_SC_A2_69_4-D_B,SC,,100,0,1,,,,,,,,,,,,,,136,,639.5
2016,70,-117.087395,46.779587,GPHY16_SC_A2_70_5-D_B,SC,,100,0,1,,,,,,,,,,,,,,168,,513
2016,71,-117.086977,46.779564,GPHY16_SC_A3_71_6-D_B,SC,"NO WEIGHT,Threshed before biomass weighed",100,0,1,,,,,,,,,,,,,,81.5,,
2016,72,-117.086559,46.779649,GPHY16_SC_A4_72_7-D_B,SC,,100,0,1,,,,,,,,,,,,,,123.5,,747.5
2016,73,-117.0861725,46.77963697,GPHY16_SC_A4_73_8-D_B,SC,,100,0,1,,,,,,,,,,,,,,216,,588.5
2016,74,-117.0856915,46.77950963,GPHY16_SC_A6_74_9-D_B,SC,,100,0,1,,,,,,,,,,,,,,268,,678
2016,75,-117.085305,46.779642,GPHY16_SC_A6_75_10-D_B,SC,,100,0,1,,,,,,,,,,,,,,338.5,,950.5
2016,76,-117.084887,46.77949,GPHY16_SC_B1_76_11-D_B,SC,,100,0,1,,,,,,,,,,,,,,285,,732.5
2016,77,-117.084469,46.779579,GPHY16_SC_B2_77_12-D_B,SC,,100,0,1,,,,,,,,,,,,,,165,,493
2016,78,-117.084051,46.779532,GPHY16_SC_B3_78_13-D_B,SC,,100,0,1,,,,,,,,,,,,,,265,,760
2016,79,-117.083633,46.779595,GPHY16_SC_B3_79_14-D_B,SC,,100,0,1,,,,,,,,,,,,,,210,,568.5
2016,80,-117.083215,46.779516,GPHY16_SC_B4_80_15-D_B,SC,,100,0,1,,,,,,,,,,,,,,293.5,,779
2016,81,-117.082797,46.779585,GPHY16_SC_B5_81_16-D_B,SC,,100,0,1,,,,,,,,,,,,,,182.5,,681.5
2016,82,-117.082379,46.779622,GPHY16_SC_B6_82_17-D_B,SC,,100,0,1,,,,,,,,,,,,,,267,,1114.5
2016,83,-117.081961,46.779424,GPHY16_WW_C1_83_18-D_G,WW,,100,0,1,11.2,10.9,71.4,29.6,,61,,,,,,,,436.351706,,
2016,84,-117.081543,46.779563,GPHY16_WW_C1_84_19-D_G,WW,,100,0,1,11.3,10,72.6,27.1,,61.4,,,,,,,,627.4606299,,
2016,85,-117.081125,46.779565,GPHY16_WW_C2_85_20-D_B,WW,,100,0,1,10.2,10.1,73.9,26.7,,61.9,,,,,,,,537.2375328,,545.0295276
2016,86,-117.080707,46.779421,GPHY16_WW_C3_86_21-D_G,WW,,100,0,1,11.3,10.3,70.5,28.1,,63,,,,,,,,412.5656168,,
2016,87,-117.080289,46.779684,GPHY16_WW_C3_87_22-D_G,WW,,100,0,1,11,10.2,69.7,28.2,,62.5,,,,,,,,289.5341207,,
2016,88,-117.079871,46.779655,GPHY16_WW_C4_88_23-D_G,WW,,100,0,1,10.5,10.4,73,27.7,,61.2,,,,,,,,578.6581365,,
2016,89,-117.079447,46.77960671,GPHY16_WW_C5_89_24-D_G,WW,,100,0,1,11.2,9.3,71.1,25.6,,61.2,,,,,,,,605.3149606,,
2016,90,-117.079035,46.77954,GPHY16_WW_C5_90_25-D_G,WW,,100,0,1,11.2,8.7,71.3,23.5,,61.3,,,,,,,,504.4291339,,
2016,91,-117.078617,46.779552,GPHY16_WW_C6_91_26-D_G,WW,,100,0,1,11.6,9.5,70.5,25.5,,60.9,,,,,,,,426.9192913,,
2016,92,-117.078199,46.779557,GPHY16_WW_C7_92_27-D_G,WW,,100,0,1,11.7,8,70.4,21.6,,59.9,,,,,,,,620.0787402,,
2016,93,-117.077781,46.779494,GPHY16_WW_C8_93_28-D_G,WW,,100,0,1,11,9.3,70.3,25.6,,61.6,,,,,,,,540.1082677,,
2016,94,-117.077363,46.779658,GPHY16_WW_C8_94_29-D_G,WW,,100,0,1,11.2,10.2,71.2,27.6,,60.7,,,,,,,,550.3608924,,
2016,95,-117.088073,46.77971682,GPHY16_SC_A1_95_3-E_B,SC,,100,0,1,,,,,,,,,,,,,,133,,509.5
2016,96,-117.087663,46.7797,GPHY16_SC_A1_96_4-E_B,SC,,100,0,1,,,,,,,,,,,,,,107,,334.5
2016,97,-117.087245,46.779873,GPHY16_SC_A2_97_5-E_B,SC,,100,0,1,,,,,,,,,,,,,,145,,537
2016,98,-117.086827,46.77985,GPHY16_SC_A3_98_6-E_B,SC,,100,0,1,,,,,,,,,,,,,,213,,603.5
2016,99,-117.086409,46.779935,GPHY16_SC_A3_99_7-E_B,SC,,100,0,1,,,,,,,,,,,,,,216,,649
2016,100,-117.085991,46.779905,GPHY16_SC_A4_100_8-E_B,SC,,100,0,1,,,,,,,,,,,,,,276.5,,669.5
2016,101,-117.085573,46.77981,GPHY16_SC_A5_101_9-E_B,SC,,100,0,1,,,,,,,,,,,,,,258,,841.5
2016,102,-117.085155,46.779928,GPHY16_SC_A6_102_10-E_B,SC,,100,0,1,,,,,,,,,,,,,,276.5,,714.5
2016,103,-117.084737,46.779776,GPHY16_SC_B1_103_11-E_B,SC,,100,0,1,,,,,,,,,,,,,,175.5,,691.5
2016,104,-117.0843452,46.77988297,GPHY16_SC_B1_104_12-E_B,SC,,100,0,1,,,,,,,,,,,,,,117.5,,565.5
2016,105,-117.083901,46.779818,GPHY16_SC_B2_105_13-E_B,SC,",Moisture outside limits",100,5.3,1,4,,,,49.6,51.4,,,,,,,,185.5,,672.5
2016,106,-117.083483,46.779881,GPHY16_SC_B3_106_14-E_B,SC,,100,0,1,,,,,,,,,,,,,,171,,701.5
2016,107,-117.083065,46.779802,GPHY16_SC_B4_107_15-E_B,SC,,100,0,1,,,,,,,,,,,,,,119,,450
2016,108,-117.082647,46.779871,GPHY16_SC_B5_108_16-E_B,SC,,100,0,1,,,,,,,,,,,,,,201.5,,657
2016,109,-117.0821935,46.77987977,GPHY16_SC_B6_109_17-E_B,SC,",Moisture outside limits",100,5.3,1,4,,,,50.6,48.8,,,,,,,,256,,697
2016,110,-117.0817533,46.77967045,GPHY16_WW_C1_110_18-E_H,WW,,100,0,1,11.4,9.7,72.7,26.1,,60.1,,,,,,,,486.7946194,,
2016,111,-117.081393,46.779849,GPHY16_WW_C1_111_19-E_G,WW,,100,0,1,10.5,10.6,72.5,28.5,,60.4,,,,,,,,510.1706037,,
2016,112,-117.080975,46.779851,GPHY16_WW_C2_112_20-E_B,WW,,100,0,1,11.6,10.1,72.1,27.2,,60.7,,,,,,,,476.1318898,,538.4678478
2016,113,-117.0805391,46.77969063,GPHY16_WW_C3_113_21-E_G,WW,,100,0,1,11.3,10.7,72.3,27.4,,62.2,,,,,,,,469.160105,,
2016,114,-117.080139,46.77997,GPHY16_WW_C3_114_22-E_B,WW,,100,0,1,8.9,10.6,73.8,28.6,,61.5,,,,,,,,307.5787402,,477.7723097
2016,115,-117.0797031,46.77992463,GPHY16_WW_C4_115_23-E_G,WW,,100,0,1,11.3,8.7,71.8,23.4,,60.1,,,,,,,,369.9146982,,
2016,116,-117.079303,46.779905,GPHY16_WW_C4_116_24-E_B,WW,,100,0,1,10.4,10.1,73.4,26.9,,61,,,,,,,,464.6489501,,668.0610236
2016,117,-117.078885,46.779826,GPHY16_WW_C5_117_25-E_B,WW,,100,0,1,9.7,8.9,74.6,23.1,,60.5,,,,,,,,527.8051181,,598.7532808
2016,118,-117.078467,46.779838,GPHY16_WW_C6_118_26-E_B,WW,,100,0,1,9,8.6,74.2,22.5,,59.5,,,,,,,,398.2119423,,464.2388451
2016,119,-117.0780192,46.77982663,GPHY16_WW_C7_119_27-E_G,WW,,100,0,1,11.4,9.8,69.8,27,,61.3,,,,,,,,679.9540682,,
2016,120,-117.077631,46.77978,GPHY16_WW_C7_120_28-E_G,WW,,100,0,1,,,,,,,,,,,,,,483.1036745,,
2016,121,-117.077213,46.779944,GPHY16_WW_C8_121_29-E_B,WW,,100,0,1,9,9.7,74.6,26.1,,58.5,,,,,,,,353.1003937,,423.6384514
2016,122,-117.087699,46.779986,GPHY16_SC_A1_122_4-F_B,SC,,100,0,1,,,,,,,,,,,,,,231,,655.5
2016,123,-117.087281,46.780159,GPHY16_SC_A1_123_5-F_B,SC,,100,0,1,,,,,,,,,,,,,,149,,815.5
2016,124,-117.086863,46.780136,GPHY16_SC_A2_124_6-F_B,SC,,100,0,1,,,,,,,,,,,,,,150.5,,455
2016,125,-117.086445,46.780221,GPHY16_SC_A3_125_7-F_B,SC,,100,0,1,,,,,,,,,,,,,,316.5,,652
2016,126,-117.0860113,46.78018382,GPHY16_SC_A4_126_8-F_B,SC,,100,0,1,,,,,,,,,,,,,,186.5,,460
2016,127,-117.0855933,46.78008882,GPHY16_SC_A5_127_9-F_B,SC,,100,0,1,,,,,,,,,,,,,,270,,626
2016,128,-117.085191,46.780214,GPHY16_SC_A5_128_10-F_B,SC,,100,0,1,,,,,,,,,,,,,,248,,696
2016,129,-117.084773,46.780062,GPHY16_SC_A6_129_11-F_B,SC,,100,0,1,,,,,,,,,,,,,,184.5,,559.5
2016,130,-117.084355,46.780151,GPHY16_SC_B1_130_12-F_B,SC,,100,0,1,,,,,,,,,,,,,,184.5,,603
2016,131,-117.083937,46.780104,GPHY16_SC_B2_131_13-F_B,SC,,100,0,1,,,,,,,,,,,,,,100,,435
2016,132,-117.083519,46.780167,GPHY16_SC_B2_132_14-F_B,SC,,100,0,1,,,,,,,,,,,,,,199,,599.5
2016,133,-117.083101,46.780088,GPHY16_SC_B3_133_15-F_B,SC,,100,0,1,,,,,,,,,,,,,,169,,803
2016,134,-117.082683,46.780157,GPHY16_SC_B4_134_16-F_B,SC,,100,0,1,,,,,,,,,,,,,,334,,711.5
2016,135,-117.082265,46.780194,GPHY16_SC_B5_135_17-F_B,SC,,100,0,1,,,,,,,,,,,,,,172.5,,514
2016,136,-117.081847,46.779996,GPHY16_SC_B6_136_18-F_B,SC,,100,0,1,,,,,,,,,,,,,,270,,720
2016,137,-117.0814529,46.78014727,GPHY16_SC_B6_137_19-F_B,SC,,100,0,1,,,,,,,,,,,,,,209.5,,654
2016,138,-117.081011,46.780137,GPHY16_WW_C1_138_20-F_G,WW,,100,0,1,11.3,10.6,72.7,27.3,,59.9,,,,,,,,506.8897638,,
2016,139,-117.080593,46.779993,GPHY16_WW_C2_139_21-F_G,WW,,100,0,1,12.1,10.9,70.5,28.9,,60.1,,,,,,,,389.1896325,,
2016,140,-117.080175,46.780256,GPHY16_SC_C2_140_22-F_B,SC,",Moisture outside limits",100,5.3,1,3.8,,,,48.3,50.1,,,,,,,,163.5,,425.5
2016,141,-117.079757,46.780227,GPHY16_WW_C3_141_23-F_G,WW,,100,5.3,1,11,8.7,69.7,23.5,,63.1,,,,,,,,244.0124672,,
2016,142,-117.079339,46.780191,GPHY16_WW_C4_142_24-F_G,WW,,100,0,1,11.1,7.7,72.5,19.2,,60.3,,,,,,,,415.0262467,,
2016,143,-117.0789031,46.78010382,GPHY16_WW_C5_143_25-F_G,WW,,100,0,1,11.3,7.7,71.2,19.5,,60.7,,,,,,,,357.2014436,,
2016,144,-117.078503,46.780124,GPHY16_WW_C5_144_26-F_G,WW,,100,0,1,11.3,8.1,72.1,20.8,,59.3,,,,,,,,390.0098425,,
2016,145,-117.078085,46.780129,GPHY16_WW_C6_145_27-F_B,WW,,100,0,1,9.4,8,74.5,19.9,,59.8,,,,,,,,442.0931759,,541.7486877
2016,146,-117.077667,46.780066,GPHY16_WW_C7_146_28-F_B,WW,,100,0,1,9.2,9.8,74.2,26.2,,59.3,,,,,,,,399.0321522,,507.7099738
2016,147,-117.077249,46.78023,GPHY16_WW_C7_147_29-F_B,WW,,100,10.5,1,8.9,9.5,75.4,25.2,,69,,,,,,,,418.3070866,,456.4468504
2016,148,-117.076831,46.780004,GPHY16_WW_C8_148_30-F_G,WW,,100,0,1,12.1,7.4,71.9,19.1,,59,,,,,,,,331.7749344,,
2016,149,-117.087103,46.780422,GPHY16_SC_A1_149_6-G_B,SC,,100,0,1,,,,,,,,,,,,,,252.5,,744.5
2016,150,-117.086685,46.780507,GPHY16_SC_A2_150_7-G_B,SC,,100,0,1,,,,,,,,,,,,,,274,,753
2016,151,-117.0862251,46.78045544,GPHY16_SC_A3_151_8-G_B,SC,,100,0,1,,,,,,,,,,,,,,224.5,,537
2016,152,-117.0858333,46.78037122,GPHY16_SC_A4_152_9-G_B,SC,,100,0,1,,,,,,,,,,,,,,233.5,,721.5
2016,153,-117.085431,46.7805,GPHY16_SC_A4_153_10-G_B,SC,,100,0,1,,,,,,,,,,,,,,267.5,,680
2016,154,-117.085013,46.780348,GPHY16_SC_A5_154_11-G_B,SC,,100,0,1,,,,,,,,,,,,,,211,,651
2016,155,-117.084595,46.780437,GPHY16_SC_A6_155_12-G_B,SC,,100,0,1,,,,,,,,,,,,,,167,,501
2016,156,-117.084177,46.78039,GPHY16_SC_B1_156_13-G_B,SC,,100,0,1,,,,,,,,,,,,,,246.5,,762
2016,157,-117.083759,46.780453,GPHY16_SC_B1_157_14-G_B,SC,,100,0,1,,,,,,,,,,,,,,153.5,,466
2016,158,-117.083341,46.780374,GPHY16_SC_B2_158_15-G_B,SC,,100,0,1,,,,,,,,,,,,,,144,,476
2016,159,-117.082923,46.780443,GPHY16_SC_B3_159_16-G_B,SC,,100,0,1,,,,,,,,,,,,,,152.5,,562.5
2016,160,-117.082505,46.78048,GPHY16_SC_B4_160_17-G_B,SC,,100,0,1,,,,,,,,,,,,,,134.5,,483
2016,161,-117.082087,46.780282,GPHY16_SC_B5_161_18-G_B,SC,,100,0,1,,,,,,,,,,,,,,244,,614.5
2016,162,-117.0816451,46.78040873,GPHY16_SC_B6_162_19-G_B,SC,",Moisture outside limits",100,5.3,1,4,,,,50.4,49.6,,,,,,,,198,,551
2016,163,-117.081251,46.780423,GPHY16_SC_B6_163_20-G_B,SC,,100,0,1,,,,,,,,,,,,,,92,,511
2016,164,-117.080833,46.780279,GPHY16_SC_C1_164_21-G_B,SC,,100,0,1,,,,,,,,,,,,,,141,,583.5
2016,165,-117.080415,46.780542,GPHY16_SC_C1_165_22-G_B,SC,,100,0,1,,,,,,,,,,,,,,117.5,,522.5
2016,166,-117.079997,46.780513,GPHY16_SC_C2_166_23-G_B,SC,,100,0,1,,,,,,,,,,,,,,104,,445.5
2016,167,-117.079579,46.780477,GPHY16_WW_C3_167_24-G_B,WW,,100,0,1,9.3,10.7,73.3,29,,59.9,,,,,,,,477.7723097,,445.7841207
2016,168,-117.079161,46.780398,GPHY16_WW_C4_168_25-G_G,WW,,100,0,1,12.1,7.7,72,19.8,,59,,,,,,,,291.1745407,,
2016,169,-117.078743,46.78041,GPHY16_WW_C4_169_26-G_B,WW,,100,0,1,9.6,8.8,75,22.6,,59,,,,,,,,371.9652231,,448.2447507
2016,170,-117.078325,46.780415,GPHY16_WW_C5_170_27-G_B,WW,,100,5.3,1,9.1,8,75.9,19.7,,59.1,,,,,,,,333.8254593,,421.5879265
2016,171,-117.077907,46.780352,GPHY16_WW_C6_171_28-G_B,WW,,100,5.3,1,9.1,8.7,75.6,22.3,,59.3,,,,,,,,288.7139108,,375.656168
2016,172,-117.077489,46.780516,GPHY16_WW_C6_172_29-G_G,WW,,100,0,1,11.2,9.2,71.8,24.6,,59.7,,,,,,,,356.3812336,,
2016,173,-117.077071,46.78029,GPHY16_WW_C7_173_30-G_G,WW,,100,0,1,11,7.2,71.8,18.9,,60.9,,,,,,,,398.2119423,,
2016,174,-117.076653,46.780414,GPHY16_WW_C8_174_31-G_G,WW,,100,5.3,1,11.2,6.6,73,17.1,,59,,,,,,,,335.4658793,,
2016,175,-117.086879,46.780708,GPHY16_SC_A1_175_6-H_B,SC,,100,0,1,,,,,,,,,,,,,,224,,581
2016,176,-117.0864768,46.78080097,GPHY16_SC_A1_176_7-H_B,SC,,100,0,1,,,,,,,,,,,,,,264.5,,790.5
2016,177,-117.086043,46.780763,GPHY16_SC_A2_177_8-H_B,SC,,100,0,1,,,,,,,,,,,,,,99.5,,845.5
2016,178,-117.085625,46.780668,GPHY16_SC_A3_178_9-H_B,SC,,100,0,1,,,,,,,,,,,,,,143.5,,630.5
2016,179,-117.085207,46.780786,GPHY16_SC_A4_179_10-H_B,SC,,100,0,1,,,,,,,,,,,,,,184,,674.5
2016,180,-117.084789,46.780634,GPHY16_SC_A5_180_11-H_B,SC,,100,0,1,,,,,,,,,,,,,,102.5,,413
2016,181,-117.084371,46.780723,GPHY16_SC_A6_181_12-H_B,SC,,100,0,1,,,,,,,,,,,,,,199,,766
2016,182,-117.0839212,46.78065692,GPHY16_SC_B1_182_13-H_B,SC,,100,0,1,,,,,,,,,,,,,,155,,609.5
2016,183,-117.083535,46.780739,GPHY16_SC_B1_183_14-H_B,SC,,100,0,1,,,,,,,,,,,,,,150,,548
2016,184,-117.083117,46.78066,GPHY16_SC_B2_184_15-H_B,SC,,100,0,1,,,,,,,,,,,,,,229.5,,667.5
2016,185,-117.082699,46.780729,GPHY16_SC_B3_185_16-H_B,SC,,100,0,1,,,,,,,,,,,,,,182.5,,730
2016,186,-117.082281,46.780766,GPHY16_SC_B4_186_17-H_B,SC,,100,0,1,,,,,,,,,,,,,,202,,753.5
2016,187,-117.081863,46.780568,GPHY16_SC_B5_187_18-H_B,SC,,100,0,1,,,,,,,,,,,,,,170,,430.5
2016,188,-117.081445,46.780707,GPHY16_SC_B5_188_19-H_B,SC,,100,0,1,,,,,,,,,,,,,,159.5,,392
2016,189,-117.081027,46.780709,GPHY16_SC_B6_189_20-H_B,SC,,100,0,1,,,,,,,,,,,,,,208.5,,675
2016,190,-117.080609,46.780565,GPHY16_SC_C1_190_21-H_B,SC,,100,0,1,,,,,,,,,,,,,,113,,464
2016,191,-117.080191,46.780828,GPHY16_SC_C1_191_22-H_B,SC,,100,0,1,,,,,,,,,,,,,,208,,615
2016,192,-117.079773,46.780799,GPHY16_SC_C2_192_23-H_B,SC,,100,0,1,,,,,,,,,,,,,,139,,491.5
2016,193,-117.079355,46.780763,GPHY16_WW_C3_193_24-H_B,WW,,100,0,1,9.3,10.2,74.1,27.3,,61.5,,,,,,,,375.246063,,474.4914698
2016,194,-117.0789131,46.78066353,GPHY16_WW_C4_194_25-H_G,WW,,100,0,1,11.5,9.1,72.6,24,,59.7,,,,,,,,323.9829396,,
2016,195,-117.078519,46.780696,GPHY16_WW_C4_195_26-H_B,WW,,100,0,1,9,8.8,74.9,23.1,,59.8,,,,,,,,580.2985564,,713.5826772
2016,196,-117.078101,46.780701,GPHY16_WW_C5_196_27-H_B,WW,,100,0,1,9.8,7.8,74.1,19.5,,59.5,,,,,,,,475.3116798,,546.6699475
2016,197,-117.077683,46.780638,GPHY16_WW_C6_197_28-H_G,WW,,100,0,1,11.1,8.1,71,21.2,,61.5,,,,,,,,624.17979,,
2016,198,-117.077265,46.780802,GPHY16_WW_C6_198_29-H_G,WW,,100,0,1,11.4,7.4,73.1,18.5,,60.6,,,,,,,,360.4822835,,
2016,199,-117.076847,46.780576,GPHY16_WW_C7_199_30-H_G,WW,,100,0,1,12.2,7.2,71.7,18,,60.4,,,,,,,,453.5761155,,
2016,200,-117.0866262,46.7810531,GPHY16_SC_A1_200_7-I_B,SC,,100,0,1,,,,,,,,,,,,,,133.5,,562.5
2016,201,-117.086242,46.781049,GPHY16_SC_A1_201_8-I_B,SC,",grain bag ripped, slightly probably 107g lost",100,5.3,1,,,,,,,,,,,,,,73,,640
2016,202,-117.085824,46.780954,GPHY16_SC_A2_202_9-I_B,SC,,100,0,1,,,,,,,,,,,,,,231.5,,665
2016,203,-117.085406,46.781072,GPHY16_SC_A3_203_10-I_B,SC,,100,0,1,,,,,,,,,,,,,,170,,601
2016,204,-117.084988,46.78092,GPHY16_SC_A4_204_11-I_B,SC,,100,0,1,,,,,,,,,,,,,,204.5,,614.5
2016,205,-117.08457,46.781009,GPHY16_SC_A5_205_12-I_B,SC,,100,0,1,,,,,,,,,,,,,,235,,715
2016,206,-117.084152,46.780962,GPHY16_SC_A6_206_13-I_B,SC,,100,0,1,,,,,,,,,,,,,,275.5,,602.5
2016,207,-117.083755,46.78103938,GPHY16_SC_A6_207_14-I_B,SC,,100,0,1,,,,,,,,,,,,,,269.5,,786.5
2016,208,-117.083316,46.780946,GPHY16_SC_B1_208_15-I_B,SC,,100,0,1,,,,,,,,,,,,,,146,,456.5
2016,209,-117.082898,46.781015,GPHY16_SC_B2_209_16-I_B,SC,,100,0,1,,,,,,,,,,,,,,163.5,,607.5
2016,210,-117.08248,46.781052,GPHY16_SC_B3_210_17-I_B,SC,",Moisture outside limits",100,5.3,1,4,,,,48.4,52.1,,,,,,,,187.5,,758.5
2016,211,-117.082062,46.780854,GPHY16_SC_B4_211_18-I_B,SC,,100,0,1,,,,,,,,,,,,,,170.5,,693.5
2016,212,-117.081644,46.780993,GPHY16_SC_B4_212_19-I_B,SC,,100,0,1,,,,,,,,,,,,,,179.5,,677
2016,213,-117.081226,46.780995,GPHY16_SC_B5_213_20-I_B,SC,,100,0,1,,,,,,,,,,,,,,42.5,,198
2016,214,-117.080808,46.780851,GPHY16_SC_B6_214_21-I_B,SC,,100,0,1,,,,,,,,,,,,,,181.5,,637
2016,215,-117.0804377,46.78111806,GPHY16_SC_B6_215_22-I_B,SC,,100,0,1,,,,,,,,,,,,,,230.5,,607
2016,216,-117.079972,46.781085,GPHY16_SC_C1_216_23-I_B,SC,,100,0,1,,,,,,,,,,,,,,220,,623
2016,217,-117.079554,46.781049,GPHY16_SC_C2_217_24-I_B,SC,",Does this have the right grain yield?",100,5.3,1,,,,,,,,,,,,,,238,,635
2016,218,-117.079136,46.78097,GPHY16_WW_C3_218_25-I_G,WW,,100,0,1,11.1,10.2,70.1,27.3,,62.9,,,,,,,,460.1377953,,
2016,219,-117.078718,46.780982,GPHY16_WW_C3_219_26-I_G,WW,,100,0,1,11.2,9,70.9,24,,62.2,,,,,,,,428.9698163,,
2016,220,-117.0783,46.780987,GPHY16_WW_C4_220_27-I_B,WW,,100,0,1,10.1,9.1,74.3,23.9,,61.3,,,,,,,,648.3759843,,713.1725722
2016,221,-117.077882,46.780924,GPHY16_WW_C5_221_28-I_B,WW,,100,0,1,9.4,7.4,73.8,18.4,,59.7,,,,,,,,362.5328084,,387.9593176
2016,222,-117.077464,46.781088,GPHY16_WW_C5_222_29-I_G,WW,,100,0,1,11.1,9.3,71,25.9,,60.7,,,,,,,,376.066273,,
2016,223,-117.077046,46.780862,GPHY16_WW_C6_223_30-I_B,WW,,100,0,1,9.6,7.8,73.3,19.6,,60.8,,,,,,,,443.7335958,,538.4678478
2016,224,-117.076628,46.780986,GPHY16_WW_C7_224_31-I_G,WW,,100,5.3,1,11.3,6.8,73.1,16.1,,59.3,,,,,,,,399.4422572,,
2016,225,-117.086295,46.781365,GPHY16_SC_A1_225_7-J_B,SC,,100,0,1,,,,,,,,,,,,,,260,,738.5
2016,226,-117.0858613,46.78132062,GPHY16_SC_A2_226_8-J_B,SC,,100,0,1,,,,,,,,,,,,,,143,,735
2016,227,-117.0854328,46.78122203,GPHY16_SC_A3_227_9-J_B,SC,,100,0,1,,,,,,,,,,,,,,141.5,,472.5
2016,228,-117.085041,46.781358,GPHY16_SC_A3_228_10-J_B,SC,",Not a typo. Very small sample",100,0,1,,,,,,,,,,,,,,10.5,,182.5
2016,229,-117.084623,46.781206,GPHY16_SC_A4_229_11-J_B,SC,,100,0,1,,,,,,,,,,,,,,87.5,,545.5
2016,230,-117.084205,46.781295,GPHY16_SC_A5_230_12-J_B,SC,,100,0,1,,,,,,,,,,,,,,114,,419.5
2016,231,-117.083787,46.781248,HPGY16_SC_A6_231_13-J_B,SC,,100,0,1,,,,,,,,,,,,,,152,,402
2016,232,-117.0832823,46.78127044,GPHY16_SC_B1_232_14-J_B,SC,,100,0,1,,,,,,,,,,,,,,185.5,,522
2016,233,-117.082951,46.781232,GPHY16_SC_B1_233_15-J_B,SC,,100,0,1,,,,,,,,,,,,,,122.5,,357
2016,234,-117.082533,46.781301,GPHY16_SC_B2_234_16-J_B,SC,,100,0,1,,,,,,,,,,,,,,178,,745.5
2016,235,-117.082115,46.781338,GPHY16_SC_B3_235_17-J_B,SC,,100,0,1,4.2,,,,49,50.6,,,,,,,,286,,738
2016,236,-117.081697,46.78114,GPHY16_SC_B4_236_18-J_B,SC,,100,0,1,,,,,,,,,,,,,,272.5,,859.5
2016,237,-117.0812437,46.78126348,GPHY16_SC_B5_237_19-J_B,SC,,100,0,1,,,,,,,,,,,,,,281,,542.5
2016,238,-117.080861,46.781281,GPHY16_SC_B5_238_20-J_B,SC,,100,0,1,,,,,,,,,,,,,,238,,784
2016,239,-117.080455,46.78115338,GPHY16_SC_B6_239_21-J_B,SC,,100,0,1,,,,,,,,,,,,,,222,,574
2016,240,-117.0801105,46.78144636,GPHY16_SC_B6_240_22-J_B,SC,,100,0,1,,,,,,,,,,,,,,218,,553.5
2016,241,-117.079607,46.781371,GPHY16_SC_C1_241_23-J_B,SC,,100,0,1,,,,,,,,,,,,,,215,,644
2016,242,-117.079189,46.781335,GPHY16_WW_C2_242_24-J_G,WW,,100,0,1,10.5,10.3,72.7,27.6,,62,,,,,,,,636.0728346,,
2016,243,-117.078771,46.781256,GPHY16_WW_C3_243_25-J_B,WW,,100,0,1,11,9.3,72,25.4,,61.5,,,,,,,,334.2355643,,451.9356955
2016,244,-117.0783888,46.78129256,GPHY16_WW_C3_244_26-J_G,WW,,100,0,1,11.1,9.5,70.2,26.1,,62.7,,,,,,,,401.9028871,,
2016,245,-117.077935,46.781273,GPHY16_WW_C4_245_27-J_B,WW,,100,0,1,10.1,9.1,74,23.7,,60.9,,,,,,,,663.1397638,,720.5544619
2016,246,-117.077517,46.78121,GPHY16_WW_C5_246_28-J_B,WW,,100,0,1,9.1,8.6,74.9,22.1,,60.1,,,,,,,,301.4271654,,334.6456693
2016,247,-117.077099,46.781374,GPHY16_WW_C5_247_29-J_G,WW,,100,0,1,11.2,8.3,71.6,22.2,,60.6,,,,,,,,567.5853018,,
2016,248,-117.0766989,46.78116437,GPHY16_WW_C6_248_30-J_G,WW,,100,0,1,11.3,7.3,72.3,18.6,,59.7,,,,,,,,539.6981627,,
2016,249,-117.085864,46.781526,GPHY16_SC_A1_249_9-K_B,SC,",found empty, unused residue bag",100,0,1,,,,,,,,,,,,,,,,
2016,250,-117.085446,46.781644,GPHY16_SC_A2_250_10-K_B,SC,,100,0,1,,,,,,,,,,,,,,131.5,,739
2016,251,-117.085028,46.781492,GPHY16_SC_A3_251_11-K_B,SC,,100,0,1,,,,,,,,,,,,,,80.5,,351.5
2016,252,-117.0845785,46.78155584,GPHY16_SC_A4_252_12-K_B,SC,,100,0,1,,,,,,,,,,,,,,126.5,,455
2016,253,-117.084192,46.781534,GPHY16_SC_A4_253_13-K_B,SC,,100,0,1,,,,,,,,,,,,,,168,,424.5
2016,254,-117.083774,46.781597,GPHY16_SC_A5_254_14-K_B,SC,,100,0,1,,,,,,,,,,,,,,236,,680
2016,255,-117.083356,46.781518,GPHY16_SC_A6_255_15-K_B,SC,,100,0,1,,,,,,,,,,,,,,296,,670.5
2016,256,-117.082938,46.781587,GPHY16_SC_B1_256_16-K_B,SC,,100,0,1,,,,,,,,,,,,,,188,,649.5
2016,257,-117.08252,46.781624,GPHY16_SC_B1_257_17-K_B,SC,,100,0,1,,,,,,,,,,,,,,186.5,,601.5
2016,258,-117.082102,46.781426,GPHY16_SC_B3_258_18-K_B,SC,,100,0,1,,,,,,,,,,,,,,172,,679.5
2016,259,-117.081684,46.781565,GPHY16_SC_B3_259_19-K_B,SC,",Moisture outside limits",100,5.3,1,3.8,,,,49.6,48.4,,,,,,,,289,,692
2016,260,-117.081266,46.781567,GPHY16_SC_B4_260_20-K_B,SC,,100,0,1,,,,,,,,,,,,,,152.5,,657
2016,261,-117.080848,46.781423,GPHY16_SC_B5_261_21-K_B,SC,,100,0,1,,,,,,,,,,,,,,233.5,,790.5
2016,262,-117.08043,46.781686,GPHY16_SC_B5_262_22-K_B,SC,,100,0,1,,,,,,,,,,,,,,121.5,,341
2016,263,-117.080012,46.781657,GPHY16_SC_B6_263_23-K_B,SC,,100,0,1,,,,,,,,,,,,,,225.5,,680.5
2016,264,-117.079594,46.781621,GPHY16_SC_C1_264_24-K_B,SC,",Did the grain yield of this get mixed up with 24-H? Should this be 427?",100,5.3,1,,,,,,,,,,,,,,267,,656.5
2016,265,-117.0791581,46.78153382,GPHY16_WW_C2_265_25-K_B,WW,,100,0,1,9.1,9.7,74.2,26.3,,60.2,,,,,,,,484.3339895,,511.8110236
2016,266,-117.078758,46.781554,GPHY16_WW_C2_266_26-K_G,WW,,100,0,1,10.9,10.7,72.8,27.4,,61.5,,,,,,,,595.4724409,,
2016,267,-117.07834,46.781559,GPHY16_WW_C3_267_27-K_B,WW,,100,0,1,10.9,10.5,72.8,27.6,,61.4,,,,,,,,426.5091864,,512.6312336
2016,268,-117.077922,46.781496,GPHY16_WW_C4_268_28-K_G,WW,,100,0,1,11.4,8.2,72,21.1,,60.1,,,,,,,,334.6456693,,
2016,269,-117.077504,46.78166,GPHY16_WW_C4_269_29-K_G,WW,,100,5.3,1,12.2,6.5,69.2,17.3,,60.1,,,,,,,,498.2775591,,
2016,270,-117.077086,46.781434,GPHY16_WW_C5_270_30-K_G,WW,,100,0,1,11.3,7.9,72.8,20.5,,60.2,,,,,,,,629.5111549,,
2016,271,-117.076668,46.781558,GPHY16_WW_C6_271_31-K_G,WW,,100,0,1,11.3,7.3,72.4,17.7,,59.3,,,,,,,,366.2237533,,
2016,272,-117.08559,46.781812,GPHY16_SC_A1_272_9-L_B,SC,,100,0,1,,,,,,,,,,,,,,105.5,,588.5
2016,273,-117.085172,46.78193,GPHY16_SC_A2_273_10-L_B,SC,,100,0,1,,,,,,,,,,,,,,99.5,,596.5
2016,274,-117.084754,46.781778,GPHY16_SC_A3_274_11-L_B,SC,,100,0,1,,,,,,,,,,,,,,141.5,,561
2016,275,-117.084357,46.78187778,GPHY16_SC_A3_275_12-L_B,SC,,100,0,1,,,,,,,,,,,,,,179.5,,653
2016,276,-117.083918,46.78182,GPHY16_SC_A4_276_13-L_B,SC,,100,0,1,,,,,,,,,,,,,,225,,635.5
2016,277,-117.0835,46.781883,GPHY16_SC_A5_277_14-L_B,SC,,100,0,1,,,,,,,,,,,,,,193.5,,652.5
2016,278,-117.083082,46.781804,GPHY16_SC_A6_278_15-L_B,SC,,100,0,1,,,,,,,,,,,,,,86.5,,698.5
2016,279,-117.0826501,46.78185937,GPHY16_SC_B1_279_16-L_B,SC,,100,0,1,,,,,,,,,,,,,,211.5,,575
2016,280,-117.082246,46.78191,GPHY16_SC_B1_280_17-L_B,SC,,100,0,1,,,,,,,,,,,,,,240,,672
2016,281,-117.0818123,46.78170482,GPHY16_SC_B3_281_18-L_B,SC,,100,0,1,,,,,,,,,,,,,,182,,483.5
2016,282,-117.08141,46.781851,GPHY16_SC_B3_282_19-L_B,SC,,100,0,1,,,,,,,,,,,,,,248.5,,560
2016,283,-117.080992,46.781853,GPHY16_SC_B4_283_20-L_B,SC,,100,0,1,,,,,,,,,,,,,,147.5,,524
2016,284,-117.080574,46.781709,GPHY16_SC_B5_284_21-L_B,SC,,100,0,1,,,,,,,,,,,,,,210.5,,608.5
2016,285,-117.080156,46.781972,GPHY16_SC_B5_285_22-L_B,SC,,100,0,1,,,,,,,,,,,,,,179.5,,636
2016,286,-117.079738,46.781943,GPHY16_SC_B6_286_23-L_B,SC,,100,0,1,,,,,,,,,,,,,,219.5,,771.5
2016,287,-117.07932,46.781907,GPHY16_WW_C1_287_24-L_B,WW,,100,0,1,9.1,10.4,74,27.9,,60.7,,,,,,,,372.3753281,,390.0098425
2016,288,-117.0788662,46.78180208,GPHY16_WW_C2_288_25-L_H,WW,,100,0,1,11.3,8.7,72.9,23.3,,60.8,,,,,,,,628.2808399,,
2016,289,-117.078484,46.78184,GPHY16_WW_C2_289_26-L_G,WW,,100,0,1,11.5,10.4,70.6,27.1,,61.2,,,,,,,,577.8379265,,
2016,290,-117.078066,46.781845,GPHY16_WW_C3_290_27-L_G,WW,,100,0,1,10.2,9.2,71.9,24.9,,62.9,,,,,,,,564.3044619,,
2016,291,-117.077648,46.781782,GPHY16_WW_C4_291_28-L_G,WW,,100,0,1,11.3,9.1,72.5,24.8,,59.4,,,,,,,,367.0439633,,
2016,292,-117.07723,46.781946,GPHY16_WW_C4_292_29-L_G,WW,,100,0,1,12,8.4,71.5,22.9,,59.3,,,,,,,,556.1023622,,
2016,293,-117.076812,46.78172,GPHY16_WW_C5_293_30-L_G,WW,,100,0,1,11.3,8.8,72.5,23.1,,60.3,,,,,,,,515.9120735,,
2016,297,-117.085536,46.782098,GPHY16_SC_A1_297_9-M_B,SC,,100,0,1,,,,,,,,,,,,,,222.5,,619
2016,298,-117.085118,46.782216,GPHY16_SC_A1_298_10-M_B,SC,,100,0,1,,,,,,,,,,,,,,220.5,,649
2016,299,-117.0847,46.782064,GPHY16_SC_A2_299_11-M_B,SC,,100,0,1,,,,,,,,,,,,,,270.5,,718.5
2016,300,-117.084282,46.782153,GPHY16_SC_A3_300_12-M_B,SC,,100,0,1,,,,,,,,,,,,,,258.5,,686.5
2016,301,-117.083864,46.782106,GPHY16_SC_A4_301_13-M_B,SC,,100,0,1,,,,,,,,,,,,,,156.5,,672
2016,302,-117.0834303,46.78215462,GPHY16_SC_A5_302_14-M_B,SC,,100,0,1,,,,,,,,,,,,,,76,,648.5
2016,303,-117.0830123,46.78207922,GPHY16_SC_A6_303_15-M_B,SC,,100,0,1,,,,,,,,,,,,,,109.5,,887
2016,304,-117.08261,46.782159,GPHY16_SC_A6_304_16-M_B,SC,,100,0,1,,,,,,,,,,,,,,115.5,,517.5
2016,305,-117.082192,46.782196,GPHY16_SC_B1_305_17-M_B,SC,,100,0,1,,,,,,,,,,,,,,199,,604.5
2016,306,-117.081774,46.781998,GPHY16_SC_B2_306_18-M_B,SC,,100,0,1,,,,,,,,,,,,,,202.5,,706
2016,307,-117.081356,46.782137,GPHY16_SC_B3_307_19-M_B,SC,,100,0,1,,,,,,,,,,,,,,264.5,,647
2016,308,-117.080938,46.782139,GPHY16_SC_B3_308_20-M_B,SC,,100,0,1,,,,,,,,,,,,,,203,,606.5
2016,309,-117.080499,46.78197702,GPHY16_SC_B5_309_21-M_B,SC,,100,0,1,,,,,,,,,,,,,,208,,614.5
2016,310,-117.080102,46.782258,GPHY16_SC_B5_310_22-M_B,SC,",Moisture outside limits",100,5.3,1,4.1,,,,50.4,49.9,,,,,,,,318.5,,650
2016,311,-117.079684,46.782229,GPHY16_SC_B6_311_23-M_B,SC,,100,0,1,,,,,,,,,,,,,,168,,641
2016,312,-117.0793018,46.78221346,GPHY16_SC_B6_312_24-M_B,SC,,100,0,1,,,,,,,,,,,,,,261,,727.5
2016,313,-117.078848,46.782114,GPHY16_WW_C1_313_25-M_G,WW,,100,0,1,11.3,9.5,71.7,26,,60.9,,,,,,,,575.7874016,,
2016,314,-117.07843,46.782126,GPHY16_WW_C2_314_26-M_G,WW,,100,0,1,11.6,9.4,72.5,24.9,,59.6,,,,,,,,449.8851706,,
2016,315,-117.0780418,46.78214737,GPHY16_WW_C2_315_27-M_G,WW,,100,0,1,12,10.4,70,27.6,,61.6,,,,,,,,489.6653543,,
2016,316,-117.077594,46.782068,GPHY16_WW_C3_316_28-M_G,WW,,100,0,1,11.1,8.4,71.4,22.6,,60.9,,,,,,,,437.582021,,
2016,323,-117.0851352,46.78249248,GPHY16_SC_A1_323_10-N_B,SC,,100,0,1,,,,,,,,,,,,,,163,,674
2016,324,-117.084751,46.78235,GPHY16_SC_A2_324_11-N_B,SC,,100,0,1,,,,,,,,,,,,,,137.5,,881
2016,325,-117.084333,46.782439,GPHY16_SC_A2_325_12-N_B,SC,,100,0,1,,,,,,,,,,,,,,264.5,,581.5
2016,326,-117.083915,46.782392,GPHY16_SC_A3_326_13-N_B,SC,,100,0,1,,,,,,,,,,,,,,229,,629.5
2016,327,-117.083497,46.782455,GPHY16_SC_A4_327_14-N_B,SC,,100,0,1,,,,,,,,,,,,,,148.5,,748.5
2016,328,-117.083079,46.782376,GPHY16_SC_A5_328_15-N_B,SC,,100,0,1,,,,,,,,,,,,,,173,,605.5
2016,329,-117.0826453,46.78243782,GPHY16_SC_A6_329_16-N_B,SC,,100,0,1,,,,,,,,,,,,,,191.5,,564
2016,330,-117.082243,46.782482,GPHY16_SC_A6_330_17-N_B,SC,,100,0,1,,,,,,,,,,,,,,149.5,,540
2016,331,-117.081825,46.782284,GPHY16_SC_B1_331_18-N_B,SC,,100,0,1,,,,,,,,,,,,,,182.5,,526.5
2016,332,-117.081407,46.782423,GPHY16_SC_B2_332_19-N_B,SC,,100,0,1,,,,,,,,,,,,,,243.5,,597.5
2016,333,-117.080989,46.782425,GPHY16_SC_B3_333_20-N_B,SC,,100,0,1,,,,,,,,,,,,,,202,,576.5
2016,334,-117.080571,46.782281,GPHY16_SC_B4_334_21-N_B,SC,,100,0,1,,,,,,,,,,,,,,241,,692.5
2016,335,-117.080153,46.782544,GPHY16_SC_B4_335_22-N_B,SC,,100,0,1,,,,,,,,,,,,,,139,,541
2016,336,-117.079735,46.782515,GPHY16_SC_B5_336_23-N_B,SC,",Moisture outside limits",100,5.3,1,4.1,,,,50.6,49.9,,,,,,,,301,,696.5
2016,337,-117.079317,46.782479,GPHY16_SC_B6_337_24-N_B,SC,,100,0,1,,,,,,,,,,,,,,261.5,,678
2016,338,-117.078891,46.78239455,GPHY16_WW_C1_338_25-N_G,WW,,100,0,1,11.6,9.4,71,26.1,,59.7,,,,,,,,283.7926509,,
2016,348,-117.084617,46.782636,GPHY16_SC_A1_348_11-O_B,SC,,100,0,1,,,,,,,,,,,,,,357.5,,977.5
2016,349,-117.084199,46.782725,GPHY16_SC_A2_349_12-O_B,SC,,100,0,1,,,,,,,,,,,,,,207.5,,853
2016,350,-117.083781,46.782678,GPHY16_SC_A3_350_13-O_B,SC,,100,0,1,,,,,,,,,,,,,,100.5,,716
2016,351,-117.083363,46.782741,GPHY16_SC_A4_351_14-O_B,SC,,100,0,1,,,,,,,,,,,,,,232.5,,694
2016,352,-117.0829188,46.78264763,GPHY16_SC_A5_352_15-O_B,SC,,100,0,1,,,,,,,,,,,,,,100,,832.5
2016,353,-117.082527,46.782731,GPHY16_SC_A5_353_16-O_B,SC,,100,0,1,,,,,,,,,,,,,,90.5,,810.5
2016,354,-117.082109,46.782768,GPHY16_SC_A6_354_17-O_B,SC,,100,0,1,,,,,,,,,,,,,,259.5,,647
2016,355,-117.081691,46.78257,GPHY16_SC_B1_355_18-O_B,SC,,100,0,1,,,,,,,,,,,,,,226,,714
2016,356,-117.081273,46.782709,GPHY16_SC_B2_356_19-O_B,SC,,100,0,1,,,,,,,,,,,,,,205.5,,718
2016,357,-117.080855,46.782711,GPHY16_SC_B2_357_20-O_B,SC,,100,0,1,,,,,,,,,,,,,,280,,767.5
2016,358,-117.0804141,46.78255608,GPHY16_SC_B4_358_21-O_B,SC,,100,0,1,,,,,,,,,,,,,,247.5,,847.5
2016,359,-117.080019,46.78283,GPHY16_SC_B4_359_22-O_B,SC,,100,0,1,,,,,,,,,,,,,,317.5,,934.5
2016,360,-117.079601,46.782801,GPHY16_SC_B5_360_23-O_B,SC,,100,0,1,,,,,,,,,,,,,,265,,852.5
2016,371,-117.0842298,46.78296597,GPHY16_SC_A1_371_12-P_B,SC,,100,0,1,,,,,,,,,,,,,,195,,731
2016,372,-117.083798,46.782964,GPHY16_SC_A2_372_13-P_B,SC,,100,0,1,,,,,,,,,,,,,,133,,784.5
2016,373,-117.08338,46.783027,GPHY16_SC_A3_373_14-P_B,SC,,100,0,1,,,,,,,,,,,,,,202.5,,485.5
2016,374,-117.082962,46.782948,GPHY16_SC_A4_374_15-P_B,SC,,100,0,1,,,,,,,,,,,,,,100,,772.5
2016,375,-117.0825283,46.78300622,GPHY16_SC_A5_375_16-P_B,SC,,100,0,1,,,,,,,,,,,,,,198,,618.5
2016,376,-117.082126,46.783054,GPHY16_SC_A5_376_17-P_B,SC,,100,0,1,,,,,,,,,,,,,,192,,813.5
2016,377,-117.0816503,46.78282132,GPHY16_SC_B1_377_18-P_B,SC,,100,0,1,,,,,,,,,,,,,,345,,807.5
2016,378,-117.08129,46.782995,GPHY16_SC_B1_378_19-P_B,SC,,100,0,1,,,,,,,,,,,,,,210.5,,649
2016,379,-117.080872,46.782997,GPHY16_SC_B2_379_20-P_B,SC,",Moisture outside limits",100,5.3,1,4.1,,,,50.9,47.5,,,,,,,,207,,490.5
2016,380,-117.080454,46.782853,GPHY16_SC_B3_380_21-P_B,SC,,100,0,1,,,,,,,,,,,,,,203,,681
2016,381,-117.080036,46.783116,GPHY16_SC_B3_381_22-P_B,SC,,100,0,1,,,,,,,,,,,,,,313,,847
2016,394,-117.0839098,46.78312585,GPHY16_SC_A2_394_13-Q_B,SC,,100,0,1,,,,,,,,,,,,,,139.5,,619.5
2016,395,-117.083498,46.783313,GPHY16_SC_A2_395_14-Q_B,SC,,100,0,1,,,,,,,,,,,,,,187,,585.5
2016,396,-117.08308,46.783234,GPHY16_SC_A3_396_15-Q_B,SC,,100,0,1,,,,,,,,,,,,,,237,,543
2016,397,-117.082662,46.783303,GPHY16_SC_A4_397_16-Q_B,SC,,100,0,1,,,,,,,,,,,,,,231,,676
2016,398,-117.0822755,46.78335797,GPHY16_SC_A4_398_17-Q_B,SC,,100,0,1,,,,,,,,,,,,,,216,,537
2016,399,-117.081826,46.783142,GPHY16_SC_A6_399_18-Q_B,SC,,100,0,1,,,,,,,,,,,,,,133.5,,478.5
2016,400,-117.081408,46.783281,GPHY16_SC_A6_400_19-Q_B,SC,,100,0,1,,,,,,,,,,,,,,278.5,,711.5
2016,401,-117.08099,46.783283,GPHY16_SC_B1_401_20-Q_B,SC,",Moisture outside limits",100,5.3,1,4.2,,,,48.7,42.4,,,,,,,,278.5,,696.5
2016,402,-117.080572,46.783139,GPHY16_SC_B2_402_12-Q_B,SC,,100,0,1,,,,,,,,,,,,,,231,,698
2016,419,-117.0832106,46.7834571,GPHY16_SC_A2_419_15-R_B,SC,,100,0,1,,,,,,,,,,,,,,233.5,,591
2016,420,-117.0827709,46.78351532,GPHY16_SC_A3_420_16-R_B,SC,,100,0,1,,,,,,,,,,,,,,241.5,,536.5
2016,421,-117.0823668,46.78355231,GPHY16_SC_A4_421_17-R_B,SC,,100,0,1,,,,,,,,,,,,,,135,,691
2016,422,-117.081933,46.783428,GPHY16_SC_A5_422_18-R_B,SC,,100,0,1,,,,,,,,,,,,,,203,,645.5
2016,423,-117.0814835,46.78355263,GPHY16_SC_A6_423_19-R_B,SC,,100,0,1,,,,,,,,,,,,,,282,,693.5
2016,424,-117.081097,46.783569,GPHY16_SC_A6_424_20-R_B,SC,,100,0,1,,,,,,,,,,,,,,315,,659
2016,425,-117.080679,46.783425,GPHY16_SC_B1_425_21-R_B,SC,,100,0,1,,,,,,,,,,,,,,222,,681
